------------------------------------------------
1	20
1	22
1	23
1	26
1	26
1	28
1	28
1	54
1	68
1	74
1	74
1	79
1	89
1	89
1	90
1	91
1	93
1	95
1	95
1	97
1	102
1	104
1	106
1	107
1	110
1	111
1	111
1	111
1	112
1	112
1	113
1	116
1	117
1	120
1	121
1	127
1	129
1	129
1	130
1	131
1	131
1	133
1	133
1	133
1	136
1	136
1	137
1	137
1	138
1	138
1	139
1	140
1	141
1	141
1	142
1	143
1	144
1	145
1	146
1	150
1	151
1	152
1	152
1	154
1	155
1	156
1	156
1	161
1	161
1	162
1	163
1	163
1	163
1	165
1	165
1	166
1	167
1	167
1	167
1	167
1	168
1	170
1	175
1	175
1	179
1	180
1	182
1	183
1	183
1	183
1	187
1	188
1	188
1	188
1	190
1	190
1	191
1	191
1	192
1	193
1	199
1	199
1	200
1	200
1	200
1	202
1	205
1	206
1	209
1	209
1	211
1	213
1	213
1	214
1	215
1	215
1	215
1	215
1	216
1	216
1	217
1	217
1	218
1	220
1	221
1	225
1	225
1	226
1	227
1	231
1	231
1	231
1	235
1	235
1	236
1	236
1	240
1	241
1	242
1	243
1	245
1	248
1	248
1	249
1	251
1	252
1	254
1	254
1	255
1	255
1	261
1	261
1	263
1	264
1	264
1	264
1	265
1	266
1	267
1	267
1	268
1	268
1	269
1	270
1	272
1	272
1	275
1	276
1	276
1	276
1	278
1	279
1	280
1	280
1	285
1	286
1	286
1	288
1	288
1	290
1	291
1	293
1	294
1	294
1	299
1	302
1	303
1	304
1	304
1	306
1	307
1	312
1	314
1	314
1	315
1	317
1	321
1	321
1	322
1	322
1	322
1	323
1	325
1	327
1	328
1	331
1	334
1	334
1	334
1	336
1	337
1	338
1	338
1	338
1	340
1	346
1	346
1	346
1	347
1	347
1	348
1	350
1	351
1	352
1	352
1	353
1	353
1	354
1	354
1	355
1	356
1	356
1	356
1	358
1	359
1	360
1	360
1	360
1	361
1	361
1	361
1	361
1	361
1	364
1	364
1	365
1	366
1	366
1	366
1	368
1	368
1	368
1	369
1	369
1	369
1	370
1	370
1	370
1	371
1	372
1	372
1	373
1	373
1	374
1	375
1	376
1	376
1	380
1	383
1	385
1	386
1	388
1	389
1	389
1	390
1	392
1	392
1	393
1	394
1	395
1	395
1	395
1	397
1	397
1	399
1	402
1	402
1	402
1	402
1	403
1	404
1	404
1	404
1	405
1	406
1	406
1	406
1	407
1	408
1	410
1	411
1	411
1	411
1	412
1	413
1	415
1	415
1	415
1	417
1	417
1	418
1	422
1	425
1	425
1	425
1	425
1	425
1	425
1	426
1	426
1	427
1	428
1	428
1	429
1	429
1	431
1	432
1	435
1	436
1	437
1	438
1	438
1	440
1	440
1	440
1	442
1	442
1	442
1	445
1	445
1	446
1	447
1	449
1	450
1	451
1	451
1	453
1	454
1	454
1	454
1	455
1	455
1	455
1	456
1	457
1	457
1	457
1	458
1	458
1	461
1	462
1	462
1	462
1	463
1	463
1	463
1	464
1	466
1	468
1	469
1	469
1	469
1	470
1	471
1	472
1	473
1	473
1	476
1	476
1	476
1	479
1	480
1	480
1	481
1	482
1	482
1	482
1	483
1	483
1	483
1	484
1	488
1	489
1	490
1	491
1	491
1	492
1	492
1	492
1	492
1	496
1	497
1	497
1	499
1	500
1	501
1	502
1	502
1	503
1	503
1	503
1	504
1	504
1	506
1	506
1	506
1	507
1	508
1	508
1	508
1	509
1	509
1	509
1	511
1	512
1	512
1	516
1	516
1	517
1	517
1	518
1	518
1	519
1	520
1	520
1	521
1	521
1	521
1	521
1	522
1	522
1	522
1	523
1	523
1	524
1	524
1	525
1	525
1	525
1	526
1	527
1	527
1	527
1	529
1	530
1	532
1	533
1	534
1	535
1	535
1	537
1	538
1	538
1	539
1	540
1	541
1	542
1	543
1	544
1	544
1	544
1	547
1	548
1	549
1	549
1	549
1	551
1	552
1	552
1	552
1	552
1	552
1	552
1	553
1	553
1	553
1	553
1	553
1	554
1	554
1	555
1	556
1	557
1	557
1	557
1	557
1	557
1	558
1	559
1	560
1	560
1	561
1	562
1	562
1	562
1	562
1	563
1	565
1	566
1	566
1	566
1	566
1	566
1	567
1	567
1	568
1	568
1	569
1	569
1	570
1	571
1	571
1	572
1	572
1	574
1	574
1	575
1	575
1	577
1	579
1	580
1	582
1	583
1	583
1	583
1	584
1	584
1	585
1	586
1	587
1	587
1	587
1	588
1	591
1	592
1	592
1	592
1	592
1	593
1	593
1	593
1	593
1	593
1	594
1	594
1	597
1	598
1	598
1	599
1	599
1	599
1	600
1	601
1	601
1	601
1	602
1	602
1	603
1	604
1	605
1	605
1	605
1	605
1	605
1	606
1	606
1	606
1	608
1	609
1	610
1	610
1	610
1	612
1	612
1	612
1	612
1	613
1	614
1	614
1	614
1	615
1	615
1	616
1	616
1	617
1	617
1	617
1	618
1	620
1	620
1	621
1	622
1	622
1	623
1	623
1	623
1	623
1	623
1	624
1	624
1	625
1	625
1	625
1	625
1	625
1	626
1	626
1	628
1	629
1	629
1	630
1	630
1	630
1	631
1	633
1	633
1	633
1	633
1	634
1	634
1	634
1	635
1	635
1	635
1	637
1	637
1	637
1	637
1	637
1	637
1	638
1	638
1	639
1	641
1	641
1	643
1	644
1	645
1	646
1	646
1	647
1	647
1	650
1	650
1	650
1	651
1	652
1	655
1	655
1	656
1	656
1	657
1	657
1	657
1	658
1	658
1	658
1	658
1	659
1	659
1	659
1	659
1	659
1	660
1	661
1	662
1	662
1	662
1	662
1	662
1	663
1	663
1	663
1	664
1	664
1	666
1	666
1	666
1	667
1	667
1	668
1	668
1	668
1	668
1	669
1	669
1	670
1	670
1	670
1	670
1	672
1	674
1	674
1	675
1	675
1	675
1	676
1	676
1	676
1	677
1	677
1	677
1	678
1	678
1	678
1	678
1	679
1	679
1	680
1	682
1	682
1	683
1	684
1	684
1	685
1	685
1	686
1	686
1	688
1	688
1	689
1	689
1	690
1	691
1	691
1	693
1	694
1	694
1	695
1	695
1	695
1	697
1	697
1	698
1	698
1	699
1	699
1	699
1	701
1	702
1	703
1	703
1	704
1	705
1	705
1	706
1	706
1	706
1	706
1	707
1	707
1	707
1	707
1	708
1	708
1	710
1	710
1	711
1	711
1	713
1	713
1	714
1	716
1	717
1	718
1	719
1	719
1	720
1	721
1	721
1	721
1	721
1	721
1	722
1	723
1	723
1	723
1	724
1	726
1	726
1	726
1	727
1	727
1	728
1	728
1	730
1	730
1	733
1	733
1	733
1	733
1	736
1	736
1	737
1	738
1	738
1	738
1	739
1	739
1	739
1	741
1	741
1	741
1	741
1	742
1	743
1	743
1	744
1	744
1	746
1	746
1	747
1	747
1	747
1	747
1	747
1	749
1	749
1	750
1	750
1	750
1	750
1	751
1	752
1	753
1	753
1	754
1	754
1	754
1	759
1	760
1	761
1	761
1	761
1	762
1	762
1	764
1	764
1	764
1	765
1	766
1	766
1	766
1	767
1	768
1	769
1	769
1	769
1	770
1	770
1	770
1	770
1	771
1	771
1	771
1	771
1	772
1	772
1	773
1	773
1	774
1	775
1	775
1	776
1	777
1	777
1	778
1	779
1	779
1	779
1	779
1	780
1	780
1	780
1	780
1	781
1	781
1	782
1	783
1	784
1	784
1	785
1	785
1	786
1	786
1	787
1	789
1	790
1	791
1	791
1	792
1	792
1	792
1	792
1	793
1	793
1	793
1	793
1	794
1	795
1	796
1	796
1	797
1	797
1	798
1	800
1	800
1	801
1	801
1	801
1	802
1	803
1	804
1	804
1	804
1	806
1	806
1	806
1	806
1	806
1	807
1	807
1	807
1	808
1	808
1	809
1	809
1	810
1	810
1	811
1	812
1	813
1	813
1	815
1	816
1	816
1	816
1	817
1	818
1	818
1	818
1	818
1	819
1	819
1	819
1	820
1	820
1	821
1	821
1	821
1	823
1	825
1	825
1	827
1	828
1	829
1	829
1	830
1	830
1	830
1	831
1	831
1	832
1	832
1	833
1	833
1	834
1	835
1	836
1	836
1	836
1	837
1	837
1	838
1	838
1	840
1	840
1	841
1	841
1	841
1	841
1	841
1	841
1	843
1	843
1	846
1	848
1	848
1	848
1	849
1	850
1	850
1	851
1	851
1	851
1	852
1	852
1	853
1	854
1	855
1	855
1	855
1	856
1	858
1	859
1	859
1	860
1	860
1	860
1	860
1	862
1	863
1	864
1	864
1	864
1	864
1	865
1	865
1	865
1	866
1	866
1	866
1	867
1	867
1	867
1	868
1	868
1	870
1	871
1	871
1	871
1	872
1	873
1	873
1	875
1	876
1	876
1	876
1	877
1	877
1	877
1	877
1	878
1	878
1	879
1	879
1	879
1	880
1	880
1	880
1	880
1	880
1	882
1	883
1	883
1	883
1	883
1	883
1	884
1	884
1	885
1	885
1	886
1	887
1	888
1	889
1	889
1	889
1	889
1	889
1	889
1	890
1	890
1	890
1	891
1	891
1	892
1	894
1	894
1	894
1	895
1	895
1	896
1	897
1	897
1	899
1	899
1	899
1	900
1	900
1	901
1	903
1	904
1	905
1	905
1	905
1	906
1	906
1	907
1	908
1	908
1	908
1	909
1	909
1	909
1	910
1	912
1	912
1	912
1	912
1	913
1	915
1	915
1	915
1	916
1	916
1	918
1	918
1	919
1	920
1	920
1	920
1	920
1	921
1	921
1	922
1	923
1	923
1	924
1	925
1	925
1	925
1	925
1	926
1	926
1	926
1	926
1	926
1	928
1	928
1	929
1	929
1	930
1	932
1	934
1	934
1	934
1	934
1	934
1	935
1	935
1	935
1	936
1	936
1	936
1	936
1	937
1	937
1	937
1	937
1	937
1	937
1	937
1	938
1	938
1	939
1	939
1	939
1	939
1	940
1	940
1	940
1	940
1	941
1	941
1	942
1	942
1	943
1	943
1	944
1	944
1	944
1	944
1	945
1	945
1	945
1	947
1	947
1	947
1	947
1	948
1	949
1	950
1	951
1	951
1	951
1	951
1	952
1	952
1	952
1	953
1	953
1	953
1	953
1	954
1	954
1	954
1	955
1	955
1	957
1	957
1	957
1	959
1	959
1	959
1	959
1	960
1	960
1	960
1	960
1	961
1	962
1	963
1	964
1	964
1	965
1	965
1	965
1	966
1	966
1	968
1	969
1	969
1	970
1	970
1	970
1	971
1	971
1	972
1	972
1	972
1	973
1	974
1	974
1	975
1	975
1	975
1	976
1	976
1	977
1	977
1	978
1	979
1	979
1	979
1	980
1	981
1	981
1	981
1	982
1	983
1	984
1	985
1	985
1	985
1	986
1	986
1	987
1	987
1	987
1	988
1	988
1	988
1	989
1	990
1	991
1	991
1	992
1	992
1	992
1	993
1	993
1	993
1	993
1	993
1	994
1	995
1	995
1	996
1	997
1	997
1	997
1	998
1	998
1	998
1	998
1	998
1	999
1	1000
1	1000
1	1000
1	1000
1	1000
1	1001
1	1001
1	1002
1	1002
1	1002
1	1002
1	1002
1	1003
1	1003
1	1003
1	1004
1	1005
1	1005
1	1005
1	1005
1	1005
1	1005
1	1006
1	1006
1	1006
1	1007
1	1007
1	1007
1	1007
1	1008
1	1008
1	1008
1	1009
1	1010
1	1010
1	1010
1	1010
1	1011
1	1011
1	1011
1	1012
1	1012
1	1012
1	1013
1	1013
1	1013
1	1014
1	1014
1	1014
1	1014
1	1015
1	1015
1	1015
1	1016
1	1016
1	1017
1	1017
1	1018
1	1018
1	1018
1	1019
1	1019
1	1020
1	1020
1	1020
1	1021
1	1021
1	1021
1	1022
1	1022
1	1022
1	1023
1	1024
1	1024
1	1025
1	1025
1	1025
1	1025
1	1025
1	1025
1	1025
1	1026
1	1026
1	1026
1	1026
1	1026
1	1027
1	1027
1	1028
1	1028
1	1028
1	1029
1	1029
1	1029
1	1031
1	1031
1	1032
1	1032
1	1033
1	1033
1	1033
1	1034
1	1034
1	1034
1	1034
1	1034
1	1035
1	1035
1	1035
1	1036
1	1037
1	1037
1	1038
1	1039
1	1040
1	1040
1	1040
1	1041
1	1042
1	1042
1	1042
1	1043
1	1044
1	1044
1	1045
1	1045
1	1045
1	1046
1	1047
1	1047
1	1047
1	1047
1	1047
1	1048
1	1050
1	1050
1	1051
1	1051
1	1051
1	1051
1	1052
1	1052
1	1052
1	1053
1	1054
1	1054
1	1054
1	1054
1	1054
1	1055
1	1055
1	1056
1	1057
1	1057
1	1057
1	1057
1	1058
1	1058
1	1058
1	1059
1	1059
1	1059
1	1060
1	1061
1	1061
1	1061
1	1061
1	1062
1	1062
1	1064
1	1064
1	1064
1	1064
1	1064
1	1065
1	1065
1	1065
1	1066
1	1066
1	1066
1	1067
1	1068
1	1068
1	1068
1	1069
1	1069
1	1069
1	1070
1	1070
1	1070
1	1071
1	1071
1	1072
1	1072
1	1073
1	1073
1	1073
1	1073
1	1074
1	1074
1	1075
1	1075
1	1076
1	1077
1	1078
1	1078
1	1078
1	1078
1	1079
1	1079
1	1080
1	1080
1	1080
1	1080
1	1081
1	1081
1	1081
1	1081
1	1082
1	1083
1	1083
1	1084
1	1085
1	1085
1	1086
1	1086
1	1086
1	1086
1	1087
1	1087
1	1087
1	1087
1	1087
1	1087
1	1087
1	1088
1	1089
1	1089
1	1090
1	1090
1	1090
1	1090
1	1091
1	1094
1	1094
1	1094
1	1094
1	1094
1	1095
1	1095
1	1095
1	1095
1	1096
1	1096
1	1096
1	1097
1	1098
1	1100
1	1100
1	1101
1	1101
1	1102
1	1102
1	1103
1	1103
1	1104
1	1104
1	1104
1	1105
1	1106
1	1107
1	1107
1	1107
1	1108
1	1109
1	1109
1	1110
1	1110
1	1110
1	1112
1	1113
1	1113
1	1114
1	1114
1	1114
1	1115
1	1115
1	1115
1	1115
1	1117
1	1117
1	1118
1	1118
1	1118
1	1118
1	1119
1	1119
1	1120
1	1120
1	1120
1	1122
1	1122
1	1123
1	1123
1	1123
1	1123
1	1124
1	1124
1	1125
1	1125
1	1125
1	1125
1	1126
1	1126
1	1127
1	1127
1	1128
1	1128
1	1128
1	1129
1	1130
1	1131
1	1131
1	1132
1	1132
1	1132
1	1132
1	1132
1	1133
1	1133
1	1134
1	1134
1	1136
1	1136
1	1136
1	1136
1	1136
1	1137
1	1137
1	1139
1	1139
1	1140
1	1140
1	1141
1	1141
1	1142
1	1142
1	1143
1	1143
1	1143
1	1143
1	1144
1	1144
1	1144
1	1144
1	1145
1	1146
1	1147
1	1147
1	1148
1	1148
1	1149
1	1149
1	1150
1	1152
1	1152
1	1152
1	1152
1	1153
1	1153
1	1154
1	1155
1	1156
1	1156
1	1156
1	1156
1	1156
1	1157
1	1157
1	1158
1	1158
1	1158
1	1159
1	1159
1	1160
1	1160
1	1160
1	1161
1	1161
1	1161
1	1161
1	1161
1	1163
1	1163
1	1164
1	1164
1	1165
1	1165
1	1165
1	1165
1	1166
1	1167
1	1168
1	1168
1	1168
1	1168
1	1168
1	1169
1	1170
1	1171
1	1172
1	1172
1	1172
1	1173
1	1173
1	1175
1	1175
1	1175
1	1177
1	1177
1	1177
1	1177
1	1178
1	1178
1	1178
1	1179
1	1179
1	1180
1	1181
1	1181
1	1181
1	1182
1	1182
1	1183
1	1183
1	1185
1	1185
1	1185
1	1185
1	1188
1	1190
1	1191
1	1191
1	1192
1	1192
1	1193
1	1193
1	1194
1	1194
1	1195
1	1196
1	1196
1	1197
1	1197
1	1197
1	1197
1	1198
1	1198
1	1199
1	1200
1	1201
1	1202
1	1202
1	1203
1	1203
1	1203
1	1204
1	1205
1	1205
1	1206
1	1206
1	1208
1	1208
1	1208
1	1208
1	1208
1	1209
1	1210
1	1210
1	1211
1	1213
1	1213
1	1214
1	1214
1	1214
1	1214
1	1215
1	1218
1	1219
1	1219
1	1220
1	1220
1	1221
1	1221
1	1221
1	1222
1	1222
1	1223
1	1223
1	1223
1	1223
1	1223
1	1224
1	1224
1	1224
1	1225
1	1225
1	1225
1	1225
1	1225
1	1226
1	1226
1	1226
1	1226
1	1227
1	1227
1	1228
1	1228
1	1228
1	1229
1	1229
1	1229
1	1229
1	1230
1	1230
1	1230
1	1230
1	1230
1	1230
1	1231
1	1231
1	1232
1	1232
1	1233
1	1233
1	1233
1	1233
1	1233
1	1233
1	1234
1	1235
1	1238
1	1238
1	1238
1	1238
1	1238
1	1239
1	1239
1	1239
1	1240
1	1240
1	1240
1	1241
1	1242
1	1242
1	1242
1	1242
1	1242
1	1243
1	1243
1	1243
1	1243
1	1243
1	1243
1	1244
1	1244
1	1245
1	1246
1	1246
1	1246
1	1246
1	1246
1	1247
1	1247
1	1247
1	1247
1	1247
1	1247
1	1248
1	1249
1	1249
1	1249
1	1249
1	1249
1	1249
1	1250
1	1251
1	1251
1	1251
1	1252
1	1252
1	1252
1	1252
1	1252
1	1253
1	1253
1	1254
1	1254
1	1255
1	1255
1	1255
1	1255
1	1256
1	1257
1	1257
1	1257
1	1257
1	1258
1	1259
1	1259
1	1260
1	1261
1	1261
1	1262
1	1262
1	1262
1	1262
1	1263
1	1265
1	1265
1	1265
1	1266
1	1266
1	1266
1	1266
1	1267
1	1268
1	1268
1	1268
1	1269
1	1271
1	1271
1	1271
1	1272
1	1272
1	1272
1	1272
1	1273
1	1273
1	1274
1	1274
1	1274
1	1275
1	1275
1	1275
1	1275
1	1276
1	1276
1	1277
1	1277
1	1277
1	1277
1	1278
1	1278
1	1278
1	1279
1	1279
1	1279
1	1280
1	1280
1	1281
1	1281
1	1281
1	1282
1	1284
1	1284
1	1284
1	1284
1	1285
1	1285
1	1286
1	1287
1	1287
1	1287
1	1287
1	1287
1	1287
1	1288
1	1288
1	1289
1	1289
1	1290
1	1291
1	1291
1	1292
1	1292
1	1293
1	1295
1	1296
1	1296
1	1296
1	1297
1	1297
1	1298
1	1298
1	1299
1	1300
1	1302
1	1302
1	1302
1	1302
1	1303
1	1303
1	1303
1	1303
1	1304
1	1305
1	1305
1	1309
1	1309
1	1309
1	1309
1	1310
1	1310
1	1311
1	1311
1	1311
1	1312
1	1312
1	1312
1	1312
1	1314
1	1314
1	1314
1	1315
1	1315
1	1316
1	1316
1	1316
1	1317
1	1317
1	1317
1	1317
1	1319
1	1319
1	1320
1	1321
1	1322
1	1322
1	1322
1	1322
1	1322
1	1323
1	1323
1	1324
1	1324
1	1325
1	1325
1	1325
1	1326
1	1326
1	1326
1	1328
1	1330
1	1330
1	1330
1	1332
1	1332
1	1333
1	1333
1	1333
1	1333
1	1334
1	1335
1	1336
1	1336
1	1336
1	1336
1	1337
1	1338
1	1338
1	1338
1	1338
1	1339
1	1339
1	1340
1	1340
1	1340
1	1340
1	1340
1	1342
1	1342
1	1342
1	1343
1	1343
1	1344
1	1345
1	1345
1	1345
1	1345
1	1345
1	1345
1	1345
1	1346
1	1347
1	1347
1	1347
1	1348
1	1348
1	1348
1	1348
1	1349
1	1350
1	1350
1	1350
1	1351
1	1351
1	1351
1	1351
1	1352
1	1353
1	1353
1	1354
1	1354
1	1355
1	1355
1	1356
1	1358
1	1360
1	1360
1	1360
1	1360
1	1361
1	1361
1	1362
1	1362
1	1362
1	1362
1	1362
1	1362
1	1363
1	1364
1	1365
1	1366
1	1366
1	1366
1	1366
1	1367
1	1368
1	1368
1	1369
1	1370
1	1370
1	1370
1	1371
1	1372
1	1373
1	1373
1	1374
1	1375
1	1375
1	1375
1	1375
1	1376
1	1376
1	1377
1	1377
1	1377
1	1377
1	1377
1	1377
1	1377
1	1378
1	1378
1	1378
1	1379
1	1380
1	1380
1	1381
1	1381
1	1382
1	1384
1	1385
1	1386
1	1386
1	1386
1	1386
1	1387
1	1387
1	1387
1	1387
1	1388
1	1388
1	1389
1	1389
1	1389
1	1389
1	1389
1	1390
1	1394
1	1395
1	1395
1	1395
1	1396
1	1397
1	1397
1	1397
1	1399
1	1399
1	1399
1	1400
1	1401
1	1401
1	1402
1	1402
1	1403
1	1404
1	1405
1	1406
1	1406
1	1407
1	1407
1	1408
1	1409
1	1410
1	1410
1	1411
1	1412
1	1412
1	1412
1	1414
1	1415
1	1415
1	1416
1	1416
1	1417
1	1418
1	1418
1	1419
1	1419
1	1420
1	1420
1	1421
1	1421
1	1421
1	1422
1	1422
1	1423
1	1423
1	1423
1	1423
1	1423
1	1424
1	1424
1	1424
1	1425
1	1425
1	1425
1	1426
1	1426
1	1427
1	1427
1	1427
1	1427
1	1427
1	1428
1	1428
1	1428
1	1429
1	1431
1	1432
1	1432
1	1433
1	1434
1	1435
1	1435
1	1435
1	1436
1	1438
1	1438
1	1438
1	1438
1	1439
1	1439
1	1439
1	1442
1	1442
1	1442
1	1442
1	1443
1	1443
1	1443
1	1445
1	1445
1	1445
1	1445
1	1445
1	1445
1	1445
1	1446
1	1446
1	1447
1	1447
1	1447
1	1448
1	1448
1	1449
1	1450
1	1450
1	1451
1	1451
1	1451
1	1451
1	1451
1	1452
1	1452
1	1452
1	1453
1	1453
1	1453
1	1455
1	1456
1	1456
1	1457
1	1457
1	1458
1	1458
1	1459
1	1459
1	1460
1	1461
1	1462
1	1463
1	1463
1	1465
1	1465
1	1465
1	1465
1	1465
1	1465
1	1465
1	1466
1	1466
1	1466
1	1466
1	1466
1	1467
1	1467
1	1468
1	1468
1	1468
1	1469
1	1470
1	1471
1	1471
1	1471
1	1472
1	1472
1	1473
1	1474
1	1474
1	1474
1	1475
1	1475
1	1475
1	1476
1	1476
1	1476
1	1477
1	1477
1	1477
1	1478
1	1479
1	1479
1	1479
1	1480
1	1480
1	1480
1	1482
1	1482
1	1482
1	1482
1	1483
1	1484
1	1485
1	1486
1	1489
1	1489
1	1490
1	1491
1	1491
1	1491
1	1491
1	1491
1	1492
1	1492
1	1492
1	1493
1	1493
1	1494
1	1494
1	1494
1	1494
1	1494
1	1495
1	1495
1	1495
1	1496
1	1499
1	1499
1	1499
1	1499
1	1500
1	1500
1	1500
1	1500
1	1500
1	1500
1	1500
1	1502
1	1502
1	1502
1	1502
1	1503
1	1503
1	1503
1	1503
1	1504
1	1504
1	1504
1	1505
1	1505
1	1505
1	1506
1	1506
1	1506
1	1507
1	1507
1	1508
1	1508
1	1509
1	1509
1	1510
1	1510
1	1511
1	1511
1	1511
1	1511
1	1512
1	1512
1	1513
1	1513
1	1514
1	1515
1	1515
1	1515
1	1517
1	1517
1	1518
1	1519
1	1519
1	1519
1	1519
1	1520
1	1520
1	1520
1	1520
1	1521
1	1521
1	1521
1	1521
1	1522
1	1522
1	1523
1	1523
1	1524
1	1524
1	1525
1	1525
1	1525
1	1525
1	1527
1	1527
1	1529
1	1529
1	1529
1	1530
1	1530
1	1530
1	1531
1	1532
1	1532
1	1533
1	1534
1	1535
1	1535
1	1536
1	1536
1	1536
1	1536
1	1537
1	1538
1	1538
1	1539
1	1539
1	1540
1	1540
1	1540
1	1540
1	1540
1	1540
1	1542
1	1544
1	1544
1	1544
1	1544
1	1544
1	1546
1	1546
1	1546
1	1546
1	1548
1	1548
1	1548
1	1548
1	1549
1	1550
1	1550
1	1551
1	1551
1	1552
1	1552
1	1553
1	1553
1	1554
1	1554
1	1554
1	1554
1	1555
1	1555
1	1555
1	1555
1	1556
1	1556
1	1557
1	1558
1	1558
1	1559
1	1559
1	1560
1	1561
1	1562
1	1562
1	1564
1	1564
1	1565
1	1565
1	1566
1	1566
1	1566
1	1566
1	1567
1	1568
1	1568
1	1568
1	1568
1	1568
1	1570
1	1571
1	1572
1	1572
1	1572
1	1574
1	1575
1	1576
1	1577
1	1577
1	1577
1	1577
1	1578
1	1578
1	1579
1	1579
1	1579
1	1580
1	1580
1	1580
1	1581
1	1581
1	1581
1	1583
1	1584
1	1584
1	1586
1	1587
1	1588
1	1588
1	1588
1	1588
1	1588
1	1589
1	1589
1	1589
1	1590
1	1590
1	1591
1	1592
1	1592
1	1592
1	1592
1	1592
1	1592
1	1593
1	1593
1	1593
1	1594
1	1594
1	1594
1	1595
1	1595
1	1595
1	1596
1	1596
1	1598
1	1598
1	1599
1	1599
1	1600
1	1600
1	1601
1	1601
1	1601
1	1601
1	1601
1	1602
1	1602
1	1603
1	1603
1	1604
1	1605
1	1605
1	1606
1	1606
1	1606
1	1607
1	1607
1	1608
1	1609
1	1609
1	1609
1	1610
1	1610
1	1610
1	1610
1	1611
1	1611
1	1611
1	1611
1	1611
1	1612
1	1612
1	1612
1	1612
1	1612
1	1612
1	1612
1	1613
1	1614
1	1614
1	1614
1	1616
1	1616
1	1617
1	1617
1	1617
1	1617
1	1618
1	1618
1	1618
1	1619
1	1620
1	1620
1	1621
1	1622
1	1622
1	1623
1	1623
1	1623
1	1623
1	1623
1	1624
1	1624
1	1624
1	1625
1	1625
1	1625
1	1625
1	1625
1	1626
1	1626
1	1627
1	1627
1	1627
1	1628
1	1628
1	1628
1	1628
1	1629
1	1629
1	1630
1	1631
1	1631
1	1631
1	1632
1	1632
1	1632
1	1633
1	1633
1	1636
1	1636
1	1637
1	1637
1	1637
1	1638
1	1638
1	1638
1	1638
1	1638
1	1638
1	1639
1	1640
1	1641
1	1641
1	1641
1	1642
1	1642
1	1642
1	1642
1	1642
1	1643
1	1643
1	1644
1	1644
1	1645
1	1645
1	1646
1	1646
1	1646
1	1647
1	1647
1	1647
1	1648
1	1649
1	1649
1	1650
1	1650
1	1650
1	1650
1	1650
1	1650
1	1650
1	1651
1	1651
1	1652
1	1652
1	1652
1	1653
1	1653
1	1653
1	1654
1	1655
1	1655
1	1655
1	1656
1	1656
1	1657
1	1657
1	1658
1	1658
1	1659
1	1659
1	1659
1	1661
1	1661
1	1662
1	1662
1	1663
1	1663
1	1663
1	1663
1	1664
1	1664
1	1664
1	1665
1	1665
1	1666
1	1666
1	1667
1	1667
1	1667
1	1667
1	1668
1	1669
1	1670
1	1671
1	1671
1	1671
1	1671
1	1671
1	1671
1	1672
1	1672
1	1673
1	1673
1	1674
1	1674
1	1674
1	1676
1	1676
1	1677
1	1677
1	1677
1	1677
1	1678
1	1679
1	1680
1	1680
1	1682
1	1682
1	1682
1	1682
1	1682
1	1682
1	1682
1	1682
1	1683
1	1683
1	1683
1	1684
1	1684
1	1685
1	1685
1	1686
1	1686
1	1686
1	1687
1	1687
1	1687
1	1690
1	1690
1	1692
1	1692
1	1692
1	1692
1	1692
1	1693
1	1693
1	1693
1	1693
1	1694
1	1694
1	1694
1	1694
1	1695
1	1696
1	1696
1	1697
1	1697
1	1698
1	1698
1	1698
1	1698
1	1698
1	1698
1	1698
1	1698
1	1699
1	1699
1	1699
1	1699
1	1699
1	1700
1	1700
1	1701
1	1701
1	1701
1	1702
1	1702
1	1702
1	1703
1	1704
1	1704
1	1705
1	1705
1	1706
1	1706
1	1706
1	1706
1	1707
1	1708
1	1708
1	1708
1	1709
1	1709
1	1710
1	1711
1	1711
1	1711
1	1713
1	1713
1	1714
1	1714
1	1716
1	1716
1	1717
1	1717
1	1718
1	1718
1	1718
1	1718
1	1718
1	1719
1	1719
1	1719
1	1719
1	1720
1	1720
1	1720
1	1721
1	1721
1	1722
1	1722
1	1722
1	1723
1	1723
1	1724
1	1724
1	1724
1	1724
1	1725
1	1726
1	1726
1	1728
1	1728
1	1729
1	1729
1	1730
1	1730
1	1730
1	1730
1	1731
1	1732
1	1733
1	1734
1	1736
1	1736
1	1738
1	1738
1	1739
1	1739
1	1740
1	1740
1	1740
1	1741
1	1742
1	1742
1	1743
1	1743
1	1743
1	1743
1	1744
1	1744
1	1744
1	1745
1	1746
1	1746
1	1746
1	1746
1	1747
1	1747
1	1747
1	1748
1	1748
1	1749
1	1750
1	1751
1	1751
1	1752
1	1752
1	1752
1	1752
1	1752
1	1752
1	1753
1	1753
1	1753
1	1754
1	1754
1	1755
1	1755
1	1755
1	1756
1	1756
1	1757
1	1757
1	1757
1	1758
1	1758
1	1758
1	1758
1	1760
1	1760
1	1760
1	1761
1	1761
1	1762
1	1762
1	1763
1	1763
1	1763
1	1764
1	1764
1	1765
1	1765
1	1766
1	1766
1	1767
1	1767
1	1769
1	1769
1	1769
1	1770
1	1770
1	1771
1	1771
1	1772
1	1772
1	1772
1	1772
1	1773
1	1773
1	1774
1	1774
1	1774
1	1775
1	1775
1	1776
1	1776
1	1777
1	1777
1	1778
1	1779
1	1780
1	1780
1	1780
1	1781
1	1781
1	1782
1	1784
1	1784
1	1784
1	1785
1	1785
1	1785
1	1785
1	1785
1	1785
1	1786
1	1786
1	1786
1	1786
1	1786
1	1787
1	1788
1	1788
1	1788
1	1788
1	1790
1	1792
1	1792
1	1793
1	1793
1	1794
1	1794
1	1795
1	1795
1	1795
1	1796
1	1796
1	1797
1	1797
1	1797
1	1797
1	1798
1	1798
1	1798
1	1800
1	1800
1	1800
1	1802
1	1803
1	1803
1	1803
1	1803
1	1803
1	1804
1	1804
1	1804
1	1804
1	1805
1	1805
1	1805
1	1805
1	1805
1	1806
1	1807
1	1807
1	1807
1	1808
1	1809
1	1809
1	1809
1	1809
1	1809
1	1811
1	1811
1	1812
1	1813
1	1813
1	1814
1	1815
1	1815
1	1816
1	1817
1	1817
1	1817
1	1817
1	1817
1	1819
1	1819
1	1819
1	1820
1	1820
1	1820
1	1820
1	1821
1	1821
1	1821
1	1821
1	1822
1	1822
1	1823
1	1825
1	1825
1	1825
1	1825
1	1825
1	1825
1	1826
1	1826
1	1826
1	1827
1	1827
1	1827
1	1828
1	1828
1	1829
1	1829
1	1829
1	1830
1	1830
1	1831
1	1831
1	1833
1	1833
1	1835
1	1837
1	1838
1	1838
1	1838
1	1839
1	1839
1	1839
1	1839
1	1840
1	1840
1	1841
1	1842
1	1843
1	1843
1	1844
1	1845
1	1845
1	1846
1	1846
1	1846
1	1848
1	1848
1	1849
1	1850
1	1850
1	1850
1	1850
1	1851
1	1851
1	1851
1	1851
1	1852
1	1852
1	1852
1	1852
1	1852
1	1852
1	1853
1	1854
1	1854
1	1854
1	1856
1	1857
1	1857
1	1857
1	1858
1	1858
1	1859
1	1859
1	1860
1	1860
1	1861
1	1861
1	1861
1	1862
1	1865
1	1865
1	1865
1	1866
1	1866
1	1866
1	1866
1	1867
1	1868
1	1868
1	1868
1	1869
1	1869
1	1870
1	1870
1	1870
1	1870
1	1871
1	1872
1	1873
1	1874
1	1874
1	1875
1	1875
1	1875
1	1877
1	1877
1	1878
1	1878
1	1878
1	1879
1	1879
1	1880
1	1880
1	1880
1	1880
1	1881
1	1881
1	1881
1	1882
1	1882
1	1883
1	1884
1	1885
1	1885
1	1885
1	1886
1	1886
1	1887
1	1888
1	1889
1	1889
1	1889
1	1892
1	1893
1	1893
1	1893
1	1894
1	1895
1	1895
1	1896
1	1897
1	1898
1	1899
1	1899
1	1899
1	1900
1	1900
1	1901
1	1902
1	1903
1	1904
1	1904
1	1904
1	1905
1	1909
1	1910
1	1910
1	1910
1	1912
1	1914
1	1914
1	1914
1	1914
1	1915
1	1916
1	1916
1	1916
1	1917
1	1917
1	1917
1	1917
1	1918
1	1918
1	1921
1	1921
1	1921
1	1921
1	1922
1	1922
1	1922
1	1922
1	1923
1	1923
1	1924
1	1924
1	1924
1	1926
1	1926
1	1926
1	1927
1	1928
1	1929
1	1930
1	1930
1	1930
1	1930
1	1930
1	1932
1	1932
1	1932
1	1932
1	1933
1	1933
1	1934
1	1934
1	1936
1	1936
1	1938
1	1938
1	1939
1	1940
1	1941
1	1943
1	1944
1	1945
1	1946
1	1946
1	1946
1	1946
1	1947
1	1947
1	1948
1	1948
1	1949
1	1949
1	1949
1	1950
1	1952
1	1952
1	1954
1	1954
1	1955
1	1955
1	1957
1	1957
1	1957
1	1959
1	1959
1	1960
1	1960
1	1962
1	1962
1	1962
1	1962
1	1963
1	1963
1	1963
1	1964
1	1966
1	1966
1	1967
1	1968
1	1968
1	1968
1	1969
1	1969
1	1969
1	1970
1	1970
1	1971
1	1972
1	1973
1	1974
1	1974
1	1975
1	1976
1	1977
1	1977
1	1978
1	1979
1	1979
1	1979
1	1983
1	1984
1	1984
1	1985
1	1986
1	1987
1	1987
1	1989
1	1989
1	1991
1	1991
1	1992
1	1992
1	1992
1	1993
1	1993
1	1995
1	1995
1	1996
1	1998
1	2000
1	2000
1	2001
1	2002
1	2002
1	2004
1	2004
1	2004
1	2004
1	2008
1	2009
1	2009
1	2009
1	2010
1	2011
1	2012
1	2012
1	2013
1	2014
1	2014
1	2014
1	2014
1	2014
1	2015
1	2015
1	2015
1	2017
1	2020
1	2020
1	2021
1	2021
1	2022
1	2023
1	2024
1	2024
1	2025
1	2026
1	2026
1	2026
1	2027
1	2027
1	2027
1	2027
1	2028
1	2029
1	2029
1	2029
1	2031
1	2031
1	2033
1	2033
1	2033
1	2035
1	2035
1	2035
1	2035
1	2035
1	2036
1	2036
1	2038
1	2038
1	2038
1	2039
1	2040
1	2040
1	2041
1	2042
1	2042
1	2042
1	2042
1	2043
1	2044
1	2045
1	2048
1	2048
1	2049
1	2049
1	2054
1	2054
1	2054
1	2055
1	2056
1	2056
1	2056
1	2057
1	2057
1	2058
1	2059
1	2059
1	2059
1	2060
1	2061
1	2062
1	2063
1	2065
1	2065
1	2065
1	2065
1	2065
1	2066
1	2066
1	2067
1	2069
1	2070
1	2070
1	2070
1	2071
1	2071
1	2072
1	2072
1	2074
1	2074
1	2077
1	2078
1	2079
1	2079
1	2080
1	2082
1	2082
1	2083
1	2084
1	2084
1	2085
1	2086
1	2087
1	2088
1	2089
1	2090
1	2090
1	2092
1	2092
1	2092
1	2093
1	2093
1	2093
1	2094
1	2095
1	2096
1	2097
1	2098
1	2098
1	2099
1	2099
1	2100
1	2101
1	2101
1	2102
1	2102
1	2103
1	2103
1	2103
1	2104
1	2104
1	2105
1	2105
1	2105
1	2105
1	2105
1	2105
1	2106
1	2106
1	2106
1	2107
1	2109
1	2109
1	2109
1	2110
1	2113
1	2113
1	2113
1	2114
1	2114
1	2115
1	2115
1	2115
1	2116
1	2116
1	2117
1	2118
1	2118
1	2119
1	2119
1	2120
1	2121
1	2122
1	2122
1	2125
1	2126
1	2126
1	2128
1	2128
1	2129
1	2130
1	2130
1	2130
1	2131
1	2131
1	2133
1	2134
1	2135
1	2136
1	2137
1	2137
1	2137
1	2138
1	2138
1	2138
1	2139
1	2139
1	2140
1	2140
1	2142
1	2142
1	2143
1	2145
1	2145
1	2146
1	2146
1	2146
1	2146
1	2147
1	2149
1	2149
1	2149
1	2150
1	2150
1	2150
1	2152
1	2155
1	2155
1	2155
1	2155
1	2155
1	2156
1	2156
1	2158
1	2159
1	2159
1	2160
1	2160
1	2160
1	2161
1	2161
1	2161
1	2162
1	2162
1	2162
1	2163
1	2164
1	2165
1	2165
1	2166
1	2167
1	2167
1	2168
1	2168
1	2168
1	2169
1	2170
1	2172
1	2173
1	2173
1	2173
1	2175
1	2175
1	2175
1	2176
1	2176
1	2177
1	2178
1	2179
1	2179
1	2179
1	2180
1	2182
1	2183
1	2184
1	2185
1	2185
1	2185
1	2187
1	2187
1	2188
1	2189
1	2190
1	2191
1	2192
1	2192
1	2192
1	2193
1	2194
1	2195
1	2196
1	2197
1	2198
1	2198
1	2198
1	2199
1	2200
1	2200
1	2201
1	2203
1	2203
1	2204
1	2204
1	2204
1	2206
1	2206
1	2207
1	2207
1	2208
1	2209
1	2209
1	2210
1	2211
1	2211
1	2212
1	2213
1	2213
1	2213
1	2215
1	2215
1	2216
1	2216
1	2217
1	2217
1	2217
1	2217
1	2218
1	2218
1	2218
1	2220
1	2220
1	2221
1	2221
1	2221
1	2221
1	2222
1	2222
1	2223
1	2223
1	2223
1	2224
1	2225
1	2225
1	2225
1	2225
1	2226
1	2226
1	2226
1	2226
1	2227
1	2228
1	2228
1	2229
1	2229
1	2230
1	2230
1	2231
1	2233
1	2233
1	2234
1	2234
1	2235
1	2236
1	2237
1	2238
1	2238
1	2239
1	2239
1	2241
1	2241
1	2241
1	2242
1	2243
1	2244
1	2245
1	2245
1	2245
1	2245
1	2245
1	2245
1	2246
1	2246
1	2247
1	2247
1	2248
1	2248
1	2249
1	2251
1	2251
1	2252
1	2252
1	2254
1	2254
1	2254
1	2255
1	2255
1	2255
1	2256
1	2256
1	2257
1	2258
1	2259
1	2260
1	2261
1	2261
1	2261
1	2262
1	2262
1	2262
1	2262
1	2262
1	2263
1	2263
1	2264
1	2265
1	2265
1	2265
1	2266
1	2268
1	2268
1	2269
1	2270
1	2271
1	2272
1	2272
1	2273
1	2274
1	2275
1	2275
1	2276
1	2277
1	2277
1	2277
1	2279
1	2279
1	2280
1	2281
1	2281
1	2281
1	2282
1	2282
1	2282
1	2283
1	2284
1	2284
1	2284
1	2285
1	2285
1	2285
1	2285
1	2287
1	2287
1	2287
1	2288
1	2288
1	2288
1	2289
1	2291
1	2292
1	2292
1	2293
1	2293
1	2294
1	2294
1	2294
1	2297
1	2297
1	2298
1	2298
1	2300
1	2300
1	2302
1	2303
1	2303
1	2303
1	2303
1	2304
1	2305
1	2306
1	2306
1	2306
1	2307
1	2307
1	2307
1	2308
1	2310
1	2310
1	2310
1	2310
1	2311
1	2311
1	2311
1	2313
1	2314
1	2314
1	2315
1	2316
1	2316
1	2316
1	2316
1	2317
1	2317
1	2318
1	2318
1	2319
1	2320
1	2320
1	2320
1	2321
1	2321
1	2321
1	2321
1	2322
1	2322
1	2323
1	2323
1	2324
1	2324
1	2325
1	2325
1	2325
1	2326
1	2326
1	2326
1	2327
1	2327
1	2328
1	2328
1	2329
1	2329
1	2329
1	2330
1	2330
1	2330
1	2332
1	2332
1	2333
1	2334
1	2334
1	2334
1	2334
1	2335
1	2335
1	2336
1	2336
1	2336
1	2336
1	2337
1	2338
1	2340
1	2340
1	2340
1	2341
1	2342
1	2343
1	2343
1	2344
1	2345
1	2345
1	2345
1	2346
1	2346
1	2346
1	2346
1	2347
1	2347
1	2347
1	2349
1	2349
1	2349
1	2350
1	2350
1	2351
1	2351
1	2351
1	2352
1	2352
1	2352
1	2355
1	2355
1	2355
1	2355
1	2358
1	2358
1	2359
1	2359
1	2359
1	2360
1	2360
1	2362
1	2364
1	2365
1	2365
1	2366
1	2366
1	2367
1	2367
1	2368
1	2369
1	2370
1	2370
1	2370
1	2370
1	2371
1	2372
1	2373
1	2373
1	2375
1	2375
1	2375
1	2376
1	2376
1	2376
1	2376
1	2377
1	2377
1	2377
1	2377
1	2378
1	2378
1	2379
1	2379
1	2380
1	2381
1	2382
1	2383
1	2386
1	2386
1	2386
1	2387
1	2387
1	2387
1	2388
1	2388
1	2388
1	2388
1	2388
1	2390
1	2390
1	2390
1	2391
1	2393
1	2394
1	2394
1	2395
1	2395
1	2395
1	2395
1	2396
1	2396
1	2397
1	2397
1	2400
1	2401
1	2402
1	2403
1	2403
1	2404
1	2406
1	2406
1	2407
1	2407
1	2407
1	2408
1	2408
1	2410
1	2410
1	2410
1	2411
1	2411
1	2412
1	2412
1	2414
1	2415
1	2415
1	2417
1	2418
1	2418
1	2420
1	2421
1	2422
1	2423
1	2423
1	2423
1	2424
1	2424
1	2426
1	2426
1	2427
1	2427
1	2428
1	2428
1	2429
1	2430
1	2431
1	2431
1	2432
1	2432
1	2432
1	2433
1	2434
1	2435
1	2435
1	2435
1	2438
1	2439
1	2439
1	2440
1	2442
1	2443
1	2443
1	2445
1	2446
1	2447
1	2447
1	2449
1	2450
1	2450
1	2450
1	2451
1	2451
1	2452
1	2452
1	2453
1	2453
1	2454
1	2454
1	2455
1	2456
1	2456
1	2456
1	2457
1	2457
1	2459
1	2459
1	2459
1	2460
1	2461
1	2461
1	2461
1	2464
1	2465
1	2465
1	2467
1	2468
1	2468
1	2468
1	2469
1	2471
1	2472
1	2474
1	2474
1	2475
1	2476
1	2477
1	2477
1	2479
1	2479
1	2479
1	2480
1	2481
1	2481
1	2481
1	2482
1	2483
1	2485
1	2485
1	2485
1	2486
1	2486
1	2487
1	2487
1	2488
1	2488
1	2488
1	2489
1	2489
1	2490
1	2491
1	2492
1	2494
1	2495
1	2496
1	2496
1	2498
1	2500
1	2501
1	2501
1	2501
1	2503
1	2503
1	2503
1	2504
1	2505
1	2505
1	2506
1	2506
1	2506
1	2508
1	2509
1	2509
1	2512
1	2512
1	2512
1	2514
1	2515
1	2518
1	2519
1	2519
1	2520
1	2522
1	2523
1	2523
1	2526
1	2527
1	2529
1	2529
1	2530
1	2531
1	2532
1	2532
1	2533
1	2534
1	2534
1	2535
1	2536
1	2536
1	2536
1	2538
1	2539
1	2540
1	2540
1	2540
1	2541
1	2542
1	2542
1	2543
1	2543
1	2543
1	2544
1	2544
1	2544
1	2546
1	2546
1	2546
1	2547
1	2548
1	2549
1	2549
1	2551
1	2551
1	2553
1	2553
1	2553
1	2553
1	2554
1	2555
1	2556
1	2556
1	2557
1	2557
1	2557
1	2558
1	2559
1	2559
1	2560
1	2562
1	2563
1	2564
1	2564
1	2564
1	2564
1	2564
1	2565
1	2566
1	2566
1	2568
1	2568
1	2570
1	2571
1	2572
1	2572
1	2572
1	2573
1	2574
1	2576
1	2576
1	2578
1	2579
1	2579
1	2580
1	2581
1	2583
1	2583
1	2585
1	2585
1	2585
1	2585
1	2585
1	2586
1	2587
1	2589
1	2590
1	2592
1	2594
1	2595
1	2595
1	2595
1	2596
1	2596
1	2597
1	2598
1	2598
1	2598
1	2599
1	2599
1	2601
1	2603
1	2603
1	2604
1	2604
1	2604
1	2606
1	2607
1	2607
1	2607
1	2608
1	2609
1	2610
1	2611
1	2612
1	2612
1	2612
1	2613
1	2613
1	2614
1	2614
1	2615
1	2616
1	2617
1	2617
1	2617
1	2617
1	2617
1	2618
1	2619
1	2619
1	2620
1	2621
1	2621
1	2622
1	2622
1	2622
1	2624
1	2626
1	2626
1	2626
1	2627
1	2628
1	2628
1	2628
1	2629
1	2629
1	2629
1	2629
1	2630
1	2630
1	2631
1	2631
1	2631
1	2631
1	2632
1	2634
1	2635
1	2636
1	2638
1	2639
1	2640
1	2640
1	2641
1	2643
1	2643
1	2644
1	2646
1	2649
1	2649
1	2649
1	2650
1	2650
1	2651
1	2651
1	2652
1	2652
1	2652
1	2653
1	2655
1	2656
1	2658
1	2659
1	2659
1	2660
1	2661
1	2662
1	2662
1	2664
1	2665
1	2665
1	2666
1	2667
1	2670
1	2670
1	2671
1	2671
1	2671
1	2672
1	2672
1	2672
1	2672
1	2673
1	2673
1	2674
1	2674
1	2674
1	2676
1	2676
1	2676
1	2677
1	2679
1	2681
1	2682
1	2683
1	2683
1	2684
1	2685
1	2686
1	2686
1	2686
1	2686
1	2687
1	2688
1	2691
1	2692
1	2692
1	2692
1	2693
1	2695
1	2695
1	2696
1	2696
1	2696
1	2698
1	2698
1	2698
1	2698
1	2698
1	2700
1	2700
1	2700
1	2702
1	2702
1	2704
1	2704
1	2705
1	2705
1	2705
1	2707
1	2707
1	2709
1	2710
1	2713
1	2714
1	2714
1	2715
1	2715
1	2718
1	2719
1	2719
1	2719
1	2720
1	2721
1	2722
1	2722
1	2722
1	2723
1	2723
1	2723
1	2724
1	2726
1	2726
1	2727
1	2727
1	2728
1	2728
1	2728
1	2729
1	2730
1	2731
1	2732
1	2732
1	2733
1	2734
1	2735
1	2735
1	2736
1	2737
1	2741
1	2743
1	2743
1	2743
1	2744
1	2744
1	2745
1	2746
1	2747
1	2748
1	2749
1	2750
1	2750
1	2751
1	2751
1	2752
1	2752
1	2753
1	2753
1	2755
1	2755
1	2756
1	2756
1	2756
1	2757
1	2760
1	2760
1	2760
1	2761
1	2761
1	2761
1	2762
1	2762
1	2763
1	2763
1	2763
1	2764
1	2764
1	2765
1	2766
1	2766
1	2766
1	2767
1	2768
1	2768
1	2769
1	2772
1	2774
1	2774
1	2775
1	2775
1	2775
1	2776
1	2776
1	2777
1	2779
1	2782
1	2783
1	2783
1	2784
1	2785
1	2786
1	2786
1	2786
1	2787
1	2787
1	2788
1	2788
1	2788
1	2791
1	2793
1	2794
1	2794
1	2796
1	2796
1	2797
1	2797
1	2797
1	2797
1	2798
1	2799
1	2800
1	2800
1	2801
1	2803
1	2804
1	2804
1	2807
1	2808
1	2809
1	2809
1	2810
1	2810
1	2811
1	2812
1	2812
1	2813
1	2813
1	2813
1	2814
1	2815
1	2816
1	2817
1	2817
1	2817
1	2818
1	2818
1	2819
1	2820
1	2821
1	2821
1	2822
1	2824
1	2825
1	2826
1	2827
1	2828
1	2829
1	2829
1	2829
1	2830
1	2834
1	2834
1	2835
1	2836
1	2836
1	2836
1	2837
1	2838
1	2838
1	2838
1	2842
1	2842
1	2844
1	2846
1	2846
1	2846
1	2847
1	2848
1	2848
1	2850
1	2850
1	2850
1	2851
1	2853
1	2855
1	2855
1	2856
1	2856
1	2857
1	2857
1	2858
1	2859
1	2861
1	2862
1	2863
1	2863
1	2864
1	2865
1	2865
1	2865
1	2867
1	2868
1	2868
1	2868
1	2869
1	2869
1	2870
1	2870
1	2871
1	2871
1	2872
1	2873
1	2873
1	2876
1	2876
1	2876
1	2878
1	2878
1	2879
1	2880
1	2880
1	2881
1	2882
1	2882
1	2883
1	2884
1	2885
1	2886
1	2887
1	2888
1	2888
1	2891
1	2892
1	2893
1	2897
1	2897
1	2899
1	2900
1	2901
1	2901
1	2902
1	2902
1	2902
1	2902
1	2904
1	2905
1	2906
1	2906
1	2907
1	2908
1	2908
1	2909
1	2909
1	2910
1	2910
1	2910
1	2910
1	2911
1	2911
1	2911
1	2912
1	2912
1	2912
1	2913
1	2913
1	2914
1	2914
1	2915
1	2916
1	2918
1	2920
1	2920
1	2920
1	2921
1	2921
1	2922
1	2923
1	2925
1	2927
1	2927
1	2928
1	2928
1	2929
1	2929
1	2932
1	2932
1	2933
1	2933
1	2933
1	2934
1	2934
1	2935
1	2937
1	2937
1	2940
1	2942
1	2942
1	2945
1	2946
1	2946
1	2946
1	2948
1	2948
1	2948
1	2948
1	2949
1	2949
1	2950
1	2951
1	2951
1	2952
1	2953
1	2953
1	2953
1	2954
1	2954
1	2956
1	2958
1	2960
1	2960
1	2960
1	2961
1	2962
1	2962
1	2965
1	2965
1	2966
1	2967
1	2968
1	2968
1	2969
1	2970
1	2970
1	2972
1	2973
1	2973
1	2974
1	2974
1	2974
1	2975
1	2976
1	2976
1	2977
1	2978
1	2983
1	2984
1	2986
1	2986
1	2987
1	2987
1	2989
1	2989
1	2989
1	2990
1	2992
1	2992
1	2992
1	2993
1	2994
1	2994
1	2996
1	2996
1	2996
1	2997
1	2998
1	2998
1	2999
1	2999
1	3000
1	3000
1	3001
1	3001
1	3001
1	3002
1	3003
1	3003
1	3006
1	3006
1	3007
1	3008
1	3008
1	3009
1	3011
1	3011
1	3012
1	3013
1	3014
1	3014
1	3015
1	3015
1	3017
1	3017
1	3017
1	3017
1	3017
1	3018
1	3019
1	3021
1	3023
1	3023
1	3025
1	3026
1	3027
1	3029
1	3031
1	3032
1	3032
1	3033
1	3033
1	3034
1	3036
1	3037
1	3038
1	3038
1	3038
1	3040
1	3040
1	3041
1	3042
1	3045
1	3045
1	3045
1	3045
1	3047
1	3047
1	3047
1	3048
1	3048
1	3048
1	3049
1	3051
1	3051
1	3052
1	3053
1	3055
1	3056
1	3056
1	3057
1	3058
1	3058
1	3060
1	3063
1	3063
1	3065
1	3065
1	3066
1	3067
1	3067
1	3068
1	3070
1	3071
1	3071
1	3072
1	3074
1	3075
1	3075
1	3077
1	3078
1	3079
1	3079
1	3083
1	3083
1	3084
1	3084
1	3084
1	3084
1	3084
1	3085
1	3085
1	3085
1	3086
1	3088
1	3088
1	3089
1	3090
1	3093
1	3094
1	3095
1	3095
1	3095
1	3095
1	3096
1	3097
1	3097
1	3098
1	3100
1	3103
1	3103
1	3103
1	3104
1	3106
1	3107
1	3108
1	3108
1	3109
1	3109
1	3110
1	3110
1	3112
1	3112
1	3114
1	3115
1	3115
1	3115
1	3117
1	3119
1	3120
1	3121
1	3122
1	3123
1	3124
1	3125
1	3125
1	3126
1	3127
1	3127
1	3129
1	3130
1	3130
1	3130
1	3131
1	3133
1	3133
1	3133
1	3133
1	3134
1	3135
1	3135
1	3136
1	3136
1	3136
1	3137
1	3138
1	3140
1	3140
1	3142
1	3143
1	3145
1	3145
1	3145
1	3145
1	3146
1	3147
1	3147
1	3147
1	3150
1	3150
1	3152
1	3152
1	3152
1	3154
1	3154
1	3155
1	3155
1	3155
1	3155
1	3157
1	3158
1	3158
1	3161
1	3163
1	3163
1	3165
1	3166
1	3166
1	3166
1	3168
1	3171
1	3171
1	3172
1	3172
1	3172
1	3174
1	3174
1	3175
1	3175
1	3175
1	3176
1	3177
1	3177
1	3179
1	3179
1	3179
1	3182
1	3182
1	3184
1	3185
1	3186
1	3187
1	3189
1	3190
1	3191
1	3195
1	3197
1	3197
1	3199
1	3200
1	3201
1	3203
1	3204
1	3204
1	3204
1	3204
1	3205
1	3205
1	3205
1	3207
1	3208
1	3208
1	3209
1	3209
1	3209
1	3210
1	3211
1	3212
1	3212
1	3214
1	3214
1	3214
1	3215
1	3216
1	3217
1	3219
1	3219
1	3219
1	3219
1	3219
1	3220
1	3220
1	3221
1	3221
1	3221
1	3221
1	3222
1	3222
1	3222
1	3223
1	3224
1	3225
1	3226
1	3226
1	3228
1	3228
1	3229
1	3231
1	3231
1	3232
1	3234
1	3235
1	3235
1	3236
1	3236
1	3237
1	3242
1	3243
1	3243
1	3244
1	3245
1	3245
1	3246
1	3246
1	3247
1	3248
1	3248
1	3250
1	3255
1	3256
1	3257
1	3258
1	3258
1	3259
1	3259
1	3259
1	3261
1	3261
1	3262
1	3264
1	3265
1	3265
1	3265
1	3266
1	3266
1	3268
1	3269
1	3271
1	3271
1	3272
1	3272
1	3272
1	3273
1	3273
1	3273
1	3273
1	3276
1	3277
1	3277
1	3278
1	3279
1	3279
1	3280
1	3280
1	3280
1	3281
1	3281
1	3281
1	3282
1	3284
1	3285
1	3285
1	3286
1	3286
1	3287
1	3287
1	3288
1	3289
1	3291
1	3293
1	3294
1	3294
1	3295
1	3296
1	3298
1	3300
1	3301
1	3301
1	3302
1	3303
1	3304
1	3304
1	3306
1	3306
1	3308
1	3308
1	3309
1	3310
1	3310
1	3311
1	3311
1	3312
1	3313
1	3315
1	3316
1	3317
1	3318
1	3318
1	3320
1	3321
1	3323
1	3324
1	3325
1	3326
1	3327
1	3327
1	3327
1	3329
1	3330
1	3330
1	3331
1	3333
1	3335
1	3336
1	3336
1	3338
1	3339
1	3340
1	3341
1	3342
1	3343
1	3343
1	3344
1	3344
1	3345
1	3347
1	3347
1	3347
1	3349
1	3349
1	3350
1	3351
1	3351
1	3352
1	3352
1	3352
1	3353
1	3356
1	3357
1	3358
1	3359
1	3361
1	3362
1	3363
1	3364
1	3365
1	3366
1	3369
1	3370
1	3370
1	3371
1	3373
1	3374
1	3374
1	3375
1	3378
1	3379
1	3379
1	3380
1	3380
1	3380
1	3381
1	3381
1	3381
1	3381
1	3383
1	3384
1	3385
1	3386
1	3386
1	3387
1	3387
1	3390
1	3390
1	3390
1	3390
1	3392
1	3392
1	3394
1	3394
1	3394
1	3398
1	3398
1	3399
1	3399
1	3400
1	3400
1	3401
1	3401
1	3401
1	3403
1	3405
1	3407
1	3409
1	3410
1	3410
1	3411
1	3411
1	3412
1	3412
1	3412
1	3414
1	3415
1	3415
1	3416
1	3417
1	3417
1	3418
1	3418
1	3418
1	3421
1	3422
1	3422
1	3423
1	3424
1	3424
1	3424
1	3425
1	3426
1	3427
1	3428
1	3429
1	3430
1	3430
1	3430
1	3432
1	3433
1	3434
1	3434
1	3436
1	3436
1	3436
1	3438
1	3439
1	3441
1	3441
1	3442
1	3442
1	3444
1	3444
1	3445
1	3445
1	3446
1	3447
1	3448
1	3448
1	3449
1	3449
1	3451
1	3451
1	3452
1	3453
1	3453
1	3454
1	3456
1	3456
1	3456
1	3458
1	3459
1	3459
1	3461
1	3463
1	3465
1	3465
1	3467
1	3468
1	3468
1	3468
1	3470
1	3471
1	3472
1	3472
1	3473
1	3476
1	3477
1	3478
1	3478
1	3479
1	3479
1	3479
1	3479
1	3480
1	3482
1	3484
1	3484
1	3486
1	3487
1	3490
1	3491
1	3491
1	3492
1	3492
1	3493
1	3494
1	3495
1	3496
1	3497
1	3497
1	3500
1	3500
1	3502
1	3503
1	3504
1	3504
1	3504
1	3504
1	3508
1	3509
1	3513
1	3514
1	3514
1	3515
1	3515
1	3516
1	3519
1	3519
1	3520
1	3522
1	3522
1	3523
1	3523
1	3524
1	3524
1	3525
1	3526
1	3526
1	3527
1	3527
1	3528
1	3529
1	3529
1	3529
1	3529
1	3531
1	3531
1	3532
1	3533
1	3533
1	3534
1	3534
1	3536
1	3536
1	3539
1	3541
1	3542
1	3542
1	3543
1	3544
1	3545
1	3547
1	3547
1	3549
1	3550
1	3550
1	3552
1	3553
1	3554
1	3555
1	3556
1	3557
1	3557
1	3557
1	3558
1	3559
1	3563
1	3563
1	3565
1	3565
1	3566
1	3566
1	3567
1	3572
1	3575
1	3576
1	3576
1	3580
1	3580
1	3581
1	3581
1	3582
1	3582
1	3582
1	3585
1	3586
1	3586
1	3590
1	3593
1	3593
1	3594
1	3594
1	3595
1	3596
1	3597
1	3598
1	3598
1	3600
1	3600
1	3601
1	3601
1	3601
1	3602
1	3602
1	3602
1	3602
1	3605
1	3605
1	3606
1	3608
1	3609
1	3609
1	3610
1	3613
1	3615
1	3615
1	3615
1	3616
1	3616
1	3617
1	3618
1	3620
1	3620
1	3620
1	3621
1	3621
1	3621
1	3621
1	3621
1	3624
1	3625
1	3625
1	3626
1	3626
1	3627
1	3628
1	3628
1	3631
1	3631
1	3634
1	3635
1	3635
1	3636
1	3639
1	3640
1	3641
1	3642
1	3642
1	3642
1	3644
1	3644
1	3644
1	3645
1	3647
1	3647
1	3650
1	3650
1	3655
1	3655
1	3656
1	3657
1	3660
1	3662
1	3664
1	3666
1	3666
1	3669
1	3670
1	3670
1	3671
1	3671
1	3672
1	3673
1	3674
1	3675
1	3677
1	3677
1	3677
1	3678
1	3678
1	3679
1	3679
1	3681
1	3684
1	3685
1	3685
1	3687
1	3688
1	3691
1	3691
1	3691
1	3692
1	3693
1	3695
1	3696
1	3697
1	3698
1	3699
1	3699
1	3700
1	3700
1	3701
1	3701
1	3702
1	3703
1	3704
1	3704
1	3705
1	3707
1	3707
1	3710
1	3711
1	3711
1	3711
1	3712
1	3712
1	3714
1	3717
1	3717
1	3718
1	3720
1	3721
1	3721
1	3722
1	3722
1	3723
1	3724
1	3724
1	3726
1	3726
1	3727
1	3727
1	3728
1	3728
1	3731
1	3731
1	3733
1	3733
1	3734
1	3735
1	3735
1	3736
1	3737
1	3737
1	3737
1	3743
1	3743
1	3743
1	3744
1	3745
1	3747
1	3747
1	3748
1	3748
1	3749
1	3749
1	3754
1	3754
1	3754
1	3755
1	3756
1	3756
1	3758
1	3760
1	3760
1	3761
1	3761
1	3761
1	3764
1	3765
1	3767
1	3768
1	3772
1	3773
1	3774
1	3778
1	3778
1	3778
1	3780
1	3781
1	3781
1	3782
1	3783
1	3785
1	3787
1	3787
1	3787
1	3788
1	3788
1	3788
1	3789
1	3789
1	3792
1	3795
1	3796
1	3796
1	3797
1	3798
1	3798
1	3799
1	3802
1	3802
1	3802
1	3803
1	3803
1	3803
1	3804
1	3804
1	3804
1	3806
1	3806
1	3807
1	3809
1	3810
1	3811
1	3811
1	3812
1	3813
1	3814
1	3815
1	3816
1	3818
1	3819
1	3821
1	3821
1	3821
1	3822
1	3823
1	3824
1	3824
1	3824
1	3825
1	3825
1	3825
1	3827
1	3827
1	3827
1	3828
1	3831
1	3833
1	3836
1	3836
1	3836
1	3838
1	3838
1	3838
1	3839
1	3839
1	3839
1	3839
1	3839
1	3840
1	3840
1	3840
1	3840
1	3841
1	3841
1	3842
1	3845
1	3846
1	3848
1	3849
1	3849
1	3849
1	3850
1	3851
1	3852
1	3853
1	3853
1	3854
1	3857
1	3859
1	3859
1	3859
1	3860
1	3861
1	3861
1	3862
1	3863
1	3863
1	3865
1	3865
1	3865
1	3866
1	3866
1	3866
1	3867
1	3867
1	3867
1	3867
1	3868
1	3869
1	3870
1	3871
1	3873
1	3873
1	3873
1	3875
1	3876
1	3876
1	3876
1	3876
1	3877
1	3877
1	3879
1	3879
1	3879
1	3880
1	3882
1	3883
1	3884
1	3885
1	3886
1	3886
1	3887
1	3892
1	3894
1	3895
1	3897
1	3898
1	3898
1	3898
1	3899
1	3900
1	3902
1	3905
1	3905
1	3907
1	3907
1	3907
1	3909
1	3910
1	3910
1	3910
1	3911
1	3913
1	3914
1	3914
1	3914
1	3915
1	3916
1	3916
1	3917
1	3918
1	3918
1	3918
1	3919
1	3919
1	3919
1	3920
1	3922
1	3923
1	3924
1	3925
1	3927
1	3927
1	3928
1	3929
1	3931
1	3931
1	3931
1	3932
1	3933
1	3933
1	3934
1	3934
1	3935
1	3938
1	3938
1	3940
1	3940
1	3941
1	3942
1	3943
1	3943
1	3944
1	3944
1	3945
1	3946
1	3946
1	3946
1	3946
1	3947
1	3950
1	3950
1	3950
1	3954
1	3954
1	3956
1	3958
1	3959
1	3961
1	3961
1	3962
1	3966
1	3967
1	3967
1	3969
1	3971
1	3972
1	3972
1	3972
1	3974
1	3976
1	3979
1	3982
1	3982
1	3983
1	3983
1	3989
1	3989
1	3991
1	3993
1	3993
1	3993
1	3995
1	3996
1	3997
1	3998
1	3999
1	3999
1	3999
1	4001
1	4003
1	4003
1	4006
1	4006
1	4007
1	4009
1	4009
1	4010
1	4013
1	4013
1	4014
1	4014
1	4015
1	4017
1	4019
1	4019
1	4019
1	4019
1	4019
1	4020
1	4020
1	4021
1	4021
1	4021
1	4021
1	4022
1	4022
1	4024
1	4025
1	4025
1	4026
1	4027
1	4030
1	4032
1	4034
1	4037
1	4037
1	4038
1	4039
1	4039
1	4042
1	4042
1	4045
1	4046
1	4046
1	4047
1	4048
1	4048
1	4049
1	4049
1	4051
1	4052
1	4053
1	4053
1	4054
1	4054
1	4055
1	4055
1	4056
1	4057
1	4058
1	4059
1	4060
1	4061
1	4061
1	4062
1	4062
1	4063
1	4064
1	4064
1	4064
1	4065
1	4065
1	4065
1	4066
1	4068
1	4068
1	4069
1	4069
1	4071
1	4071
1	4074
1	4075
1	4075
1	4075
1	4079
1	4079
1	4079
1	4080
1	4080
1	4081
1	4082
1	4082
1	4083
1	4083
1	4083
1	4085
1	4086
1	4089
1	4089
1	4089
1	4091
1	4092
1	4092
1	4092
1	4093
1	4094
1	4095
1	4095
1	4096
1	4096
1	4097
1	4097
1	4098
1	4098
1	4099
1	4101
1	4103
1	4104
1	4105
1	4107
1	4108
1	4109
1	4111
1	4111
1	4112
1	4113
1	4114
1	4115
1	4115
1	4115
1	4116
1	4116
1	4116
1	4116
1	4116
1	4116
1	4117
1	4117
1	4118
1	4118
1	4119
1	4120
1	4120
1	4121
1	4122
1	4123
1	4124
1	4125
1	4126
1	4130
1	4131
1	4132
1	4132
1	4133
1	4133
1	4134
1	4134
1	4135
1	4135
1	4135
1	4136
1	4136
1	4137
1	4138
1	4139
1	4140
1	4141
1	4143
1	4143
1	4144
1	4145
1	4146
1	4147
1	4147
1	4149
1	4149
1	4149
1	4150
1	4150
1	4151
1	4154
1	4155
1	4156
1	4157
1	4158
1	4159
1	4159
1	4161
1	4162
1	4163
1	4164
1	4165
1	4166
1	4167
1	4168
1	4168
1	4169
1	4169
1	4171
1	4171
1	4172
1	4174
1	4175
1	4176
1	4177
1	4178
1	4178
1	4179
1	4180
1	4181
1	4182
1	4183
1	4183
1	4184
1	4187
1	4189
1	4189
1	4190
1	4190
1	4190
1	4191
1	4192
1	4194
1	4194
1	4196
1	4196
1	4198
1	4199
1	4199
1	4200
1	4201
1	4202
1	4202
1	4203
1	4204
1	4205
1	4206
1	4207
1	4208
1	4208
1	4209
1	4209
1	4209
1	4210
1	4210
1	4211
1	4211
1	4212
1	4212
1	4214
1	4215
1	4216
1	4216
1	4217
1	4219
1	4220
1	4220
1	4221
1	4222
1	4223
1	4223
1	4224
1	4224
1	4225
1	4225
1	4226
1	4227
1	4227
1	4229
1	4230
1	4230
1	4232
1	4232
1	4232
1	4233
1	4234
1	4234
1	4235
1	4236
1	4237
1	4238
1	4238
1	4240
1	4241
1	4243
1	4243
1	4244
1	4245
1	4246
1	4247
1	4247
1	4247
1	4249
1	4250
1	4251
1	4251
1	4251
1	4251
1	4251
1	4253
1	4253
1	4255
1	4255
1	4255
1	4256
1	4257
1	4257
1	4258
1	4258
1	4261
1	4262
1	4264
1	4265
1	4265
1	4267
1	4267
1	4269
1	4269
1	4274
1	4274
1	4274
1	4275
1	4277
1	4278
1	4278
1	4280
1	4281
1	4282
1	4282
1	4282
1	4283
1	4285
1	4285
1	4286
1	4286
1	4288
1	4289
1	4290
1	4292
1	4293
1	4293
1	4293
1	4294
1	4295
1	4296
1	4296
1	4299
1	4301
1	4301
1	4303
1	4304
1	4304
1	4304
1	4305
1	4307
1	4308
1	4308
1	4311
1	4312
1	4314
1	4314
1	4315
1	4315
1	4316
1	4316
1	4316
1	4317
1	4317
1	4318
1	4318
1	4319
1	4319
1	4321
1	4321
1	4322
1	4323
1	4324
1	4326
1	4326
1	4326
1	4329
1	4330
1	4334
1	4336
1	4336
1	4336
1	4339
1	4342
1	4343
1	4344
1	4345
1	4346
1	4347
1	4348
1	4348
1	4349
1	4350
1	4350
1	4352
1	4353
1	4353
1	4354
1	4356
1	4356
1	4358
1	4358
1	4360
1	4360
1	4361
1	4362
1	4363
1	4367
1	4369
1	4374
1	4374
1	4375
1	4378
1	4378
1	4379
1	4380
1	4380
1	4380
1	4380
1	4380
1	4381
1	4382
1	4383
1	4384
1	4384
1	4385
1	4385
1	4386
1	4387
1	4387
1	4388
1	4389
1	4390
1	4390
1	4390
1	4391
1	4391
1	4391
1	4393
1	4396
1	4396
1	4396
1	4397
1	4398
1	4399
1	4399
1	4399
1	4400
1	4400
1	4401
1	4402
1	4402
1	4403
1	4403
1	4405
1	4405
1	4408
1	4408
1	4410
1	4413
1	4414
1	4415
1	4417
1	4418
1	4418
1	4419
1	4420
1	4420
1	4421
1	4422
1	4423
1	4425
1	4426
1	4426
1	4427
1	4428
1	4428
1	4428
1	4429
1	4430
1	4430
1	4431
1	4432
1	4434
1	4435
1	4436
1	4437
1	4437
1	4438
1	4438
1	4440
1	4440
1	4444
1	4444
1	4445
1	4446
1	4446
1	4447
1	4447
1	4448
1	4449
1	4449
1	4450
1	4453
1	4453
1	4453
1	4456
1	4457
1	4457
1	4457
1	4457
1	4458
1	4461
1	4461
1	4462
1	4464
1	4464
1	4464
1	4466
1	4466
1	4466
1	4468
1	4471
1	4472
1	4472
1	4473
1	4473
1	4473
1	4474
1	4475
1	4476
1	4476
1	4476
1	4476
1	4477
1	4477
1	4478
1	4480
1	4481
1	4483
1	4484
1	4484
1	4486
1	4487
1	4487
1	4487
1	4489
1	4489
1	4491
1	4492
1	4493
1	4494
1	4494
1	4496
1	4497
1	4498
1	4499
1	4499
1	4500
1	4500
1	4500
1	4501
1	4503
1	4503
1	4505
1	4506
1	4508
1	4509
1	4509
1	4510
1	4511
1	4511
1	4513
1	4514
1	4515
1	4516
1	4519
1	4520
1	4521
1	4522
1	4523
1	4523
1	4523
1	4524
1	4525
1	4526
1	4526
1	4526
1	4527
1	4527
1	4528
1	4529
1	4533
1	4534
1	4536
1	4537
1	4540
1	4541
1	4542
1	4542
1	4542
1	4544
1	4544
1	4545
1	4547
1	4547
1	4548
1	4548
1	4549
1	4550
1	4551
1	4555
1	4555
1	4557
1	4561
1	4564
1	4564
1	4567
1	4568
1	4570
1	4572
1	4574
1	4578
1	4578
1	4578
1	4580
1	4581
1	4583
1	4584
1	4584
1	4585
1	4586
1	4587
1	4587
1	4587
1	4588
1	4588
1	4588
1	4588
1	4589
1	4592
1	4592
1	4592
1	4593
1	4594
1	4595
1	4595
1	4595
1	4598
1	4599
1	4602
1	4602
1	4603
1	4603
1	4604
1	4605
1	4606
1	4606
1	4606
1	4607
1	4610
1	4612
1	4614
1	4615
1	4615
1	4615
1	4616
1	4621
1	4622
1	4623
1	4623
1	4624
1	4626
1	4627
1	4629
1	4629
1	4629
1	4630
1	4630
1	4631
1	4631
1	4632
1	4632
1	4633
1	4633
1	4633
1	4634
1	4635
1	4637
1	4637
1	4638
1	4639
1	4640
1	4641
1	4641
1	4641
1	4642
1	4642
1	4644
1	4646
1	4646
1	4649
1	4649
1	4650
1	4650
1	4651
1	4651
1	4652
1	4653
1	4654
1	4654
1	4654
1	4657
1	4657
1	4658
1	4659
1	4659
1	4660
1	4660
1	4662
1	4663
1	4663
1	4664
1	4666
1	4667
1	4668
1	4668
1	4668
1	4669
1	4669
1	4669
1	4670
1	4671
1	4671
1	4673
1	4673
1	4674
1	4675
1	4675
1	4676
1	4676
1	4677
1	4677
1	4677
1	4677
1	4679
1	4679
1	4682
1	4683
1	4683
1	4684
1	4684
1	4685
1	4686
1	4686
1	4687
1	4687
1	4688
1	4688
1	4691
1	4692
1	4692
1	4694
1	4694
1	4694
1	4695
1	4696
1	4696
1	4697
1	4700
1	4700
1	4701
1	4702
1	4702
1	4702
1	4702
1	4703
1	4704
1	4704
1	4705
1	4705
1	4707
1	4707
1	4711
1	4711
1	4712
1	4712
1	4713
1	4713
1	4714
1	4714
1	4715
1	4716
1	4716
1	4717
1	4718
1	4719
1	4721
1	4721
1	4722
1	4723
1	4723
1	4725
1	4726
1	4727
1	4727
1	4728
1	4728
1	4729
1	4729
1	4729
1	4731
1	4731
1	4732
1	4732
1	4733
1	4733
1	4733
1	4734
1	4735
1	4736
1	4736
1	4737
1	4737
1	4737
1	4737
1	4741
1	4742
1	4742
1	4745
1	4746
1	4746
1	4747
1	4747
1	4749
1	4749
1	4750
1	4751
1	4751
1	4751
1	4753
1	4753
1	4754
1	4755
1	4756
1	4756
1	4756
1	4757
1	4757
1	4759
1	4759
1	4760
1	4761
1	4761
1	4762
1	4762
1	4763
1	4764
1	4764
1	4764
1	4765
1	4765
1	4765
1	4765
1	4766
1	4767
1	4768
1	4769
1	4770
1	4771
1	4772
1	4772
1	4773
1	4775
1	4775
1	4776
1	4777
1	4779
1	4779
1	4779
1	4780
1	4780
1	4780
1	4783
1	4784
1	4784
1	4786
1	4788
1	4789
1	4792
1	4792
1	4793
1	4793
1	4793
1	4794
1	4794
1	4795
1	4795
1	4796
1	4796
1	4797
1	4798
1	4799
1	4799
1	4799
1	4803
1	4804
1	4805
1	4807
1	4808
1	4811
1	4811
1	4813
1	4813
1	4813
1	4813
1	4814
1	4815
1	4816
1	4816
1	4816
1	4818
1	4821
1	4822
1	4824
1	4824
1	4824
1	4825
1	4826
1	4831
1	4832
1	4833
1	4833
1	4836
1	4837
1	4837
1	4838
1	4838
1	4839
1	4840
1	4841
1	4841
1	4841
1	4842
1	4843
1	4845
1	4845
1	4846
1	4847
1	4847
1	4847
1	4848
1	4848
1	4849
1	4850
1	4851
1	4853
1	4854
1	4854
1	4855
1	4855
1	4856
1	4859
1	4859
1	4859
1	4859
1	4860
1	4860
1	4861
1	4862
1	4863
1	4864
1	4867
1	4868
1	4870
1	4870
1	4871
1	4871
1	4871
1	4872
1	4872
1	4873
1	4874
1	4877
1	4877
1	4877
1	4878
1	4878
1	4879
1	4879
1	4879
1	4880
1	4881
1	4881
1	4883
1	4885
1	4886
1	4886
1	4887
1	4888
1	4889
1	4890
1	4893
1	4893
1	4893
1	4895
1	4895
1	4898
1	4898
1	4899
1	4900
1	4901
1	4902
1	4902
1	4904
1	4904
1	4905
1	4906
1	4907
1	4908
1	4908
1	4909
1	4909
1	4910
1	4912
1	4912
1	4913
1	4914
1	4914
1	4915
1	4915
1	4917
1	4917
1	4917
1	4918
1	4919
1	4920
1	4921
1	4921
1	4923
1	4923
1	4925
1	4929
1	4930
1	4930
1	4936
1	4936
1	4937
1	4939
1	4939
1	4941
1	4941
1	4943
1	4944
1	4944
1	4944
1	4945
1	4947
1	4947
1	4948
1	4948
1	4948
1	4948
1	4948
1	4948
1	4948
1	4950
1	4952
1	4953
1	4953
1	4956
1	4957
1	4957
1	4957
1	4958
1	4959
1	4959
1	4959
1	4960
1	4961
1	4961
1	4962
1	4963
1	4965
1	4965
1	4966
1	4967
1	4967
1	4967
1	4968
1	4969
1	4969
1	4970
1	4971
1	4972
1	4972
1	4973
1	4973
1	4974
1	4974
1	4975
1	4975
1	4976
1	4976
1	4977
1	4979
1	4980
1	4980
1	4982
1	4982
1	4982
1	4983
1	4983
1	4984
1	4984
1	4985
1	4985
1	4985
1	4986
1	4987
1	4989
1	4989
1	4990
1	4990
1	4990
1	4990
1	4995
1	4995
1	4996
1	4998
1	4998
1	4999
1	5001
1	5002
1	5006
1	5007
1	5007
1	5007
1	5008
1	5009
1	5010
1	5012
1	5012
1	5014
1	5015
1	5015
1	5017
1	5018
1	5019
1	5020
1	5020
1	5020
1	5022
1	5022
1	5023
1	5023
1	5023
1	5024
1	5025
1	5026
1	5026
1	5026
1	5027
1	5027
1	5028
1	5029
1	5029
1	5030
1	5030
1	5035
1	5036
1	5037
1	5037
1	5042
1	5042
1	5046
1	5047
1	5049
1	5051
1	5052
1	5053
1	5053
1	5054
1	5054
1	5054
1	5056
1	5060
1	5060
1	5062
1	5062
1	5064
1	5064
1	5064
1	5065
1	5065
1	5066
1	5066
1	5067
1	5068
1	5070
1	5070
1	5071
1	5072
1	5073
1	5073
1	5073
1	5073
1	5074
1	5076
1	5077
1	5077
1	5077
1	5080
1	5081
1	5081
1	5082
1	5082
1	5084
1	5085
1	5086
1	5086
1	5086
1	5088
1	5089
1	5090
1	5090
1	5091
1	5092
1	5092
1	5093
1	5093
1	5094
1	5094
1	5096
1	5096
1	5098
1	5100
1	5101
1	5103
1	5105
1	5106
1	5106
1	5106
1	5108
1	5110
1	5110
1	5110
1	5110
1	5114
1	5116
1	5117
1	5117
1	5121
1	5124
1	5124
1	5124
1	5124
1	5125
1	5125
1	5125
1	5126
1	5127
1	5128
1	5129
1	5130
1	5131
1	5131
1	5131
1	5132
1	5133
1	5134
1	5134
1	5134
1	5135
1	5137
1	5137
1	5138
1	5138
1	5139
1	5139
1	5140
1	5142
1	5142
1	5144
1	5146
1	5146
1	5147
1	5148
1	5148
1	5149
1	5149
1	5149
1	5151
1	5151
1	5152
1	5153
1	5154
1	5155
1	5155
1	5156
1	5156
1	5157
1	5157
1	5161
1	5162
1	5162
1	5162
1	5162
1	5164
1	5165
1	5165
1	5165
1	5165
1	5165
1	5166
1	5166
1	5167
1	5167
1	5168
1	5169
1	5170
1	5170
1	5171
1	5171
1	5174
1	5175
1	5177
1	5177
1	5178
1	5178
1	5179
1	5179
1	5180
1	5181
1	5181
1	5182
1	5183
1	5184
1	5184
1	5185
1	5189
1	5190
1	5191
1	5192
1	5192
1	5194
1	5194
1	5195
1	5195
1	5198
1	5198
1	5199
1	5199
1	5200
1	5203
1	5204
1	5205
1	5207
1	5208
1	5211
1	5211
1	5213
1	5213
1	5215
1	5218
1	5218
1	5219
1	5220
1	5221
1	5221
1	5221
1	5222
1	5222
1	5224
1	5224
1	5225
1	5227
1	5227
1	5229
1	5229
1	5231
1	5232
1	5232
1	5233
1	5233
1	5235
1	5236
1	5237
1	5237
1	5238
1	5239
1	5239
1	5241
1	5243
1	5243
1	5247
1	5247
1	5247
1	5248
1	5248
1	5249
1	5249
1	5249
1	5249
1	5249
1	5250
1	5251
1	5251
1	5253
1	5254
1	5257
1	5258
1	5258
1	5259
1	5259
1	5260
1	5260
1	5261
1	5262
1	5264
1	5266
1	5266
1	5267
1	5268
1	5268
1	5269
1	5272
1	5272
1	5273
1	5273
1	5274
1	5274
1	5276
1	5276
1	5277
1	5277
1	5277
1	5278
1	5280
1	5281
1	5282
1	5282
1	5283
1	5283
1	5283
1	5287
1	5289
1	5290
1	5292
1	5292
1	5293
1	5293
1	5297
1	5297
1	5299
1	5300
1	5300
1	5301
1	5301
1	5301
1	5301
1	5304
1	5304
1	5306
1	5306
1	5307
1	5310
1	5310
1	5311
1	5311
1	5312
1	5313
1	5314
1	5314
1	5315
1	5315
1	5315
1	5315
1	5316
1	5316
1	5317
1	5318
1	5318
1	5319
1	5321
1	5322
1	5325
1	5327
1	5328
1	5329
1	5333
1	5334
1	5334
1	5334
1	5336
1	5336
1	5336
1	5337
1	5337
1	5337
1	5338
1	5338
1	5338
1	5338
1	5339
1	5339
1	5340
1	5340
1	5340
1	5342
1	5342
1	5343
1	5343
1	5343
1	5344
1	5344
1	5345
1	5346
1	5347
1	5348
1	5348
1	5349
1	5349
1	5353
1	5353
1	5355
1	5357
1	5357
1	5359
1	5359
1	5361
1	5362
1	5362
1	5363
1	5363
1	5365
1	5365
1	5366
1	5367
1	5367
1	5369
1	5371
1	5371
1	5372
1	5373
1	5373
1	5373
1	5374
1	5375
1	5375
1	5376
1	5376
1	5377
1	5377
1	5378
1	5378
1	5379
1	5380
1	5381
1	5382
1	5382
1	5383
1	5384
1	5385
1	5386
1	5387
1	5388
1	5389
1	5390
1	5391
1	5391
1	5392
1	5393
1	5393
1	5394
1	5396
1	5398
1	5399
1	5399
1	5400
1	5402
1	5403
1	5404
1	5407
1	5407
1	5408
1	5409
1	5410
1	5412
1	5414
1	5417
1	5419
1	5419
1	5420
1	5420
1	5422
1	5422
1	5422
1	5423
1	5425
1	5426
1	5427
1	5427
1	5428
1	5428
1	5429
1	5429
1	5430
1	5431
1	5431
1	5431
1	5431
1	5433
1	5433
1	5435
1	5436
1	5436
1	5437
1	5439
1	5440
1	5441
1	5441
1	5442
1	5443
1	5445
1	5445
1	5446
1	5446
1	5447
1	5448
1	5448
1	5449
1	5449
1	5450
1	5450
1	5451
1	5452
1	5452
1	5452
1	5453
1	5454
1	5455
1	5455
1	5455
1	5457
1	5459
1	5460
1	5461
1	5463
1	5463
1	5464
1	5464
1	5464
1	5464
1	5465
1	5466
1	5467
1	5467
1	5467
1	5476
1	5477
1	5477
1	5478
1	5478
1	5478
1	5481
1	5483
1	5483
1	5485
1	5485
1	5487
1	5488
1	5488
1	5489
1	5489
1	5490
1	5490
1	5492
1	5493
1	5493
1	5493
1	5494
1	5494
1	5494
1	5495
1	5495
1	5495
1	5497
1	5497
1	5498
1	5498
1	5499
1	5500
1	5502
1	5502
1	5504
1	5506
1	5507
1	5508
1	5509
1	5511
1	5512
1	5513
1	5517
1	5517
1	5518
1	5518
1	5518
1	5520
1	5521
1	5521
1	5521
1	5521
1	5521
1	5521
1	5522
1	5523
1	5523
1	5524
1	5524
1	5524
1	5525
1	5525
1	5526
1	5529
1	5530
1	5530
1	5531
1	5531
1	5532
1	5533
1	5533
1	5534
1	5534
1	5535
1	5535
1	5537
1	5538
1	5539
1	5539
1	5542
1	5543
1	5543
1	5544
1	5545
1	5547
1	5548
1	5549
1	5549
1	5551
1	5551
1	5553
1	5553
1	5555
1	5556
1	5556
1	5556
1	5556
1	5556
1	5557
1	5559
1	5560
1	5560
1	5562
1	5563
1	5566
1	5566
1	5567
1	5567
1	5569
1	5570
1	5570
1	5571
1	5573
1	5574
1	5574
1	5574
1	5576
1	5578
1	5579
1	5579
1	5579
1	5579
1	5580
1	5580
1	5582
1	5583
1	5584
1	5584
1	5585
1	5585
1	5585
1	5586
1	5587
1	5588
1	5588
1	5589
1	5590
1	5590
1	5591
1	5594
1	5594
1	5597
1	5597
1	5599
1	5600
1	5602
1	5603
1	5604
1	5604
1	5605
1	5605
1	5605
1	5606
1	5606
1	5608
1	5609
1	5609
1	5610
1	5612
1	5613
1	5613
1	5614
1	5614
1	5616
1	5617
1	5617
1	5618
1	5620
1	5621
1	5621
1	5621
1	5622
1	5623
1	5623
1	5624
1	5624
1	5625
1	5625
1	5625
1	5626
1	5627
1	5627
1	5628
1	5628
1	5628
1	5630
1	5632
1	5633
1	5633
1	5635
1	5636
1	5636
1	5639
1	5640
1	5640
1	5640
1	5641
1	5641
1	5641
1	5642
1	5642
1	5643
1	5644
1	5644
1	5645
1	5645
1	5645
1	5645
1	5646
1	5647
1	5648
1	5649
1	5650
1	5651
1	5651
1	5652
1	5652
1	5653
1	5654
1	5657
1	5657
1	5657
1	5658
1	5658
1	5661
1	5661
1	5662
1	5662
1	5662
1	5662
1	5663
1	5663
1	5663
1	5664
1	5664
1	5665
1	5665
1	5665
1	5666
1	5666
1	5667
1	5669
1	5669
1	5670
1	5670
1	5671
1	5671
1	5671
1	5671
1	5673
1	5674
1	5674
1	5675
1	5675
1	5678
1	5678
1	5678
1	5678
1	5679
1	5679
1	5680
1	5681
1	5682
1	5684
1	5684
1	5685
1	5687
1	5688
1	5689
1	5690
1	5691
1	5693
1	5693
1	5693
1	5695
1	5695
1	5696
1	5696
1	5696
1	5696
1	5698
1	5699
1	5699
1	5700
1	5701
1	5703
1	5704
1	5704
1	5704
1	5705
1	5705
1	5705
1	5706
1	5706
1	5706
1	5707
1	5707
1	5708
1	5709
1	5709
1	5709
1	5715
1	5715
1	5716
1	5718
1	5720
1	5721
1	5722
1	5723
1	5724
1	5724
1	5725
1	5725
1	5729
1	5732
1	5732
1	5733
1	5733
1	5733
1	5734
1	5734
1	5735
1	5735
1	5735
1	5737
1	5739
1	5739
1	5740
1	5740
1	5741
1	5745
1	5745
1	5748
1	5749
1	5749
1	5750
1	5751
1	5751
1	5752
1	5752
1	5756
1	5757
1	5757
1	5758
1	5758
1	5760
1	5761
1	5762
1	5762
1	5764
1	5764
1	5765
1	5769
1	5769
1	5772
1	5772
1	5775
1	5776
1	5776
1	5776
1	5778
1	5780
1	5781
1	5781
1	5783
1	5785
1	5785
1	5785
1	5787
1	5787
1	5790
1	5791
1	5793
1	5794
1	5794
1	5794
1	5794
1	5794
1	5795
1	5795
1	5796
1	5797
1	5799
1	5801
1	5801
1	5801
1	5803
1	5803
1	5804
1	5807
1	5807
1	5808
1	5812
1	5812
1	5813
1	5814
1	5814
1	5814
1	5815
1	5815
1	5816
1	5816
1	5816
1	5817
1	5817
1	5821
1	5821
1	5822
1	5822
1	5823
1	5824
1	5825
1	5826
1	5828
1	5828
1	5830
1	5831
1	5832
1	5832
1	5836
1	5837
1	5838
1	5839
1	5839
1	5842
1	5844
1	5844
1	5845
1	5845
1	5845
1	5846
1	5846
1	5847
1	5848
1	5849
1	5849
1	5850
1	5851
1	5851
1	5851
1	5851
1	5851
1	5853
1	5854
1	5855
1	5856
1	5856
1	5856
1	5857
1	5859
1	5859
1	5859
1	5862
1	5862
1	5863
1	5863
1	5867
1	5868
1	5868
1	5868
1	5869
1	5869
1	5870
1	5870
1	5871
1	5871
1	5872
1	5873
1	5873
1	5873
1	5873
1	5875
1	5876
1	5876
1	5876
1	5876
1	5877
1	5877
1	5878
1	5879
1	5880
1	5881
1	5881
1	5883
1	5883
1	5883
1	5884
1	5885
1	5886
1	5887
1	5887
1	5888
1	5889
1	5889
1	5889
1	5889
1	5890
1	5892
1	5893
1	5893
1	5893
1	5894
1	5894
1	5894
1	5895
1	5895
1	5895
1	5896
1	5896
1	5897
1	5898
1	5898
1	5899
1	5903
1	5904
1	5904
1	5905
1	5907
1	5908
1	5909
1	5910
1	5911
1	5912
1	5913
1	5914
1	5914
1	5915
1	5919
1	5920
1	5920
1	5922
1	5923
1	5923
1	5924
1	5924
1	5924
1	5925
1	5926
1	5928
1	5928
1	5928
1	5930
1	5931
1	5932
1	5933
1	5934
1	5934
1	5935
1	5935
1	5935
1	5936
1	5936
1	5936
1	5937
1	5937
1	5937
1	5938
1	5941
1	5941
1	5944
1	5945
1	5948
1	5949
1	5950
1	5951
1	5952
1	5952
1	5952
1	5952
1	5955
1	5956
1	5956
1	5957
1	5958
1	5958
1	5958
1	5961
1	5962
1	5962
1	5964
1	5964
1	5965
1	5966
1	5966
1	5967
1	5969
1	5970
1	5972
1	5972
1	5972
1	5973
1	5973
1	5973
1	5974
1	5974
1	5974
1	5977
1	5977
1	5978
1	5979
1	5979
1	5980
1	5980
1	5981
1	5981
1	5982
1	5987
1	5987
1	5987
1	5988
1	5989
1	5989
1	5989
1	5989
1	5989
1	5992
1	5993
1	5993
1	5993
1	5995
1	5996
1	5997
1	6000
1	6001
1	6001
1	6001
1	6001
1	6002
1	6004
1	6005
1	6006
1	6007
1	6008
1	6008
1	6008
1	6008
1	6009
1	6012
1	6013
1	6013
1	6014
1	6014
1	6015
1	6017
1	6017
1	6020
1	6022
1	6022
1	6023
1	6023
1	6023
1	6024
1	6025
1	6025
1	6026
1	6026
1	6028
1	6028
1	6028
1	6029
1	6032
1	6033
1	6034
1	6035
1	6036
1	6036
1	6036
1	6037
1	6038
1	6039
1	6039
1	6042
1	6042
1	6043
1	6044
1	6044
1	6045
1	6048
1	6050
1	6050
1	6051
1	6054
1	6056
1	6056
1	6059
1	6059
1	6059
1	6060
1	6061
1	6061
1	6063
1	6064
1	6065
1	6065
1	6067
1	6068
1	6069
1	6070
1	6071
1	6073
1	6073
1	6075
1	6075
1	6077
1	6077
1	6077
1	6078
1	6078
1	6080
1	6081
1	6081
1	6082
1	6082
1	6084
1	6084
1	6085
1	6086
1	6088
1	6088
1	6090
1	6090
1	6092
1	6092
1	6093
1	6094
1	6094
1	6096
1	6097
1	6099
1	6100
1	6102
1	6102
1	6103
1	6104
1	6105
1	6105
1	6106
1	6107
1	6107
1	6107
1	6108
1	6108
1	6109
1	6109
1	6109
1	6109
1	6111
1	6113
1	6113
1	6113
1	6114
1	6114
1	6118
1	6120
1	6120
1	6120
1	6123
1	6123
1	6123
1	6123
1	6124
1	6125
1	6128
1	6129
1	6129
1	6130
1	6130
1	6130
1	6131
1	6131
1	6132
1	6133
1	6134
1	6134
1	6134
1	6135
1	6136
1	6137
1	6138
1	6139
1	6139
1	6139
1	6140
1	6141
1	6143
1	6144
1	6145
1	6145
1	6146
1	6146
1	6146
1	6147
1	6147
1	6148
1	6148
1	6153
1	6154
1	6154
1	6156
1	6156
1	6158
1	6158
1	6159
1	6159
1	6159
1	6161
1	6161
1	6163
1	6163
1	6163
1	6165
1	6165
1	6166
1	6167
1	6168
1	6168
1	6168
1	6168
1	6169
1	6169
1	6169
1	6170
1	6170
1	6171
1	6171
1	6171
1	6175
1	6175
1	6175
1	6176
1	6177
1	6177
1	6178
1	6180
1	6180
1	6180
1	6181
1	6181
1	6182
1	6183
1	6185
1	6185
1	6185
1	6186
1	6186
1	6187
1	6187
1	6187
1	6188
1	6188
1	6189
1	6190
1	6190
1	6193
1	6193
1	6194
1	6195
1	6195
1	6197
1	6197
1	6197
1	6198
1	6199
1	6202
1	6202
1	6202
1	6206
1	6206
1	6206
1	6208
1	6208
1	6212
1	6213
1	6213
1	6215
1	6215
1	6215
1	6215
1	6218
1	6219
1	6220
1	6220
1	6222
1	6223
1	6223
1	6224
1	6224
1	6225
1	6225
1	6227
1	6227
1	6227
1	6227
1	6228
1	6231
1	6231
1	6231
1	6231
1	6231
1	6232
1	6232
1	6232
1	6233
1	6235
1	6236
1	6236
1	6237
1	6238
1	6240
1	6240
1	6240
1	6241
1	6241
1	6243
1	6243
1	6243
1	6247
1	6247
1	6248
1	6248
1	6248
1	6248
1	6249
1	6249
1	6249
1	6249
1	6250
1	6250
1	6251
1	6251
1	6255
1	6255
1	6257
1	6258
1	6261
1	6261
1	6261
1	6262
1	6264
1	6267
1	6267
1	6268
1	6269
1	6270
1	6271
1	6273
1	6273
1	6273
1	6275
1	6275
1	6276
1	6277
1	6278
1	6279
1	6279
1	6279
1	6279
1	6280
1	6281
1	6281
1	6281
1	6283
1	6285
1	6285
1	6285
1	6285
1	6285
1	6285
1	6286
1	6286
1	6286
1	6288
1	6288
1	6288
1	6289
1	6289
1	6290
1	6290
1	6290
1	6291
1	6292
1	6292
1	6292
1	6294
1	6294
1	6294
1	6295
1	6297
1	6298
1	6298
1	6300
1	6300
1	6302
1	6305
1	6307
1	6308
1	6309
1	6310
1	6311
1	6312
1	6312
1	6313
1	6313
1	6314
1	6316
1	6316
1	6317
1	6318
1	6319
1	6319
1	6322
1	6322
1	6322
1	6324
1	6324
1	6324
1	6326
1	6326
1	6327
1	6327
1	6328
1	6329
1	6329
1	6329
1	6330
1	6330
1	6330
1	6331
1	6333
1	6334
1	6335
1	6336
1	6337
1	6337
1	6338
1	6338
1	6339
1	6340
1	6340
1	6341
1	6344
1	6344
1	6345
1	6347
1	6348
1	6350
1	6350
1	6351
1	6353
1	6354
1	6354
1	6354
1	6355
1	6356
1	6357
1	6357
1	6358
1	6359
1	6363
1	6364
1	6365
1	6365
1	6365
1	6369
1	6371
1	6371
1	6371
1	6372
1	6372
1	6373
1	6374
1	6375
1	6375
1	6376
1	6376
1	6377
1	6377
1	6377
1	6378
1	6378
1	6379
1	6379
1	6379
1	6380
1	6380
1	6381
1	6382
1	6383
1	6383
1	6383
1	6384
1	6384
1	6385
1	6385
1	6386
1	6386
1	6387
1	6388
1	6390
1	6391
1	6393
1	6393
1	6394
1	6395
1	6395
1	6396
1	6396
1	6397
1	6400
1	6400
1	6400
1	6401
1	6401
1	6402
1	6403
1	6403
1	6404
1	6405
1	6405
1	6406
1	6409
1	6410
1	6411
1	6411
1	6411
1	6412
1	6412
1	6414
1	6414
1	6414
1	6414
1	6416
1	6416
1	6417
1	6418
1	6418
1	6420
1	6421
1	6421
1	6421
1	6421
1	6424
1	6425
1	6425
1	6426
1	6428
1	6429
1	6429
1	6430
1	6432
1	6432
1	6433
1	6436
1	6437
1	6437
1	6439
1	6440
1	6441
1	6442
1	6444
1	6445
1	6445
1	6447
1	6448
1	6448
1	6450
1	6451
1	6451
1	6452
1	6452
1	6453
1	6454
1	6455
1	6457
1	6457
1	6458
1	6458
1	6458
1	6459
1	6459
1	6459
1	6460
1	6461
1	6461
1	6462
1	6462
1	6464
1	6465
1	6465
1	6466
1	6466
1	6468
1	6468
1	6469
1	6469
1	6469
1	6470
1	6471
1	6472
1	6473
1	6474
1	6475
1	6475
1	6480
1	6480
1	6480
1	6481
1	6482
1	6484
1	6487
1	6487
1	6488
1	6489
1	6490
1	6490
1	6490
1	6492
1	6493
1	6493
1	6493
1	6493
1	6494
1	6495
1	6495
1	6495
1	6496
1	6497
1	6498
1	6498
1	6498
1	6499
1	6499
1	6499
1	6499
1	6501
1	6501
1	6504
1	6505
1	6505
1	6506
1	6507
1	6510
1	6510
1	6512
1	6512
1	6512
1	6513
1	6514
1	6516
1	6516
1	6517
1	6517
1	6518
1	6519
1	6521
1	6521
1	6522
1	6523
1	6524
1	6524
1	6525
1	6525
1	6525
1	6525
1	6526
1	6527
1	6528
1	6530
1	6532
1	6533
1	6533
1	6534
1	6535
1	6535
1	6537
1	6538
1	6539
1	6542
1	6546
1	6546
1	6547
1	6547
1	6548
1	6548
1	6550
1	6550
1	6551
1	6553
1	6553
1	6554
1	6556
1	6557
1	6559
1	6560
1	6560
1	6561
1	6562
1	6562
1	6563
1	6563
1	6563
1	6566
1	6567
1	6568
1	6570
1	6572
1	6572
1	6572
1	6572
1	6574
1	6574
1	6575
1	6576
1	6576
1	6576
1	6578
1	6580
1	6580
1	6583
1	6583
1	6583
1	6584
1	6584
1	6587
1	6589
1	6591
1	6591
1	6592
1	6592
1	6592
1	6593
1	6593
1	6593
1	6595
1	6596
1	6597
1	6597
1	6597
1	6600
1	6600
1	6601
1	6601
1	6603
1	6605
1	6605
1	6606
1	6606
1	6607
1	6608
1	6608
1	6609
1	6609
1	6610
1	6611
1	6612
1	6612
1	6613
1	6615
1	6615
1	6616
1	6617
1	6617
1	6618
1	6619
1	6621
1	6625
1	6626
1	6626
1	6626
1	6626
1	6627
1	6628
1	6629
1	6630
1	6632
1	6633
1	6634
1	6634
1	6634
1	6634
1	6634
1	6635
1	6636
1	6639
1	6641
1	6642
1	6642
1	6643
1	6644
1	6645
1	6645
1	6648
1	6649
1	6649
1	6650
1	6653
1	6654
1	6654
1	6655
1	6655
1	6656
1	6656
1	6656
1	6657
1	6657
1	6658
1	6658
1	6659
1	6661
1	6661
1	6661
1	6662
1	6662
1	6662
1	6664
1	6666
1	6669
1	6669
1	6670
1	6673
1	6673
1	6674
1	6678
1	6678
1	6678
1	6679
1	6679
1	6680
1	6680
1	6681
1	6682
1	6682
1	6682
1	6683
1	6684
1	6684
1	6684
1	6684
1	6685
1	6685
1	6685
1	6686
1	6686
1	6687
1	6687
1	6689
1	6689
1	6690
1	6691
1	6691
1	6693
1	6694
1	6694
1	6696
1	6697
1	6698
1	6700
1	6702
1	6703
1	6703
1	6703
1	6704
1	6705
1	6705
1	6706
1	6707
1	6708
1	6709
1	6710
1	6710
1	6711
1	6712
1	6713
1	6713
1	6715
1	6717
1	6718
1	6718
1	6719
1	6722
1	6723
1	6725
1	6726
1	6727
1	6727
1	6727
1	6728
1	6729
1	6729
1	6729
1	6729
1	6729
1	6730
1	6730
1	6730
1	6731
1	6732
1	6732
1	6732
1	6732
1	6733
1	6733
1	6734
1	6734
1	6734
1	6734
1	6735
1	6735
1	6736
1	6737
1	6739
1	6741
1	6742
1	6743
1	6743
1	6745
1	6746
1	6747
1	6748
1	6748
1	6748
1	6748
1	6748
1	6749
1	6750
1	6751
1	6752
1	6752
1	6752
1	6754
1	6754
1	6755
1	6759
1	6759
1	6759
1	6761
1	6763
1	6764
1	6765
1	6765
1	6766
1	6770
1	6770
1	6772
1	6775
1	6776
1	6777
1	6777
1	6778
1	6778
1	6779
1	6780
1	6780
1	6781
1	6782
1	6782
1	6782
1	6783
1	6783
1	6783
1	6784
1	6785
1	6786
1	6787
1	6788
1	6788
1	6789
1	6789
1	6790
1	6792
1	6793
1	6795
1	6796
1	6798
1	6798
1	6799
1	6805
1	6805
1	6806
1	6806
1	6806
1	6807
1	6807
1	6807
1	6808
1	6811
1	6811
1	6812
1	6813
1	6815
1	6815
1	6816
1	6816
1	6816
1	6817
1	6818
1	6818
1	6818
1	6818
1	6818
1	6820
1	6821
1	6822
1	6825
1	6828
1	6828
1	6829
1	6829
1	6832
1	6832
1	6833
1	6836
1	6836
1	6836
1	6837
1	6837
1	6838
1	6838
1	6839
1	6839
1	6840
1	6841
1	6841
1	6843
1	6844
1	6846
1	6848
1	6848
1	6849
1	6850
1	6850
1	6852
1	6854
1	6856
1	6856
1	6857
1	6857
1	6858
1	6858
1	6861
1	6861
1	6861
1	6862
1	6863
1	6863
1	6865
1	6866
1	6869
1	6869
1	6869
1	6869
1	6871
1	6872
1	6874
1	6874
1	6875
1	6876
1	6877
1	6877
1	6879
1	6880
1	6880
1	6882
1	6884
1	6887
1	6887
1	6888
1	6888
1	6888
1	6890
1	6890
1	6890
1	6890
1	6890
1	6891
1	6891
1	6891
1	6895
1	6895
1	6895
1	6896
1	6896
1	6896
1	6896
1	6898
1	6898
1	6898
1	6899
1	6899
1	6902
1	6902
1	6902
1	6905
1	6907
1	6908
1	6910
1	6910
1	6913
1	6914
1	6915
1	6917
1	6917
1	6918
1	6919
1	6919
1	6919
1	6920
1	6920
1	6921
1	6922
1	6922
1	6923
1	6924
1	6924
1	6926
1	6928
1	6930
1	6931
1	6931
1	6932
1	6934
1	6935
1	6937
1	6940
1	6940
1	6942
1	6942
1	6944
1	6945
1	6948
1	6948
1	6948
1	6948
1	6949
1	6950
1	6953
1	6953
1	6957
1	6958
1	6958
1	6960
1	6960
1	6964
1	6964
1	6964
1	6966
1	6967
1	6967
1	6968
1	6969
1	6969
1	6969
1	6970
1	6970
1	6973
1	6976
1	6977
1	6977
1	6978
1	6978
1	6981
1	6982
1	6982
1	6983
1	6983
1	6983
1	6985
1	6985
1	6986
1	6988
1	6988
1	6989
1	6989
1	6990
1	6992
1	6992
1	6994
1	6994
1	6994
1	6994
1	6996
1	6996
1	6997
1	6998
1	6998
1	6999
1	7002
1	7003
1	7006
1	7007
1	7007
1	7008
1	7008
1	7008
1	7009
1	7010
1	7010
1	7012
1	7012
1	7013
1	7013
1	7013
1	7014
1	7016
1	7017
1	7020
1	7020
1	7020
1	7021
1	7023
1	7023
1	7023
1	7024
1	7024
1	7026
1	7027
1	7031
1	7031
1	7033
1	7034
1	7034
1	7035
1	7036
1	7036
1	7037
1	7037
1	7038
1	7039
1	7039
1	7039
1	7040
1	7040
1	7043
1	7043
1	7043
1	7043
1	7044
1	7045
1	7046
1	7047
1	7048
1	7048
1	7049
1	7049
1	7051
1	7051
1	7053
1	7053
1	7056
1	7056
1	7058
1	7059
1	7059
1	7060
1	7061
1	7064
1	7065
1	7067
1	7068
1	7068
1	7069
1	7070
1	7071
1	7071
1	7071
1	7072
1	7072
1	7072
1	7073
1	7073
1	7074
1	7074
1	7074
1	7075
1	7076
1	7077
1	7077
1	7077
1	7079
1	7080
1	7080
1	7081
1	7082
1	7082
1	7083
1	7083
1	7083
1	7083
1	7087
1	7087
1	7089
1	7090
1	7090
1	7090
1	7091
1	7093
1	7094
1	7096
1	7097
1	7098
1	7099
1	7100
1	7100
1	7101
1	7102
1	7102
1	7103
1	7103
1	7103
1	7106
1	7106
1	7106
1	7106
1	7107
1	7108
1	7109
1	7111
1	7112
1	7113
1	7114
1	7115
1	7116
1	7116
1	7116
1	7117
1	7118
1	7119
1	7119
1	7120
1	7120
1	7121
1	7121
1	7123
1	7123
1	7123
1	7123
1	7125
1	7125
1	7126
1	7127
1	7128
1	7129
1	7129
1	7129
1	7129
1	7130
1	7131
1	7131
1	7131
1	7132
1	7132
1	7132
1	7133
1	7134
1	7134
1	7134
1	7136
1	7138
1	7139
1	7140
1	7140
1	7141
1	7142
1	7143
1	7145
1	7147
1	7147
1	7148
1	7149
1	7151
1	7152
1	7152
1	7153
1	7153
1	7153
1	7153
1	7153
1	7156
1	7156
1	7157
1	7158
1	7159
1	7159
1	7160
1	7160
1	7160
1	7162
1	7163
1	7164
1	7165
1	7166
1	7166
1	7166
1	7166
1	7167
1	7168
1	7169
1	7170
1	7171
1	7172
1	7173
1	7175
1	7176
1	7176
1	7176
1	7176
1	7177
1	7178
1	7179
1	7179
1	7180
1	7180
1	7185
1	7186
1	7186
1	7187
1	7188
1	7189
1	7190
1	7190
1	7190
1	7191
1	7191
1	7191
1	7192
1	7193
1	7194
1	7195
1	7196
1	7198
1	7201
1	7201
1	7202
1	7203
1	7203
1	7203
1	7203
1	7205
1	7205
1	7207
1	7208
1	7210
1	7211
1	7211
1	7211
1	7212
1	7213
1	7214
1	7215
1	7215
1	7215
1	7217
1	7217
1	7218
1	7218
1	7218
1	7218
1	7218
1	7219
1	7220
1	7220
1	7223
1	7223
1	7224
1	7224
1	7225
1	7225
1	7226
1	7227
1	7227
1	7228
1	7229
1	7229
1	7229
1	7230
1	7231
1	7232
1	7232
1	7232
1	7233
1	7233
1	7234
1	7235
1	7235
1	7236
1	7236
1	7237
1	7238
1	7239
1	7239
1	7240
1	7241
1	7241
1	7242
1	7243
1	7244
1	7245
1	7245
1	7245
1	7246
1	7246
1	7247
1	7247
1	7247
1	7247
1	7248
1	7248
1	7250
1	7250
1	7253
1	7254
1	7254
1	7254
1	7255
1	7256
1	7256
1	7256
1	7257
1	7258
1	7258
1	7258
1	7258
1	7259
1	7259
1	7259
1	7260
1	7261
1	7262
1	7262
1	7263
1	7263
1	7264
1	7264
1	7264
1	7265
1	7265
1	7265
1	7265
1	7265
1	7267
1	7267
1	7269
1	7269
1	7269
1	7271
1	7271
1	7271
1	7273
1	7274
1	7274
1	7275
1	7275
1	7276
1	7276
1	7278
1	7280
1	7280
1	7281
1	7283
1	7284
1	7284
1	7284
1	7286
1	7286
1	7287
1	7289
1	7290
1	7290
1	7291
1	7291
1	7292
1	7292
1	7293
1	7294
1	7294
1	7295
1	7298
1	7298
1	7299
1	7300
1	7300
1	7300
1	7300
1	7300
1	7302
1	7302
1	7303
1	7303
1	7305
1	7306
1	7308
1	7308
1	7309
1	7309
1	7311
1	7313
1	7313
1	7314
1	7314
1	7314
1	7314
1	7315
1	7315
1	7317
1	7318
1	7318
1	7318
1	7319
1	7320
1	7320
1	7321
1	7322
1	7322
1	7322
1	7322
1	7323
1	7323
1	7323
1	7324
1	7324
1	7325
1	7329
1	7329
1	7331
1	7331
1	7332
1	7333
1	7334
1	7335
1	7335
1	7335
1	7336
1	7337
1	7337
1	7338
1	7338
1	7339
1	7339
1	7340
1	7341
1	7342
1	7343
1	7344
1	7344
1	7344
1	7344
1	7345
1	7345
1	7345
1	7346
1	7348
1	7349
1	7350
1	7351
1	7353
1	7353
1	7356
1	7358
1	7358
1	7358
1	7358
1	7360
1	7362
1	7363
1	7363
1	7363
1	7363
1	7364
1	7365
1	7366
1	7369
1	7369
1	7370
1	7370
1	7370
1	7370
1	7371
1	7371
1	7371
1	7372
1	7372
1	7373
1	7373
1	7373
1	7375
1	7376
1	7376
1	7377
1	7378
1	7379
1	7380
1	7381
1	7382
1	7384
1	7384
1	7384
1	7385
1	7385
1	7386
1	7388
1	7388
1	7390
1	7390
1	7392
1	7396
1	7396
1	7398
1	7398
1	7398
1	7399
1	7399
1	7401
1	7403
1	7403
1	7405
1	7406
1	7406
1	7406
1	7407
1	7408
1	7408
1	7410
1	7410
1	7410
1	7412
1	7413
1	7414
1	7415
1	7415
1	7416
1	7417
1	7417
1	7418
1	7418
1	7419
1	7422
1	7424
1	7426
1	7426
1	7427
1	7429
1	7432
1	7433
1	7434
1	7434
1	7435
1	7435
1	7435
1	7436
1	7436
1	7436
1	7437
1	7437
1	7437
1	7438
1	7438
1	7438
1	7438
1	7439
1	7439
1	7440
1	7441
1	7441
1	7443
1	7443
1	7444
1	7444
1	7446
1	7448
1	7448
1	7451
1	7451
1	7452
1	7452
1	7454
1	7455
1	7455
1	7457
1	7457
1	7458
1	7462
1	7462
1	7463
1	7465
1	7465
1	7466
1	7466
1	7467
1	7467
1	7468
1	7470
1	7474
1	7474
1	7476
1	7476
1	7479
1	7479
1	7480
1	7481
1	7481
1	7482
1	7483
1	7483
1	7483
1	7483
1	7483
1	7484
1	7486
1	7487
1	7487
1	7489
1	7489
1	7490
1	7491
1	7492
1	7493
1	7493
1	7495
1	7496
1	7496
1	7497
1	7498
1	7501
1	7501
1	7502
1	7502
1	7503
1	7504
1	7505
1	7505
1	7506
1	7506
1	7507
1	7507
1	7508
1	7508
1	7509
1	7509
1	7510
1	7511
1	7511
1	7513
1	7514
1	7515
1	7516
1	7518
1	7518
1	7518
1	7519
1	7519
1	7521
1	7521
1	7521
1	7522
1	7525
1	7527
1	7529
1	7529
1	7529
1	7530
1	7531
1	7532
1	7533
1	7534
1	7534
1	7534
1	7534
1	7535
1	7536
1	7537
1	7537
1	7537
1	7537
1	7538
1	7538
1	7538
1	7540
1	7540
1	7542
1	7542
1	7542
1	7543
1	7543
1	7544
1	7544
1	7544
1	7544
1	7545
1	7548
1	7548
1	7548
1	7550
1	7552
1	7552
1	7552
1	7554
1	7555
1	7556
1	7556
1	7560
1	7561
1	7561
1	7564
1	7565
1	7565
1	7565
1	7566
1	7568
1	7568
1	7569
1	7570
1	7571
1	7571
1	7572
1	7577
1	7577
1	7579
1	7580
1	7581
1	7581
1	7581
1	7583
1	7585
1	7586
1	7586
1	7586
1	7587
1	7590
1	7590
1	7590
1	7590
1	7591
1	7592
1	7592
1	7595
1	7595
1	7595
1	7596
1	7596
1	7597
1	7598
1	7599
1	7599
1	7600
1	7602
1	7603
1	7603
1	7603
1	7605
1	7605
1	7606
1	7606
1	7606
1	7606
1	7607
1	7607
1	7607
1	7609
1	7610
1	7611
1	7612
1	7612
1	7614
1	7616
1	7617
1	7617
1	7617
1	7618
1	7618
1	7618
1	7619
1	7619
1	7619
1	7623
1	7625
1	7626
1	7626
1	7627
1	7628
1	7629
1	7631
1	7631
1	7631
1	7632
1	7632
1	7633
1	7633
1	7634
1	7634
1	7634
1	7634
1	7636
1	7637
1	7638
1	7638
1	7639
1	7639
1	7641
1	7642
1	7642
1	7642
1	7644
1	7644
1	7644
1	7645
1	7645
1	7648
1	7648
1	7649
1	7649
1	7649
1	7650
1	7650
1	7652
1	7652
1	7652
1	7652
1	7652
1	7655
1	7658
1	7658
1	7658
1	7659
1	7659
1	7660
1	7662
1	7662
1	7663
1	7663
1	7664
1	7665
1	7665
1	7667
1	7668
1	7668
1	7668
1	7669
1	7670
1	7670
1	7672
1	7672
1	7673
1	7673
1	7674
1	7675
1	7675
1	7675
1	7677
1	7679
1	7681
1	7683
1	7683
1	7683
1	7685
1	7686
1	7686
1	7687
1	7687
1	7688
1	7688
1	7688
1	7688
1	7690
1	7690
1	7690
1	7694
1	7694
1	7695
1	7697
1	7699
1	7699
1	7700
1	7702
1	7704
1	7705
1	7705
1	7710
1	7711
1	7711
1	7711
1	7711
1	7713
1	7713
1	7715
1	7715
1	7716
1	7717
1	7717
1	7718
1	7718
1	7720
1	7720
1	7720
1	7721
1	7721
1	7722
1	7726
1	7726
1	7726
1	7727
1	7729
1	7729
1	7730
1	7730
1	7730
1	7731
1	7732
1	7732
1	7732
1	7732
1	7732
1	7734
1	7735
1	7735
1	7736
1	7736
1	7739
1	7739
1	7740
1	7741
1	7741
1	7745
1	7745
1	7747
1	7748
1	7748
1	7748
1	7748
1	7750
1	7751
1	7751
1	7753
1	7754
1	7754
1	7754
1	7754
1	7755
1	7756
1	7757
1	7757
1	7758
1	7758
1	7759
1	7759
1	7760
1	7760
1	7761
1	7763
1	7763
1	7765
1	7766
1	7766
1	7766
1	7766
1	7766
1	7767
1	7768
1	7768
1	7769
1	7769
1	7771
1	7773
1	7773
1	7775
1	7776
1	7776
1	7777
1	7777
1	7778
1	7778
1	7779
1	7779
1	7780
1	7780
1	7781
1	7781
1	7781
1	7783
1	7783
1	7783
1	7785
1	7785
1	7785
1	7785
1	7786
1	7786
1	7787
1	7791
1	7791
1	7792
1	7793
1	7793
1	7794
1	7794
1	7794
1	7797
1	7797
1	7799
1	7799
1	7800
1	7800
1	7800
1	7803
1	7803
1	7803
1	7803
1	7805
1	7805
1	7805
1	7805
1	7807
1	7808
1	7809
1	7809
1	7809
1	7811
1	7811
1	7811
1	7811
1	7812
1	7812
1	7812
1	7812
1	7813
1	7814
1	7814
1	7816
1	7816
1	7817
1	7817
1	7817
1	7817
1	7822
1	7822
1	7822
1	7823
1	7823
1	7823
1	7825
1	7825
1	7827
1	7827
1	7827
1	7827
1	7830
1	7830
1	7832
1	7832
1	7833
1	7835
1	7835
1	7835
1	7836
1	7837
1	7838
1	7838
1	7838
1	7839
1	7839
1	7840
1	7840
1	7841
1	7841
1	7842
1	7843
1	7843
1	7844
1	7844
1	7846
1	7847
1	7847
1	7850
1	7852
1	7852
1	7854
1	7855
1	7856
1	7857
1	7857
1	7858
1	7859
1	7860
1	7860
1	7861
1	7862
1	7864
1	7865
1	7865
1	7866
1	7867
1	7867
1	7867
1	7868
1	7870
1	7870
1	7872
1	7872
1	7872
1	7873
1	7873
1	7875
1	7879
1	7883
1	7886
1	7886
1	7887
1	7888
1	7888
1	7889
1	7889
1	7890
1	7890
1	7891
1	7891
1	7891
1	7891
1	7893
1	7894
1	7895
1	7897
1	7897
1	7897
1	7898
1	7898
1	7899
1	7899
1	7899
1	7899
1	7900
1	7901
1	7902
1	7903
1	7905
1	7906
1	7906
1	7906
1	7906
1	7906
1	7906
1	7907
1	7909
1	7909
1	7910
1	7911
1	7911
1	7912
1	7913
1	7913
1	7915
1	7915
1	7915
1	7916
1	7916
1	7916
1	7917
1	7917
1	7919
1	7920
1	7921
1	7921
1	7923
1	7923
1	7924
1	7924
1	7925
1	7925
1	7926
1	7927
1	7930
1	7930
1	7930
1	7931
1	7933
1	7934
1	7935
1	7935
1	7936
1	7937
1	7938
1	7938
1	7939
1	7939
1	7940
1	7940
1	7941
1	7943
1	7943
1	7943
1	7946
1	7947
1	7947
1	7947
1	7947
1	7950
1	7950
1	7952
1	7952
1	7953
1	7954
1	7954
1	7956
1	7956
1	7957
1	7958
1	7958
1	7958
1	7960
1	7960
1	7961
1	7961
1	7962
1	7964
1	7964
1	7965
1	7965
1	7965
1	7966
1	7966
1	7967
1	7968
1	7968
1	7968
1	7968
1	7969
1	7969
1	7969
1	7970
1	7970
1	7971
1	7971
1	7971
1	7973
1	7974
1	7975
1	7978
1	7979
1	7980
1	7980
1	7981
1	7982
1	7983
1	7985
1	7985
1	7985
1	7985
1	7986
1	7986
1	7986
1	7986
1	7986
1	7987
1	7988
1	7988
1	7988
1	7990
1	7991
1	7992
1	7992
1	7992
1	7992
1	7992
1	7992
1	7993
1	7993
1	7994
1	7994
1	7996
1	7996
1	7996
1	7996
1	7996
1	7998
1	7999
1	7999
1	7999
1	8001
1	8001
1	8001
1	8002
1	8002
1	8003
1	8003
1	8003
1	8003
1	8004
1	8004
1	8006
1	8007
1	8007
1	8008
1	8008
1	8009
1	8010
1	8012
1	8012
1	8013
1	8013
1	8015
1	8016
1	8017
1	8020
1	8022
1	8022
1	8022
1	8024
1	8024
1	8026
1	8028
1	8028
1	8028
1	8028
1	8029
1	8031
1	8031
1	8031
1	8033
1	8035
1	8035
1	8035
1	8036
1	8036
1	8036
1	8037
1	8039
1	8039
1	8039
1	8039
1	8040
1	8041
1	8041
1	8042
1	8044
1	8044
1	8045
1	8045
1	8045
1	8046
1	8047
1	8048
1	8048
1	8050
1	8051
1	8052
1	8054
1	8055
1	8055
1	8055
1	8056
1	8057
1	8057
1	8057
1	8059
1	8059
1	8060
1	8060
1	8060
1	8060
1	8062
1	8063
1	8064
1	8065
1	8066
1	8066
1	8066
1	8068
1	8070
1	8070
1	8071
1	8072
1	8072
1	8072
1	8072
1	8072
1	8073
1	8073
1	8074
1	8074
1	8076
1	8078
1	8079
1	8079
1	8079
1	8080
1	8081
1	8083
1	8084
1	8085
1	8085
1	8085
1	8085
1	8085
1	8087
1	8088
1	8088
1	8089
1	8089
1	8089
1	8091
1	8091
1	8092
1	8092
1	8092
1	8092
1	8093
1	8094
1	8094
1	8095
1	8095
1	8096
1	8097
1	8098
1	8098
1	8099
1	8099
1	8099
1	8099
1	8100
1	8100
1	8100
1	8102
1	8102
1	8103
1	8103
1	8104
1	8104
1	8105
1	8105
1	8107
1	8107
1	8107
1	8107
1	8107
1	8108
1	8108
1	8108
1	8108
1	8110
1	8112
1	8112
1	8114
1	8115
1	8115
1	8116
1	8116
1	8117
1	8120
1	8120
1	8121
1	8121
1	8122
1	8123
1	8123
1	8124
1	8125
1	8126
1	8128
1	8128
1	8131
1	8131
1	8131
1	8131
1	8134
1	8136
1	8138
1	8138
1	8138
1	8140
1	8142
1	8142
1	8143
1	8144
1	8145
1	8145
1	8147
1	8147
1	8148
1	8150
1	8151
1	8152
1	8152
1	8153
1	8153
1	8153
1	8155
1	8155
1	8156
1	8157
1	8157
1	8158
1	8159
1	8159
1	8159
1	8161
1	8161
1	8163
1	8163
1	8164
1	8164
1	8165
1	8165
1	8165
1	8165
1	8165
1	8168
1	8168
1	8169
1	8169
1	8171
1	8172
1	8172
1	8173
1	8173
1	8173
1	8174
1	8174
1	8177
1	8179
1	8179
1	8179
1	8179
1	8181
1	8181
1	8181
1	8183
1	8183
1	8183
1	8185
1	8185
1	8187
1	8187
1	8187
1	8187
1	8187
1	8188
1	8188
1	8189
1	8190
1	8192
1	8195
1	8197
1	8197
1	8199
1	8200
1	8203
1	8203
1	8204
1	8204
1	8205
1	8205
1	8205
1	8205
1	8205
1	8206
1	8206
1	8207
1	8207
1	8207
1	8208
1	8208
1	8209
1	8209
1	8212
1	8212
1	8212
1	8215
1	8218
1	8218
1	8219
1	8219
1	8220
1	8220
1	8221
1	8222
1	8222
1	8224
1	8224
1	8224
1	8226
1	8226
1	8226
1	8228
1	8228
1	8228
1	8230
1	8231
1	8233
1	8233
1	8233
1	8233
1	8234
1	8234
1	8234
1	8235
1	8235
1	8235
1	8236
1	8239
1	8239
1	8239
1	8241
1	8242
1	8242
1	8243
1	8243
1	8244
1	8245
1	8245
1	8246
1	8248
1	8248
1	8250
1	8250
1	8253
1	8254
1	8254
1	8255
1	8255
1	8256
1	8256
1	8256
1	8256
1	8257
1	8258
1	8260
1	8260
1	8261
1	8262
1	8262
1	8262
1	8263
1	8264
1	8264
1	8267
1	8267
1	8268
1	8270
1	8271
1	8273
1	8273
1	8273
1	8273
1	8274
1	8275
1	8276
1	8277
1	8277
1	8277
1	8278
1	8278
1	8279
1	8279
1	8280
1	8280
1	8281
1	8283
1	8283
1	8283
1	8284
1	8285
1	8286
1	8287
1	8287
1	8288
1	8288
1	8289
1	8290
1	8290
1	8290
1	8291
1	8291
1	8293
1	8294
1	8295
1	8295
1	8295
1	8295
1	8297
1	8297
1	8299
1	8299
1	8301
1	8301
1	8301
1	8301
1	8304
1	8304
1	8306
1	8306
1	8306
1	8306
1	8307
1	8307
1	8307
1	8308
1	8308
1	8309
1	8309
1	8309
1	8310
1	8310
1	8311
1	8312
1	8312
1	8312
1	8312
1	8312
1	8313
1	8314
1	8314
1	8316
1	8316
1	8317
1	8317
1	8317
1	8317
1	8318
1	8319
1	8320
1	8320
1	8320
1	8322
1	8322
1	8322
1	8323
1	8323
1	8323
1	8324
1	8324
1	8324
1	8324
1	8325
1	8325
1	8326
1	8327
1	8327
1	8328
1	8329
1	8329
1	8330
1	8333
1	8333
1	8334
1	8335
1	8335
1	8335
1	8335
1	8337
1	8338
1	8339
1	8339
1	8340
1	8342
1	8343
1	8345
1	8345
1	8345
1	8347
1	8347
1	8347
1	8347
1	8348
1	8350
1	8350
1	8350
1	8352
1	8352
1	8353
1	8354
1	8354
1	8354
1	8354
1	8355
1	8356
1	8356
1	8357
1	8358
1	8360
1	8360
1	8361
1	8361
1	8362
1	8362
1	8363
1	8363
1	8364
1	8364
1	8365
1	8367
1	8367
1	8368
1	8368
1	8368
1	8368
1	8368
1	8368
1	8369
1	8369
1	8370
1	8370
1	8370
1	8370
1	8370
1	8370
1	8371
1	8372
1	8372
1	8373
1	8373
1	8374
1	8374
1	8375
1	8376
1	8377
1	8378
1	8378
1	8379
1	8379
1	8379
1	8379
1	8380
1	8380
1	8381
1	8381
1	8382
1	8384
1	8384
1	8386
1	8386
1	8388
1	8389
1	8389
1	8390
1	8390
1	8391
1	8391
1	8391
1	8392
1	8393
1	8394
1	8395
1	8397
1	8397
1	8399
1	8399
1	8399
1	8400
1	8401
1	8401
1	8402
1	8402
1	8405
1	8408
1	8408
1	8409
1	8410
1	8410
1	8410
1	8410
1	8412
1	8413
1	8413
1	8414
1	8415
1	8416
1	8417
1	8417
1	8418
1	8420
1	8420
1	8420
1	8422
1	8422
1	8422
1	8422
1	8423
1	8424
1	8424
1	8425
1	8427
1	8427
1	8428
1	8430
1	8430
1	8430
1	8430
1	8430
1	8431
1	8432
1	8433
1	8433
1	8433
1	8434
1	8434
1	8436
1	8437
1	8437
1	8437
1	8438
1	8438
1	8438
1	8439
1	8439
1	8440
1	8440
1	8440
1	8440
1	8441
1	8441
1	8441
1	8442
1	8444
1	8444
1	8444
1	8445
1	8445
1	8445
1	8445
1	8445
1	8446
1	8446
1	8446
1	8446
1	8447
1	8447
1	8447
1	8449
1	8449
1	8449
1	8449
1	8450
1	8451
1	8452
1	8452
1	8452
1	8454
1	8454
1	8455
1	8455
1	8456
1	8456
1	8459
1	8459
1	8460
1	8462
1	8463
1	8464
1	8465
1	8465
1	8466
1	8467
1	8468
1	8469
1	8470
1	8470
1	8470
1	8471
1	8472
1	8472
1	8472
1	8473
1	8475
1	8475
1	8475
1	8475
1	8475
1	8475
1	8477
1	8478
1	8478
1	8479
1	8480
1	8481
1	8481
1	8482
1	8483
1	8483
1	8484
1	8484
1	8485
1	8485
1	8485
1	8487
1	8488
1	8488
1	8488
1	8490
1	8490
1	8490
1	8490
1	8491
1	8491
1	8491
1	8492
1	8493
1	8493
1	8493
1	8493
1	8494
1	8495
1	8496
1	8498
1	8498
1	8500
1	8501
1	8502
1	8502
1	8503
1	8505
1	8506
1	8506
1	8506
1	8508
1	8510
1	8511
1	8511
1	8511
1	8511
1	8511
1	8512
1	8512
1	8513
1	8514
1	8514
1	8514
1	8514
1	8515
1	8518
1	8518
1	8519
1	8520
1	8520
1	8520
1	8521
1	8522
1	8522
1	8523
1	8524
1	8524
1	8524
1	8525
1	8525
1	8526
1	8526
1	8526
1	8527
1	8527
1	8528
1	8528
1	8528
1	8529
1	8530
1	8530
1	8532
1	8532
1	8532
1	8534
1	8535
1	8535
1	8535
1	8538
1	8539
1	8540
1	8543
1	8543
1	8543
1	8544
1	8544
1	8544
1	8545
1	8545
1	8545
1	8546
1	8546
1	8546
1	8548
1	8551
1	8551
1	8552
1	8553
1	8553
1	8554
1	8554
1	8554
1	8556
1	8556
1	8556
1	8556
1	8556
1	8556
1	8556
1	8556
1	8556
1	8557
1	8558
1	8558
1	8558
1	8559
1	8559
1	8559
1	8559
1	8560
1	8561
1	8562
1	8564
1	8565
1	8566
1	8567
1	8571
1	8573
1	8573
1	8574
1	8576
1	8576
1	8578
1	8578
1	8579
1	8580
1	8582
1	8582
1	8583
1	8583
1	8583
1	8583
1	8584
1	8584
1	8585
1	8585
1	8585
1	8587
1	8587
1	8587
1	8588
1	8589
1	8589
1	8590
1	8591
1	8592
1	8592
1	8592
1	8593
1	8593
1	8593
1	8593
1	8595
1	8595
1	8595
1	8597
1	8599
1	8599
1	8600
1	8601
1	8601
1	8601
1	8602
1	8604
1	8606
1	8606
1	8607
1	8607
1	8607
1	8607
1	8609
1	8610
1	8610
1	8610
1	8610
1	8612
1	8613
1	8613
1	8613
1	8613
1	8614
1	8615
1	8615
1	8616
1	8616
1	8616
1	8616
1	8616
1	8617
1	8617
1	8618
1	8618
1	8619
1	8620
1	8621
1	8621
1	8621
1	8624
1	8624
1	8624
1	8625
1	8626
1	8626
1	8626
1	8626
1	8629
1	8630
1	8631
1	8631
1	8632
1	8634
1	8634
1	8636
1	8638
1	8639
1	8639
1	8639
1	8640
1	8640
1	8640
1	8641
1	8641
1	8642
1	8643
1	8644
1	8644
1	8644
1	8644
1	8645
1	8647
1	8647
1	8647
1	8648
1	8649
1	8649
1	8650
1	8650
1	8651
1	8652
1	8652
1	8654
1	8654
1	8654
1	8655
1	8656
1	8656
1	8657
1	8657
1	8659
1	8659
1	8660
1	8660
1	8661
1	8661
1	8662
1	8662
1	8662
1	8663
1	8663
1	8663
1	8665
1	8665
1	8665
1	8665
1	8666
1	8668
1	8668
1	8669
1	8669
1	8670
1	8670
1	8670
1	8671
1	8672
1	8672
1	8672
1	8673
1	8674
1	8675
1	8675
1	8677
1	8678
1	8678
1	8679
1	8680
1	8680
1	8681
1	8681
1	8684
1	8685
1	8685
1	8686
1	8687
1	8687
1	8687
1	8688
1	8689
1	8690
1	8692
1	8692
1	8693
1	8693
1	8694
1	8695
1	8695
1	8696
1	8696
1	8696
1	8697
1	8699
1	8700
1	8700
1	8700
1	8702
1	8702
1	8705
1	8705
1	8705
1	8705
1	8705
1	8706
1	8707
1	8708
1	8708
1	8709
1	8710
1	8711
1	8711
1	8711
1	8713
1	8713
1	8714
1	8715
1	8715
1	8715
1	8716
1	8718
1	8718
1	8719
1	8720
1	8721
1	8721
1	8721
1	8723
1	8724
1	8725
1	8726
1	8726
1	8726
1	8726
1	8728
1	8728
1	8728
1	8729
1	8730
1	8730
1	8732
1	8732
1	8733
1	8734
1	8734
1	8734
1	8735
1	8736
1	8736
1	8736
1	8736
1	8737
1	8737
1	8737
1	8739
1	8739
1	8740
1	8741
1	8742
1	8743
1	8744
1	8745
1	8746
1	8747
1	8747
1	8748
1	8749
1	8749
1	8750
1	8751
1	8751
1	8751
1	8751
1	8752
1	8752
1	8753
1	8754
1	8756
1	8757
1	8757
1	8757
1	8758
1	8760
1	8763
1	8763
1	8764
1	8764
1	8764
1	8765
1	8766
1	8767
1	8767
1	8767
1	8767
1	8768
1	8768
1	8770
1	8770
1	8770
1	8771
1	8771
1	8772
1	8772
1	8772
1	8772
1	8773
1	8773
1	8774
1	8774
1	8774
1	8775
1	8775
1	8775
1	8775
1	8776
1	8776
1	8777
1	8777
1	8777
1	8778
1	8779
1	8780
1	8782
1	8784
1	8784
1	8784
1	8786
1	8786
1	8786
1	8786
1	8787
1	8790
1	8790
1	8790
1	8791
1	8791
1	8791
1	8792
1	8792
1	8793
1	8794
1	8795
1	8795
1	8796
1	8797
1	8797
1	8797
1	8798
1	8798
1	8799
1	8799
1	8799
1	8799
1	8799
1	8800
1	8801
1	8801
1	8801
1	8801
1	8802
1	8802
1	8803
1	8803
1	8804
1	8804
1	8804
1	8807
1	8807
1	8808
1	8809
1	8809
1	8809
1	8810
1	8811
1	8811
1	8811
1	8812
1	8812
1	8813
1	8813
1	8814
1	8814
1	8815
1	8815
1	8815
1	8815
1	8817
1	8818
1	8818
1	8818
1	8818
1	8819
1	8819
1	8819
1	8821
1	8821
1	8821
1	8821
1	8822
1	8822
1	8824
1	8824
1	8824
1	8825
1	8825
1	8826
1	8826
1	8827
1	8828
1	8831
1	8831
1	8832
1	8834
1	8834
1	8835
1	8836
1	8836
1	8836
1	8836
1	8837
1	8838
1	8840
1	8841
1	8844
1	8844
1	8844
1	8845
1	8846
1	8846
1	8846
1	8847
1	8847
1	8847
1	8848
1	8849
1	8849
1	8849
1	8850
1	8850
1	8850
1	8850
1	8852
1	8853
1	8853
1	8853
1	8854
1	8855
1	8855
1	8856
1	8857
1	8857
1	8860
1	8861
1	8863
1	8865
1	8866
1	8868
1	8868
1	8871
1	8871
1	8872
1	8872
1	8872
1	8873
1	8874
1	8875
1	8876
1	8876
1	8876
1	8876
1	8876
1	8877
1	8877
1	8877
1	8879
1	8879
1	8879
1	8881
1	8882
1	8882
1	8883
1	8883
1	8883
1	8883
1	8884
1	8886
1	8886
1	8886
1	8886
1	8888
1	8890
1	8890
1	8891
1	8891
1	8892
1	8893
1	8893
1	8894
1	8894
1	8895
1	8895
1	8898
1	8899
1	8899
1	8901
1	8901
1	8902
1	8903
1	8903
1	8905
1	8905
1	8905
1	8905
1	8905
1	8905
1	8906
1	8909
1	8910
1	8911
1	8911
1	8911
1	8913
1	8913
1	8913
1	8913
1	8913
1	8914
1	8914
1	8915
1	8917
1	8917
1	8918
1	8918
1	8918
1	8920
1	8920
1	8921
1	8921
1	8921
1	8922
1	8922
1	8922
1	8923
1	8923
1	8923
1	8925
1	8925
1	8925
1	8926
1	8926
1	8926
1	8927
1	8929
1	8931
1	8932
1	8933
1	8933
1	8935
1	8936
1	8936
1	8937
1	8939
1	8941
1	8942
1	8942
1	8942
1	8943
1	8943
1	8948
1	8948
1	8949
1	8949
1	8950
1	8951
1	8951
1	8951
1	8952
1	8953
1	8953
1	8955
1	8956
1	8956
1	8958
1	8958
1	8958
1	8959
1	8959
1	8960
1	8960
1	8960
1	8960
1	8961
1	8962
1	8963
1	8963
1	8965
1	8965
1	8965
1	8966
1	8966
1	8966
1	8968
1	8969
1	8969
1	8971
1	8972
1	8973
1	8973
1	8973
1	8974
1	8974
1	8976
1	8976
1	8977
1	8977
1	8977
1	8980
1	8981
1	8982
1	8982
1	8982
1	8983
1	8983
1	8986
1	8986
1	8987
1	8987
1	8987
1	8990
1	8990
1	8994
1	8994
1	8994
1	8994
1	8994
1	8994
1	8995
1	8995
1	8996
1	8996
1	8998
1	8999
1	8999
1	8999
1	9000
1	9000
1	9002
1	9002
1	9003
1	9003
1	9004
1	9004
1	9005
1	9005
1	9005
1	9006
1	9006
1	9006
1	9007
1	9007
1	9008
1	9009
1	9009
1	9010
1	9012
1	9013
1	9014
1	9015
1	9015
1	9015
1	9016
1	9016
1	9019
1	9019
1	9019
1	9020
1	9021
1	9022
1	9023
1	9024
1	9027
1	9027
1	9028
1	9029
1	9030
1	9031
1	9032
1	9033
1	9033
1	9033
1	9035
1	9036
1	9036
1	9036
1	9037
1	9037
1	9038
1	9038
1	9038
1	9039
1	9039
1	9040
1	9041
1	9042
1	9042
1	9044
1	9044
1	9045
1	9045
1	9045
1	9047
1	9049
1	9050
1	9051
1	9051
1	9052
1	9052
1	9053
1	9053
1	9054
1	9055
1	9055
1	9056
1	9056
1	9056
1	9057
1	9059
1	9060
1	9060
1	9060
1	9060
1	9061
1	9061
1	9062
1	9062
1	9063
1	9064
1	9064
1	9065
1	9065
1	9068
1	9069
1	9071
1	9071
1	9072
1	9073
1	9074
1	9074
1	9074
1	9075
1	9075
1	9075
1	9076
1	9076
1	9077
1	9077
1	9077
1	9077
1	9078
1	9078
1	9079
1	9080
1	9081
1	9082
1	9082
1	9083
1	9083
1	9084
1	9084
1	9086
1	9088
1	9089
1	9089
1	9090
1	9091
1	9093
1	9094
1	9094
1	9095
1	9095
1	9096
1	9096
1	9096
1	9097
1	9097
1	9099
1	9101
1	9101
1	9101
1	9102
1	9103
1	9103
1	9103
1	9105
1	9106
1	9106
1	9107
1	9107
1	9108
1	9110
1	9112
1	9112
1	9113
1	9113
1	9113
1	9114
1	9117
1	9117
1	9118
1	9118
1	9118
1	9120
1	9120
1	9122
1	9122
1	9122
1	9122
1	9123
1	9123
1	9123
1	9123
1	9125
1	9125
1	9125
1	9126
1	9127
1	9127
1	9127
1	9128
1	9128
1	9129
1	9130
1	9132
1	9132
1	9133
1	9133
1	9134
1	9134
1	9134
1	9134
1	9135
1	9136
1	9136
1	9136
1	9137
1	9139
1	9140
1	9142
1	9142
1	9142
1	9143
1	9143
1	9144
1	9145
1	9146
1	9146
1	9147
1	9147
1	9149
1	9149
1	9151
1	9151
1	9151
1	9152
1	9152
1	9153
1	9155
1	9155
1	9157
1	9159
1	9160
1	9160
1	9160
1	9161
1	9161
1	9162
1	9162
1	9162
1	9163
1	9164
1	9165
1	9167
1	9168
1	9170
1	9172
1	9172
1	9172
1	9176
1	9177
1	9178
1	9178
1	9178
1	9179
1	9179
1	9180
1	9183
1	9184
1	9185
1	9185
1	9188
1	9189
1	9190
1	9195
1	9195
1	9195
1	9195
1	9196
1	9197
1	9199
1	9200
1	9200
1	9200
1	9200
1	9200
1	9202
1	9204
1	9204
1	9204
1	9205
1	9206
1	9206
1	9207
1	9209
1	9209
1	9209
1	9209
1	9210
1	9212
1	9212
1	9212
1	9214
1	9214
1	9215
1	9215
1	9216
1	9216
1	9216
1	9218
1	9218
1	9219
1	9220
1	9220
1	9222
1	9222
1	9222
1	9222
1	9223
1	9223
1	9224
1	9226
1	9226
1	9227
1	9229
1	9229
1	9229
1	9229
1	9229
1	9229
1	9233
1	9233
1	9233
1	9234
1	9234
1	9234
1	9234
1	9234
1	9234
1	9236
1	9237
1	9237
1	9237
1	9238
1	9240
1	9240
1	9240
1	9242
1	9246
1	9247
1	9247
1	9247
1	9248
1	9248
1	9251
1	9252
1	9253
1	9254
1	9254
1	9254
1	9255
1	9255
1	9257
1	9257
1	9259
1	9259
1	9261
1	9262
1	9263
1	9264
1	9264
1	9265
1	9265
1	9266
1	9267
1	9267
1	9267
1	9268
1	9269
1	9270
1	9271
1	9272
1	9273
1	9276
1	9276
1	9277
1	9279
1	9279
1	9280
1	9280
1	9281
1	9281
1	9283
1	9283
1	9284
1	9285
1	9286
1	9286
1	9286
1	9287
1	9287
1	9288
1	9289
1	9289
1	9290
1	9292
1	9293
1	9295
1	9295
1	9295
1	9295
1	9296
1	9298
1	9300
1	9300
1	9301
1	9302
1	9303
1	9305
1	9306
1	9307
1	9307
1	9308
1	9308
1	9309
1	9309
1	9309
1	9309
1	9311
1	9311
1	9312
1	9312
1	9314
1	9314
1	9314
1	9314
1	9314
1	9316
1	9317
1	9319
1	9319
1	9324
1	9324
1	9326
1	9327
1	9328
1	9328
1	9329
1	9331
1	9332
1	9332
1	9332
1	9332
1	9334
1	9335
1	9337
1	9337
1	9337
1	9339
1	9340
1	9341
1	9343
1	9345
1	9346
1	9348
1	9349
1	9350
1	9350
1	9351
1	9351
1	9352
1	9354
1	9355
1	9355
1	9355
1	9356
1	9357
1	9358
1	9359
1	9359
1	9359
1	9360
1	9361
1	9366
1	9367
1	9368
1	9368
1	9369
1	9369
1	9369
1	9370
1	9370
1	9371
1	9371
1	9371
1	9371
1	9372
1	9373
1	9374
1	9374
1	9374
1	9375
1	9375
1	9375
1	9376
1	9377
1	9377
1	9377
1	9377
1	9378
1	9378
1	9379
1	9379
1	9380
1	9380
1	9381
1	9381
1	9383
1	9383
1	9383
1	9383
1	9384
1	9384
1	9384
1	9386
1	9386
1	9387
1	9387
1	9388
1	9388
1	9388
1	9390
1	9390
1	9390
1	9391
1	9391
1	9391
1	9392
1	9392
1	9393
1	9395
1	9395
1	9397
1	9397
1	9397
1	9399
1	9399
1	9399
1	9401
1	9402
1	9402
1	9403
1	9403
1	9404
1	9404
1	9405
1	9405
1	9406
1	9406
1	9408
1	9408
1	9409
1	9409
1	9409
1	9412
1	9413
1	9414
1	9414
1	9414
1	9415
1	9416
1	9416
1	9419
1	9420
1	9421
1	9422
1	9422
1	9422
1	9422
1	9423
1	9425
1	9429
1	9431
1	9431
1	9431
1	9431
1	9433
1	9434
1	9435
1	9436
1	9436
1	9437
1	9437
1	9438
1	9439
1	9444
1	9444
1	9445
1	9445
1	9445
1	9446
1	9446
1	9449
1	9449
1	9450
1	9451
1	9452
1	9452
1	9454
1	9454
1	9455
1	9455
1	9455
1	9455
1	9456
1	9456
1	9458
1	9459
1	9460
1	9462
1	9462
1	9462
1	9463
1	9463
1	9463
1	9463
1	9464
1	9466
1	9466
1	9467
1	9467
1	9469
1	9469
1	9470
1	9470
1	9471
1	9471
1	9471
1	9472
1	9474
1	9475
1	9476
1	9476
1	9477
1	9478
1	9478
1	9479
1	9480
1	9482
1	9482
1	9484
1	9485
1	9487
1	9488
1	9488
1	9489
1	9489
1	9489
1	9490
1	9490
1	9491
1	9492
1	9493
1	9493
1	9495
1	9495
1	9496
1	9497
1	9498
1	9498
1	9499
1	9500
1	9501
1	9501
1	9501
1	9502
1	9505
1	9506
1	9506
1	9507
1	9507
1	9508
1	9508
1	9509
1	9509
1	9510
1	9510
1	9511
1	9512
1	9513
1	9514
1	9515
1	9515
1	9515
1	9515
1	9516
1	9517
1	9518
1	9518
1	9518
1	9518
1	9519
1	9519
1	9519
1	9521
1	9523
1	9523
1	9524
1	9524
1	9526
1	9526
1	9526
1	9527
1	9527
1	9527
1	9528
1	9528
1	9528
1	9528
1	9529
1	9530
1	9530
1	9532
1	9532
1	9534
1	9535
1	9535
1	9537
1	9537
1	9537
1	9537
1	9537
1	9538
1	9539
1	9539
1	9542
1	9543
1	9544
1	9546
1	9547
1	9547
1	9551
1	9554
1	9554
1	9554
1	9555
1	9555
1	9555
1	9556
1	9556
1	9557
1	9557
1	9558
1	9559
1	9561
1	9561
1	9562
1	9562
1	9565
1	9566
1	9566
1	9567
1	9568
1	9568
1	9568
1	9568
1	9569
1	9570
1	9573
1	9573
1	9573
1	9574
1	9574
1	9576
1	9576
1	9577
1	9577
1	9578
1	9578
1	9578
1	9578
1	9579
1	9580
1	9580
1	9580
1	9580
1	9581
1	9582
1	9582
1	9583
1	9583
1	9585
1	9585
1	9585
1	9585
1	9588
1	9589
1	9589
1	9591
1	9592
1	9594
1	9594
1	9599
1	9601
1	9602
1	9602
1	9603
1	9603
1	9604
1	9604
1	9605
1	9605
1	9606
1	9607
1	9607
1	9608
1	9610
1	9612
1	9613
1	9614
1	9614
1	9614
1	9615
1	9618
1	9619
1	9620
1	9620
1	9620
1	9621
1	9623
1	9623
1	9623
1	9625
1	9625
1	9628
1	9628
1	9629
1	9630
1	9631
1	9631
1	9631
1	9632
1	9632
1	9632
1	9633
1	9633
1	9633
1	9633
1	9634
1	9634
1	9635
1	9635
1	9636
1	9638
1	9639
1	9639
1	9639
1	9640
1	9641
1	9641
1	9641
1	9643
1	9643
1	9644
1	9644
1	9644
1	9645
1	9645
1	9645
1	9646
1	9646
1	9646
1	9646
1	9648
1	9648
1	9649
1	9650
1	9650
1	9651
1	9651
1	9651
1	9651
1	9653
1	9653
1	9653
1	9654
1	9655
1	9655
1	9656
1	9656
1	9656
1	9656
1	9656
1	9658
1	9659
1	9660
1	9661
1	9662
1	9663
1	9663
1	9663
1	9664
1	9667
1	9667
1	9668
1	9669
1	9669
1	9672
1	9673
1	9673
1	9674
1	9674
1	9676
1	9677
1	9678
1	9678
1	9678
1	9679
1	9679
1	9681
1	9681
1	9683
1	9683
1	9683
1	9684
1	9685
1	9686
1	9687
1	9687
1	9688
1	9689
1	9691
1	9691
1	9691
1	9692
1	9692
1	9693
1	9693
1	9694
1	9694
1	9694
1	9696
1	9697
1	9699
1	9699
1	9700
1	9700
1	9702
1	9703
1	9703
1	9704
1	9704
1	9705
1	9705
1	9708
1	9709
1	9709
1	9710
1	9710
1	9710
1	9710
1	9711
1	9711
1	9711
1	9711
1	9712
1	9712
1	9712
1	9712
1	9713
1	9713
1	9714
1	9714
1	9714
1	9715
1	9718
1	9719
1	9719
1	9720
1	9720
1	9722
1	9722
1	9724
1	9725
1	9725
1	9727
1	9728
1	9729
1	9730
1	9730
1	9733
1	9735
1	9735
1	9735
1	9735
1	9737
1	9738
1	9740
1	9740
1	9740
1	9740
1	9743
1	9744
1	9744
1	9745
1	9746
1	9747
1	9750
1	9753
1	9754
1	9755
1	9755
1	9756
1	9757
1	9758
1	9759
1	9759
1	9761
1	9761
1	9762
1	9766
1	9766
1	9766
1	9769
1	9769
1	9769
1	9769
1	9773
1	9773
1	9774
1	9774
1	9775
1	9775
1	9778
1	9779
1	9779
1	9781
1	9781
1	9781
1	9782
1	9783
1	9783
1	9783
1	9784
1	9785
1	9785
1	9785
1	9786
1	9786
1	9787
1	9789
1	9789
1	9790
1	9792
1	9793
1	9793
1	9794
1	9794
1	9795
1	9795
1	9796
1	9796
1	9797
1	9797
1	9797
1	9798
1	9798
1	9799
1	9799
1	9800
1	9800
1	9800
1	9801
1	9802
1	9802
1	9803
1	9805
1	9806
1	9806
1	9807
1	9808
1	9808
1	9809
1	9810
1	9811
1	9811
1	9811
1	9811
1	9812
1	9813
1	9813
1	9813
1	9814
1	9814
1	9814
1	9814
1	9814
1	9815
1	9815
1	9816
1	9817
1	9817
1	9817
1	9818
1	9818
1	9818
1	9820
1	9820
1	9821
1	9822
1	9824
1	9825
1	9825
1	9826
1	9828
1	9828
1	9828
1	9828
1	9832
1	9832
1	9833
1	9833
1	9834
1	9835
1	9835
1	9835
1	9835
1	9836
1	9836
1	9837
1	9837
1	9839
1	9839
1	9840
1	9841
1	9842
1	9843
1	9844
1	9845
1	9845
1	9845
1	9845
1	9846
1	9847
1	9849
1	9849
1	9850
1	9850
1	9850
1	9851
1	9851
1	9852
1	9852
1	9852
1	9853
1	9853
1	9854
1	9855
1	9857
1	9859
1	9859
1	9860
1	9862
1	9862
1	9862
1	9863
1	9865
1	9866
1	9866
1	9867
1	9867
1	9868
1	9868
1	9868
1	9868
1	9868
1	9869
1	9869
1	9869
1	9869
1	9870
1	9873
1	9874
1	9875
1	9875
1	9876
1	9876
1	9877
1	9877
1	9878
1	9878
1	9878
1	9880
1	9880
1	9880
1	9881
1	9881
1	9881
1	9882
1	9882
1	9882
1	9882
1	9883
1	9884
1	9885
1	9885
1	9885
1	9886
1	9887
1	9887
1	9889
1	9890
1	9890
1	9891
1	9891
1	9891
1	9892
1	9892
1	9893
1	9893
1	9894
1	9894
1	9894
1	9895
1	9895
1	9895
1	9896
1	9897
1	9897
1	9898
1	9899
1	9900
1	9902
1	9902
1	9902
1	9902
1	9904
1	9904
1	9906
1	9907
1	9909
1	9910
1	9911
1	9911
1	9911
1	9912
1	9913
1	9913
1	9915
1	9915
1	9915
1	9915
1	9916
1	9916
1	9917
1	9918
1	9919
1	9921
1	9921
1	9921
1	9921
1	9921
1	9921
1	9922
1	9923
1	9923
1	9924
1	9926
1	9928
1	9929
1	9930
1	9931
1	9932
1	9932
1	9932
1	9933
1	9933
1	9934
1	9934
1	9936
1	9937
1	9938
1	9938
1	9939
1	9939
1	9940
1	9941
1	9941
1	9941
1	9942
1	9942
1	9942
1	9943
1	9943
1	9943
1	9943
1	9945
1	9945
1	9946
1	9947
1	9947
1	9947
1	9948
1	9948
1	9948
1	9949
1	9949
1	9949
1	9950
1	9950
1	9951
1	9952
1	9952
1	9952
1	9953
1	9955
1	9956
1	9956
1	9957
1	9957
1	9958
1	9958
1	9958
1	9959
1	9959
1	9960
1	9960
1	9963
1	9963
1	9964
1	9964
1	9964
1	9964
1	9965
1	9966
1	9967
1	9967
1	9967
1	9970
1	9970
1	9971
1	9972
1	9972
1	9972
1	9972
1	9972
1	9974
1	9978
1	9979
1	9982
1	9983
1	9983
1	9983
1	9984
1	9984
1	9985
1	9987
1	9987
1	9987
1	9989
1	9990
1	9991
1	9992
1	9994
1	9994
1	9995
1	9996
1	9997
1	9997
1	9999
1	9999
1	10000
1	10001
1	10002
1	10002
1	10002
1	10003
1	10003
1	10003
1	10004
1	10004
1	10004
1	10005
1	10006
1	10006
1	10007
1	10007
1	10008
1	10009
1	10012
1	10013
1	10013
1	10014
1	10015
1	10015
1	10015
1	10016
1	10017
1	10019
1	10020
1	10020
1	10020
1	10020
1	10020
1	10021
1	10022
1	10023
1	10025
1	10026
1	10027
1	10028
1	10029
1	10029
1	10030
1	10030
1	10031
1	10031
1	10032
1	10032
1	10033
1	10034
1	10034
1	10036
1	10038
1	10038
1	10038
1	10038
1	10040
1	10040
1	10041
1	10041
1	10044
1	10044
1	10044
1	10045
1	10045
1	10046
1	10047
1	10048
1	10048
1	10048
1	10049
1	10049
1	10049
1	10049
1	10052
1	10052
1	10052
1	10052
1	10052
1	10053
1	10053
1	10054
1	10055
1	10057
1	10059
1	10060
1	10061
1	10062
1	10062
1	10062
1	10064
1	10064
1	10064
1	10065
1	10065
1	10066
1	10068
1	10069
1	10070
1	10070
1	10070
1	10070
1	10071
1	10071
1	10073
1	10074
1	10074
1	10075
1	10075
1	10075
1	10075
1	10078
1	10078
1	10078
1	10079
1	10080
1	10081
1	10081
1	10081
1	10082
1	10083
1	10083
1	10084
1	10084
1	10085
1	10085
1	10085
1	10086
1	10087
1	10088
1	10089
1	10089
1	10089
1	10090
1	10090
1	10092
1	10093
1	10094
1	10094
1	10094
1	10094
1	10095
1	10095
1	10096
1	10096
1	10098
1	10100
1	10100
1	10101
1	10101
1	10102
1	10102
1	10102
1	10103
1	10107
1	10108
1	10108
1	10108
1	10109
1	10109
1	10110
1	10111
1	10111
1	10112
1	10113
1	10114
1	10115
1	10115
1	10116
1	10117
1	10117
1	10117
1	10117
1	10118
1	10118
1	10119
1	10120
1	10120
1	10120
1	10120
1	10120
1	10121
1	10122
1	10122
1	10123
1	10123
1	10124
1	10126
1	10127
1	10127
1	10128
1	10129
1	10129
1	10131
1	10131
1	10131
1	10132
1	10133
1	10133
1	10134
1	10136
1	10136
1	10138
1	10139
1	10139
1	10139
1	10140
1	10143
1	10144
1	10144
1	10144
1	10145
1	10146
1	10146
1	10146
1	10146
1	10146
1	10147
1	10147
1	10147
1	10148
1	10149
1	10150
1	10151
1	10152
1	10152
1	10155
1	10155
1	10157
1	10157
1	10159
1	10159
1	10160
1	10161
1	10161
1	10161
1	10162
1	10162
1	10162
1	10163
1	10164
1	10164
1	10165
1	10166
1	10166
1	10167
1	10168
1	10168
1	10168
1	10169
1	10169
1	10170
1	10170
1	10171
1	10172
1	10172
1	10173
1	10175
1	10176
1	10177
1	10178
1	10180
1	10180
1	10184
1	10184
1	10184
1	10184
1	10185
1	10186
1	10186
1	10186
1	10186
1	10188
1	10189
1	10189
1	10190
1	10191
1	10191
1	10192
1	10192
1	10193
1	10193
1	10194
1	10195
1	10195
1	10195
1	10197
1	10198
1	10199
1	10200
1	10202
1	10202
1	10202
1	10203
1	10204
1	10204
1	10204
1	10204
1	10206
1	10209
1	10210
1	10210
1	10210
1	10211
1	10211
1	10213
1	10213
1	10214
1	10216
1	10217
1	10217
1	10218
1	10219
1	10219
1	10219
1	10220
1	10221
1	10221
1	10223
1	10223
1	10223
1	10223
1	10223
1	10226
1	10226
1	10226
1	10227
1	10228
1	10228
1	10228
1	10228
1	10229
1	10229
1	10230
1	10232
1	10232
1	10232
1	10233
1	10233
1	10233
1	10235
1	10235
1	10236
1	10236
1	10238
1	10238
1	10239
1	10239
1	10240
1	10241
1	10243
1	10244
1	10245
1	10246
1	10247
1	10248
1	10249
1	10249
1	10250
1	10250
1	10250
1	10250
1	10251
1	10252
1	10252
1	10253
1	10253
1	10253
1	10255
1	10255
1	10256
1	10256
1	10257
1	10257
1	10257
1	10261
1	10263
1	10266
1	10266
1	10266
1	10267
1	10267
1	10267
1	10268
1	10268
1	10268
1	10269
1	10272
1	10272
1	10272
1	10272
1	10273
1	10274
1	10274
1	10275
1	10276
1	10277
1	10278
1	10280
1	10280
1	10282
1	10283
1	10283
1	10283
1	10287
1	10287
1	10287
1	10287
1	10289
1	10292
1	10292
1	10293
1	10294
1	10294
1	10294
1	10295
1	10295
1	10295
1	10295
1	10296
1	10297
1	10297
1	10299
1	10300
1	10300
1	10300
1	10301
1	10301
1	10303
1	10303
1	10304
1	10305
1	10307
1	10307
1	10307
1	10308
1	10308
1	10311
1	10313
1	10313
1	10314
1	10315
1	10315
1	10317
1	10317
1	10317
1	10318
1	10318
1	10319
1	10320
1	10320
1	10320
1	10322
1	10322
1	10323
1	10324
1	10324
1	10324
1	10326
1	10327
1	10329
1	10331
1	10332
1	10332
1	10333
1	10333
1	10335
1	10335
1	10336
1	10340
1	10340
1	10341
1	10342
1	10344
1	10345
1	10345
1	10346
1	10348
1	10349
1	10349
1	10349
1	10350
1	10350
1	10351
1	10352
1	10353
1	10354
1	10354
1	10355
1	10355
1	10359
1	10359
1	10359
1	10360
1	10360
1	10361
1	10361
1	10364
1	10365
1	10365
1	10365
1	10365
1	10366
1	10366
1	10367
1	10369
1	10369
1	10371
1	10373
1	10373
1	10373
1	10374
1	10374
1	10374
1	10379
1	10380
1	10380
1	10381
1	10381
1	10383
1	10383
1	10384
1	10385
1	10386
1	10388
1	10388
1	10390
1	10390
1	10392
1	10392
1	10392
1	10393
1	10393
1	10394
1	10394
1	10394
1	10394
1	10395
1	10396
1	10396
1	10396
1	10396
1	10397
1	10397
1	10398
1	10400
1	10400
1	10402
1	10403
1	10403
1	10403
1	10403
1	10404
1	10405
1	10406
1	10407
1	10407
1	10408
1	10409
1	10409
1	10409
1	10410
1	10412
1	10412
1	10413
1	10413
1	10414
1	10416
1	10416
1	10417
1	10417
1	10418
1	10418
1	10418
1	10419
1	10420
1	10421
1	10422
1	10422
1	10422
1	10422
1	10422
1	10423
1	10423
1	10424
1	10425
1	10426
1	10427
1	10428
1	10432
1	10433
1	10433
1	10434
1	10434
1	10434
1	10435
1	10435
1	10436
1	10436
1	10437
1	10437
1	10439
1	10440
1	10440
1	10441
1	10443
1	10443
1	10444
1	10444
1	10445
1	10445
1	10445
1	10446
1	10446
1	10446
1	10447
1	10447
1	10447
1	10448
1	10448
1	10449
1	10449
1	10450
1	10451
1	10452
1	10453
1	10453
1	10454
1	10454
1	10454
1	10455
1	10456
1	10457
1	10457
1	10457
1	10458
1	10459
1	10460
1	10460
1	10460
1	10461
1	10462
1	10464
1	10465
1	10465
1	10465
1	10466
1	10466
1	10466
1	10466
1	10466
1	10468
1	10470
1	10470
1	10472
1	10473
1	10474
1	10474
1	10476
1	10477
1	10478
1	10479
1	10480
1	10481
1	10481
1	10482
1	10482
1	10485
1	10485
1	10485
1	10487
1	10487
1	10487
1	10488
1	10488
1	10488
1	10489
1	10493
1	10493
1	10495
1	10495
1	10497
1	10498
1	10498
1	10498
1	10499
1	10500
1	10501
1	10502
1	10502
1	10502
1	10503
1	10503
1	10505
1	10505
1	10508
1	10508
1	10509
1	10509
1	10510
1	10512
1	10512
1	10512
1	10513
1	10514
1	10514
1	10515
1	10517
1	10517
1	10518
1	10518
1	10518
1	10520
1	10520
1	10521
1	10522
1	10522
1	10525
1	10527
1	10527
1	10527
1	10529
1	10530
1	10530
1	10532
1	10532
1	10532
1	10533
1	10534
1	10534
1	10534
1	10535
1	10535
1	10535
1	10535
1	10536
1	10537
1	10538
1	10538
1	10538
1	10539
1	10540
1	10540
1	10541
1	10542
1	10543
1	10543
1	10543
1	10544
1	10545
1	10545
1	10546
1	10546
1	10546
1	10547
1	10549
1	10549
1	10550
1	10550
1	10550
1	10551
1	10551
1	10551
1	10552
1	10552
1	10553
1	10554
1	10556
1	10556
1	10558
1	10560
1	10560
1	10561
1	10562
1	10563
1	10563
1	10564
1	10565
1	10566
1	10567
1	10568
1	10570
1	10571
1	10572
1	10574
1	10575
1	10575
1	10576
1	10578
1	10580
1	10580
1	10583
1	10584
1	10584
1	10584
1	10585
1	10585
1	10586
1	10586
1	10587
1	10588
1	10589
1	10589
1	10591
1	10592
1	10595
1	10596
1	10596
1	10596
1	10596
1	10598
1	10599
1	10599
1	10600
1	10600
1	10600
1	10601
1	10603
1	10604
1	10605
1	10605
1	10606
1	10607
1	10608
1	10608
1	10608
1	10608
1	10609
1	10610
1	10611
1	10611
1	10611
1	10612
1	10612
1	10612
1	10614
1	10614
1	10615
1	10615
1	10616
1	10616
1	10616
1	10616
1	10617
1	10617
1	10617
1	10617
1	10619
1	10619
1	10621
1	10621
1	10621
1	10623
1	10623
1	10624
1	10624
1	10624
1	10626
1	10627
1	10628
1	10629
1	10629
1	10629
1	10631
1	10631
1	10632
1	10632
1	10632
1	10632
1	10634
1	10634
1	10635
1	10635
1	10636
1	10637
1	10637
1	10637
1	10637
1	10640
1	10640
1	10641
1	10641
1	10642
1	10642
1	10642
1	10642
1	10642
1	10643
1	10643
1	10644
1	10644
1	10645
1	10645
1	10646
1	10646
1	10647
1	10649
1	10649
1	10650
1	10651
1	10651
1	10652
1	10652
1	10652
1	10653
1	10657
1	10660
1	10660
1	10660
1	10660
1	10661
1	10661
1	10661
1	10662
1	10663
1	10663
1	10666
1	10669
1	10671
1	10671
1	10673
1	10673
1	10673
1	10674
1	10675
1	10675
1	10675
1	10676
1	10676
1	10677
1	10677
1	10678
1	10678
1	10679
1	10680
1	10680
1	10680
1	10680
1	10680
1	10680
1	10683
1	10683
1	10683
1	10684
1	10685
1	10685
1	10687
1	10688
1	10690
1	10690
1	10690
1	10690
1	10690
1	10691
1	10692
1	10693
1	10693
1	10693
1	10693
1	10693
1	10695
1	10696
1	10697
1	10697
1	10697
1	10698
1	10698
1	10698
1	10698
1	10698
1	10699
1	10699
1	10700
1	10700
1	10701
1	10701
1	10702
1	10703
1	10703
1	10703
1	10704
1	10705
1	10705
1	10705
1	10705
1	10708
1	10712
1	10712
1	10714
1	10715
1	10716
1	10719
1	10720
1	10721
1	10722
1	10723
1	10725
1	10725
1	10726
1	10726
1	10727
1	10728
1	10728
1	10730
1	10730
1	10730
1	10730
1	10731
1	10731
1	10732
1	10734
1	10735
1	10735
1	10735
1	10738
1	10739
1	10740
1	10740
1	10741
1	10741
1	10743
1	10743
1	10744
1	10744
1	10745
1	10748
1	10748
1	10749
1	10749
1	10750
1	10751
1	10752
1	10752
1	10753
1	10753
1	10753
1	10753
1	10754
1	10754
1	10754
1	10754
1	10756
1	10757
1	10757
1	10757
1	10758
1	10760
1	10761
1	10761
1	10761
1	10762
1	10762
1	10763
1	10764
1	10765
1	10765
1	10765
1	10765
1	10765
1	10766
1	10767
1	10768
1	10768
1	10768
1	10769
1	10770
1	10770
1	10770
1	10770
1	10771
1	10771
1	10772
1	10772
1	10773
1	10773
1	10773
1	10773
1	10774
1	10775
1	10775
1	10776
1	10777
1	10778
1	10779
1	10779
1	10779
1	10779
1	10780
1	10782
1	10783
1	10783
1	10784
1	10785
1	10785
1	10785
1	10786
1	10786
1	10786
1	10788
1	10789
1	10789
1	10790
1	10791
1	10791
1	10791
1	10791
1	10791
1	10792
1	10793
1	10794
1	10796
1	10796
1	10797
1	10798
1	10798
1	10800
1	10800
1	10800
1	10801
1	10801
1	10803
1	10803
1	10804
1	10804
1	10806
1	10806
1	10807
1	10808
1	10811
1	10811
1	10811
1	10811
1	10811
1	10812
1	10812
1	10813
1	10813
1	10815
1	10815
1	10815
1	10816
1	10816
1	10818
1	10818
1	10820
1	10821
1	10821
1	10823
1	10826
1	10827
1	10827
1	10829
1	10830
1	10831
1	10831
1	10832
1	10832
1	10833
1	10834
1	10835
1	10835
1	10836
1	10836
1	10837
1	10838
1	10838
1	10839
1	10840
1	10842
1	10842
1	10842
1	10845
1	10845
1	10845
1	10846
1	10847
1	10847
1	10848
1	10848
1	10848
1	10848
1	10848
1	10848
1	10849
1	10851
1	10851
1	10851
1	10852
1	10853
1	10853
1	10853
1	10854
1	10854
1	10854
1	10855
1	10856
1	10857
1	10858
1	10859
1	10859
1	10860
1	10860
1	10862
1	10862
1	10864
1	10864
1	10866
1	10866
1	10867
1	10867
1	10867
1	10867
1	10871
1	10871
1	10871
1	10871
1	10875
1	10876
1	10876
1	10877
1	10877
1	10878
1	10880
1	10881
1	10882
1	10882
1	10883
1	10883
1	10885
1	10885
1	10886
1	10886
1	10886
1	10886
1	10887
1	10887
1	10888
1	10888
1	10888
1	10890
1	10890
1	10891
1	10892
1	10893
1	10893
1	10894
1	10897
1	10897
1	10898
1	10898
1	10898
1	10898
1	10898
1	10899
1	10899
1	10900
1	10903
1	10904
1	10904
1	10905
1	10906
1	10907
1	10908
1	10908
1	10908
1	10908
1	10910
1	10910
1	10912
1	10913
1	10913
1	10915
1	10915
1	10916
1	10917
1	10918
1	10918
1	10920
1	10920
1	10921
1	10922
1	10923
1	10924
1	10924
1	10924
1	10925
1	10928
1	10929
1	10929
1	10930
1	10930
1	10931
1	10931
1	10933
1	10933
1	10933
1	10933
1	10934
1	10934
1	10934
1	10935
1	10935
1	10935
1	10936
1	10937
1	10939
1	10940
1	10940
1	10940
1	10941
1	10941
1	10941
1	10942
1	10942
1	10945
1	10946
1	10947
1	10948
1	10949
1	10951
1	10951
1	10952
1	10952
1	10953
1	10953
1	10954
1	10954
1	10954
1	10954
1	10958
1	10958
1	10959
1	10959
1	10959
1	10959
1	10961
1	10961
1	10961
1	10962
1	10963
1	10964
1	10965
1	10965
1	10965
1	10965
1	10966
1	10966
1	10968
1	10968
1	10968
1	10969
1	10969
1	10970
1	10971
1	10972
1	10972
1	10973
1	10974
1	10976
1	10977
1	10978
1	10980
1	10980
1	10980
1	10982
1	10983
1	10983
1	10984
1	10985
1	10986
1	10987
1	10987
1	10988
1	10988
1	10988
1	10988
1	10989
1	10991
1	10991
1	10993
1	10993
1	10993
1	10994
1	10994
1	10995
1	10996
1	10996
1	10996
1	10997
1	10997
1	10999
1	11000
1	11000
1	11001
1	11001
1	11001
1	11002
1	11002
1	11002
1	11002
1	11003
1	11003
1	11004
1	11005
1	11006
1	11006
1	11006
1	11007
1	11007
1	11008
1	11008
1	11010
1	11011
1	11011
1	11011
1	11011
1	11011
1	11011
1	11012
1	11013
1	11013
1	11013
1	11013
1	11014
1	11014
1	11016
1	11016
1	11016
1	11017
1	11017
1	11018
1	11018
1	11019
1	11019
1	11022
1	11022
1	11022
1	11022
1	11024
1	11024
1	11024
1	11025
1	11025
1	11025
1	11027
1	11027
1	11027
1	11028
1	11029
1	11029
1	11030
1	11030
1	11030
1	11032
1	11032
1	11034
1	11034
1	11034
1	11034
1	11034
1	11034
1	11035
1	11035
1	11036
1	11036
1	11036
1	11036
1	11038
1	11039
1	11039
1	11040
1	11042
1	11044
1	11045
1	11046
1	11046
1	11051
1	11051
1	11052
1	11052
1	11053
1	11053
1	11053
1	11054
1	11056
1	11056
1	11057
1	11057
1	11057
1	11059
1	11059
1	11061
1	11061
1	11061
1	11061
1	11062
1	11062
1	11062
1	11062
1	11062
1	11063
1	11063
1	11063
1	11063
1	11064
1	11064
1	11064
1	11064
1	11066
1	11066
1	11068
1	11068
1	11069
1	11070
1	11071
1	11071
1	11072
1	11072
1	11073
1	11073
1	11073
1	11074
1	11074
1	11074
1	11074
1	11075
1	11075
1	11076
1	11076
1	11077
1	11078
1	11078
1	11079
1	11079
1	11080
1	11080
1	11080
1	11081
1	11081
1	11081
1	11081
1	11082
1	11083
1	11083
1	11084
1	11084
1	11084
1	11085
1	11086
1	11088
1	11088
1	11089
1	11089
1	11089
1	11090
1	11090
1	11094
1	11094
1	11094
1	11095
1	11095
1	11096
1	11098
1	11098
1	11098
1	11100
1	11102
1	11102
1	11103
1	11103
1	11104
1	11104
1	11104
1	11105
1	11105
1	11105
1	11105
1	11106
1	11106
1	11107
1	11107
1	11108
1	11108
1	11108
1	11109
1	11109
1	11109
1	11110
1	11111
1	11111
1	11111
1	11112
1	11112
1	11112
1	11113
1	11113
1	11114
1	11114
1	11115
1	11115
1	11115
1	11115
1	11116
1	11118
1	11118
1	11119
1	11119
1	11120
1	11120
1	11121
1	11122
1	11122
1	11123
1	11124
1	11125
1	11126
1	11126
1	11126
1	11128
1	11131
1	11132
1	11132
1	11132
1	11133
1	11135
1	11135
1	11136
1	11137
1	11137
1	11138
1	11138
1	11141
1	11141
1	11143
1	11144
1	11146
1	11146
1	11146
1	11146
1	11147
1	11148
1	11148
1	11149
1	11152
1	11152
1	11153
1	11153
1	11154
1	11154
1	11154
1	11154
1	11154
1	11156
1	11157
1	11157
1	11158
1	11158
1	11159
1	11160
1	11160
1	11160
1	11161
1	11161
1	11162
1	11163
1	11165
1	11165
1	11167
1	11168
1	11168
1	11168
1	11168
1	11171
1	11171
1	11172
1	11172
1	11172
1	11173
1	11174
1	11176
1	11176
1	11177
1	11177
1	11178
1	11178
1	11178
1	11178
1	11179
1	11181
1	11181
1	11182
1	11182
1	11183
1	11185
1	11185
1	11186
1	11186
1	11186
1	11187
1	11188
1	11188
1	11188
1	11190
1	11192
1	11193
1	11193
1	11193
1	11194
1	11194
1	11194
1	11195
1	11196
1	11196
1	11196
1	11196
1	11197
1	11197
1	11198
1	11198
1	11201
1	11202
1	11204
1	11205
1	11208
1	11208
1	11208
1	11209
1	11209
1	11210
1	11211
1	11211
1	11212
1	11212
1	11213
1	11213
1	11215
1	11216
1	11216
1	11216
1	11216
1	11217
1	11217
1	11217
1	11217
1	11218
1	11218
1	11218
1	11220
1	11221
1	11221
1	11222
1	11223
1	11223
1	11223
1	11225
1	11226
1	11226
1	11227
1	11227
1	11227
1	11227
1	11228
1	11230
1	11230
1	11230
1	11231
1	11232
1	11233
1	11233
1	11233
1	11235
1	11235
1	11235
1	11237
1	11237
1	11237
1	11238
1	11238
1	11240
1	11241
1	11241
1	11242
1	11242
1	11242
1	11244
1	11244
1	11245
1	11246
1	11246
1	11246
1	11246
1	11246
1	11247
1	11247
1	11248
1	11249
1	11250
1	11251
1	11252
1	11253
1	11254
1	11255
1	11255
1	11255
1	11255
1	11256
1	11256
1	11257
1	11257
1	11260
1	11261
1	11261
1	11263
1	11264
1	11264
1	11264
1	11264
1	11264
1	11265
1	11266
1	11266
1	11267
1	11267
1	11268
1	11268
1	11270
1	11271
1	11274
1	11274
1	11274
1	11275
1	11275
1	11275
1	11277
1	11277
1	11277
1	11278
1	11279
1	11279
1	11279
1	11279
1	11280
1	11280
1	11280
1	11280
1	11282
1	11283
1	11285
1	11287
1	11287
1	11288
1	11289
1	11289
1	11290
1	11290
1	11292
1	11292
1	11292
1	11292
1	11294
1	11294
1	11294
1	11294
1	11295
1	11296
1	11296
1	11296
1	11296
1	11296
1	11297
1	11297
1	11298
1	11298
1	11300
1	11301
1	11301
1	11302
1	11303
1	11306
1	11307
1	11307
1	11307
1	11308
1	11308
1	11308
1	11310
1	11310
1	11310
1	11310
1	11311
1	11311
1	11312
1	11312
1	11313
1	11314
1	11314
1	11315
1	11315
1	11315
1	11315
1	11316
1	11319
1	11320
1	11320
1	11320
1	11321
1	11322
1	11322
1	11322
1	11324
1	11326
1	11329
1	11330
1	11331
1	11331
1	11332
1	11332
1	11335
1	11335
1	11337
1	11337
1	11337
1	11338
1	11338
1	11338
1	11340
1	11341
1	11341
1	11341
1	11342
1	11342
1	11343
1	11344
1	11344
1	11344
1	11345
1	11346
1	11346
1	11347
1	11347
1	11348
1	11349
1	11351
1	11352
1	11352
1	11353
1	11356
1	11356
1	11358
1	11360
1	11362
1	11362
1	11362
1	11362
1	11362
1	11362
1	11364
1	11364
1	11365
1	11366
1	11369
1	11370
1	11370
1	11371
1	11373
1	11373
1	11373
1	11373
1	11374
1	11374
1	11374
1	11374
1	11374
1	11374
1	11377
1	11377
1	11377
1	11377
1	11377
1	11378
1	11382
1	11382
1	11383
1	11384
1	11385
1	11385
1	11386
1	11387
1	11387
1	11387
1	11387
1	11387
1	11387
1	11387
1	11388
1	11388
1	11390
1	11390
1	11390
1	11390
1	11391
1	11391
1	11392
1	11392
1	11393
1	11393
1	11394
1	11394
1	11396
1	11396
1	11399
1	11399
1	11400
1	11400
1	11401
1	11401
1	11401
1	11403
1	11404
1	11405
1	11405
1	11405
1	11406
1	11409
1	11410
1	11411
1	11412
1	11412
1	11417
1	11417
1	11417
1	11418
1	11418
1	11418
1	11420
1	11420
1	11421
1	11421
1	11422
1	11422
1	11425
1	11425
1	11426
1	11426
1	11426
1	11426
1	11426
1	11429
1	11430
1	11431
1	11431
1	11431
1	11433
1	11434
1	11434
1	11434
1	11436
1	11436
1	11436
1	11442
1	11443
1	11444
1	11444
1	11444
1	11445
1	11445
1	11445
1	11446
1	11446
1	11447
1	11448
1	11450
1	11450
1	11451
1	11452
1	11452
1	11453
1	11453
1	11454
1	11455
1	11456
1	11456
1	11457
1	11457
1	11460
1	11460
1	11460
1	11461
1	11461
1	11461
1	11461
1	11461
1	11461
1	11462
1	11463
1	11463
1	11463
1	11464
1	11464
1	11464
1	11464
1	11465
1	11466
1	11467
1	11467
1	11468
1	11468
1	11468
1	11468
1	11468
1	11468
1	11469
1	11469
1	11469
1	11471
1	11472
1	11473
1	11475
1	11477
1	11479
1	11480
1	11480
1	11480
1	11481
1	11482
1	11482
1	11482
1	11484
1	11484
1	11484
1	11484
1	11485
1	11485
1	11486
1	11486
1	11486
1	11487
1	11488
1	11489
1	11489
1	11489
1	11492
1	11493
1	11494
1	11494
1	11494
1	11494
1	11494
1	11495
1	11496
1	11496
1	11496
1	11497
1	11497
1	11499
1	11499
1	11499
1	11502
1	11504
1	11505
1	11508
1	11509
1	11509
1	11509
1	11510
1	11511
1	11511
1	11511
1	11513
1	11514
1	11514
1	11515
1	11516
1	11516
1	11516
1	11516
1	11517
1	11517
1	11517
1	11518
1	11518
1	11518
1	11519
1	11521
1	11521
1	11522
1	11523
1	11525
1	11526
1	11527
1	11527
1	11530
1	11530
1	11531
1	11534
1	11534
1	11535
1	11536
1	11537
1	11537
1	11537
1	11538
1	11539
1	11539
1	11539
1	11541
1	11541
1	11541
1	11541
1	11541
1	11542
1	11542
1	11542
1	11542
1	11542
1	11545
1	11546
1	11546
1	11546
1	11546
1	11547
1	11547
1	11549
1	11549
1	11550
1	11550
1	11551
1	11551
1	11551
1	11553
1	11553
1	11553
1	11554
1	11554
1	11554
1	11555
1	11555
1	11557
1	11558
1	11558
1	11561
1	11562
1	11562
1	11563
1	11563
1	11566
1	11566
1	11566
1	11566
1	11567
1	11568
1	11569
1	11571
1	11571
1	11573
1	11575
1	11576
1	11577
1	11578
1	11578
1	11578
1	11578
1	11579
1	11579
1	11581
1	11581
1	11583
1	11585
1	11585
1	11585
1	11586
1	11586
1	11586
1	11587
1	11587
1	11589
1	11591
1	11592
1	11593
1	11593
1	11593
1	11594
1	11594
1	11594
1	11595
1	11597
1	11597
1	11598
1	11600
1	11600
1	11600
1	11601
1	11601
1	11602
1	11602
1	11602
1	11603
1	11604
1	11604
1	11605
1	11605
1	11606
1	11606
1	11606
1	11608
1	11608
1	11608
1	11609
1	11610
1	11611
1	11611
1	11612
1	11613
1	11613
1	11614
1	11614
1	11616
1	11616
1	11617
1	11618
1	11619
1	11620
1	11621
1	11624
1	11624
1	11628
1	11629
1	11629
1	11629
1	11630
1	11630
1	11631
1	11632
1	11632
1	11633
1	11635
1	11635
1	11636
1	11636
1	11636
1	11637
1	11637
1	11637
1	11638
1	11639
1	11640
1	11640
1	11643
1	11643
1	11643
1	11643
1	11644
1	11644
1	11648
1	11648
1	11648
1	11650
1	11650
1	11650
1	11652
1	11652
1	11655
1	11655
1	11657
1	11657
1	11658
1	11658
1	11659
1	11659
1	11659
1	11659
1	11659
1	11660
1	11663
1	11663
1	11663
1	11664
1	11664
1	11666
1	11666
1	11666
1	11667
1	11667
1	11669
1	11669
1	11670
1	11671
1	11672
1	11673
1	11675
1	11675
1	11675
1	11675
1	11677
1	11677
1	11677
1	11678
1	11678
1	11679
1	11679
1	11680
1	11681
1	11681
1	11681
1	11682
1	11682
1	11684
1	11685
1	11685
1	11686
1	11688
1	11688
1	11688
1	11689
1	11689
1	11689
1	11689
1	11690
1	11690
1	11692
1	11692
1	11692
1	11693
1	11693
1	11696
1	11696
1	11696
1	11697
1	11697
1	11697
1	11699
1	11699
1	11700
1	11701
1	11702
1	11702
1	11702
1	11702
1	11702
1	11703
1	11703
1	11704
1	11705
1	11705
1	11705
1	11705
1	11705
1	11707
1	11708
1	11709
1	11711
1	11711
1	11711
1	11711
1	11712
1	11714
1	11714
1	11715
1	11715
1	11715
1	11716
1	11717
1	11718
1	11718
1	11719
1	11719
1	11721
1	11721
1	11721
1	11722
1	11722
1	11723
1	11723
1	11725
1	11725
1	11725
1	11725
1	11725
1	11726
1	11727
1	11727
1	11727
1	11727
1	11728
1	11729
1	11729
1	11729
1	11730
1	11731
1	11731
1	11732
1	11733
1	11733
1	11734
1	11734
1	11734
1	11735
1	11736
1	11736
1	11736
1	11736
1	11737
1	11738
1	11738
1	11740
1	11740
1	11740
1	11740
1	11740
1	11740
1	11741
1	11741
1	11741
1	11743
1	11745
1	11745
1	11748
1	11749
1	11751
1	11751
1	11751
1	11754
1	11754
1	11754
1	11755
1	11756
1	11756
1	11758
1	11759
1	11759
1	11759
1	11759
1	11759
1	11760
1	11761
1	11761
1	11762
1	11763
1	11763
1	11765
1	11765
1	11766
1	11768
1	11768
1	11769
1	11772
1	11772
1	11772
1	11772
1	11773
1	11773
1	11774
1	11774
1	11774
1	11774
1	11774
1	11776
1	11776
1	11776
1	11776
1	11776
1	11777
1	11778
1	11779
1	11780
1	11781
1	11781
1	11783
1	11783
1	11783
1	11784
1	11784
1	11787
1	11787
1	11787
1	11787
1	11788
1	11788
1	11788
1	11790
1	11790
1	11791
1	11791
1	11792
1	11792
1	11794
1	11794
1	11794
1	11794
1	11795
1	11795
1	11797
1	11797
1	11797
1	11798
1	11798
1	11798
1	11798
1	11799
1	11799
1	11799
1	11801
1	11801
1	11801
1	11803
1	11805
1	11805
1	11805
1	11805
1	11805
1	11806
1	11808
1	11808
1	11808
1	11809
1	11812
1	11812
1	11812
1	11812
1	11815
1	11816
1	11816
1	11816
1	11818
1	11818
1	11818
1	11818
1	11819
1	11819
1	11820
1	11823
1	11823
1	11823
1	11824
1	11824
1	11825
1	11825
1	11825
1	11825
1	11825
1	11826
1	11826
1	11826
1	11826
1	11826
1	11827
1	11827
1	11829
1	11829
1	11830
1	11830
1	11831
1	11832
1	11832
1	11833
1	11833
1	11834
1	11834
1	11834
1	11834
1	11835
1	11837
1	11838
1	11840
1	11840
1	11841
1	11841
1	11841
1	11841
1	11843
1	11843
1	11843
1	11843
1	11844
1	11845
1	11846
1	11846
1	11847
1	11847
1	11847
1	11847
1	11847
1	11847
1	11848
1	11850
1	11850
1	11850
1	11850
1	11851
1	11851
1	11851
1	11854
1	11854
1	11854
1	11854
1	11855
1	11856
1	11858
1	11861
1	11861
1	11861
1	11862
1	11862
1	11862
1	11862
1	11865
1	11866
1	11868
1	11868
1	11869
1	11869
1	11871
1	11871
1	11871
1	11871
1	11871
1	11871
1	11871
1	11871
1	11873
1	11874
1	11874
1	11875
1	11875
1	11875
1	11875
1	11876
1	11876
1	11878
1	11879
1	11879
1	11879
1	11879
1	11881
1	11881
1	11881
1	11881
1	11882
1	11882
1	11884
1	11884
1	11884
1	11884
1	11884
1	11885
1	11885
1	11885
1	11885
1	11885
1	11885
1	11886
1	11887
1	11889
1	11889
1	11889
1	11891
1	11891
1	11892
1	11892
1	11893
1	11893
1	11894
1	11895
1	11896
1	11898
1	11898
1	11899
1	11899
1	11899
1	11901
1	11902
1	11902
1	11902
1	11902
1	11903
1	11905
1	11905
1	11906
1	11906
1	11908
1	11908
1	11908
1	11908
1	11908
1	11909
1	11909
1	11910
1	11911
1	11912
1	11913
1	11913
1	11915
1	11915
1	11915
1	11916
1	11918
1	11919
1	11919
1	11919
1	11920
1	11920
1	11920
1	11920
1	11920
1	11922
1	11922
1	11922
1	11922
1	11922
1	11922
1	11922
1	11922
1	11923
1	11923
1	11925
1	11925
1	11925
1	11925
1	11926
1	11927
1	11929
1	11929
1	11930
1	11930
1	11930
1	11932
1	11933
1	11933
1	11935
1	11935
1	11935
1	11936
1	11936
1	11937
1	11938
1	11939
1	11939
1	11940
1	11940
1	11942
1	11943
1	11943
1	11944
1	11944
1	11944
1	11944
1	11944
1	11945
1	11945
1	11946
1	11947
1	11948
1	11948
1	11949
1	11950
1	11952
1	11952
1	11952
1	11952
1	11953
1	11954
1	11956
1	11957
1	11957
1	11957
1	11959
1	11959
1	11959
1	11960
1	11960
1	11960
1	11960
1	11962
1	11962
1	11963
1	11963
1	11965
1	11965
1	11966
1	11966
1	11966
1	11966
1	11969
1	11970
1	11970
1	11972
1	11972
1	11972
1	11973
1	11974
1	11974
1	11974
1	11977
1	11978
1	11979
1	11979
1	11979
1	11979
1	11980
1	11980
1	11981
1	11982
1	11982
1	11982
1	11982
1	11983
1	11983
1	11985
1	11985
1	11986
1	11986
1	11987
1	11987
1	11987
1	11987
1	11988
1	11989
1	11989
1	11989
1	11990
1	11991
1	11992
1	11992
1	11995
1	11995
1	11995
1	11996
1	11996
1	11996
1	11998
1	11999
1	11999
1	11999
1	11999
1	11999
1	12001
1	12002
1	12002
1	12002
1	12002
1	12003
1	12003
1	12003
1	12004
1	12005
1	12005
1	12005
1	12006
1	12006
1	12008
1	12008
1	12008
1	12009
1	12009
1	12009
1	12010
1	12010
1	12010
1	12012
1	12012
1	12013
1	12013
1	12015
1	12016
1	12018
1	12018
1	12018
1	12019
1	12019
1	12020
1	12020
1	12021
1	12021
1	12022
1	12022
1	12024
1	12025
1	12025
1	12025
1	12027
1	12027
1	12028
1	12028
1	12029
1	12031
1	12031
1	12031
1	12031
1	12031
1	12032
1	12033
1	12034
1	12034
1	12035
1	12035
1	12035
1	12035
1	12035
1	12037
1	12037
1	12037
1	12038
1	12039
1	12039
1	12041
1	12041
1	12042
1	12043
1	12044
1	12044
1	12044
1	12045
1	12048
1	12048
1	12049
1	12049
1	12051
1	12051
1	12051
1	12051
1	12053
1	12054
1	12054
1	12054
1	12054
1	12054
1	12055
1	12057
1	12057
1	12057
1	12058
1	12058
1	12060
1	12060
1	12060
1	12064
1	12066
1	12067
1	12069
1	12069
1	12071
1	12071
1	12072
1	12074
1	12078
1	12079
1	12080
1	12083
1	12085
1	12086
1	12086
1	12087
1	12087
1	12089
1	12089
1	12090
1	12090
1	12090
1	12090
1	12092
1	12092
1	12093
1	12093
1	12094
1	12095
1	12096
1	12096
1	12096
1	12096
1	12098
1	12098
1	12099
1	12099
1	12101
1	12101
1	12101
1	12101
1	12101
1	12101
1	12102
1	12102
1	12102
1	12102
1	12103
1	12104
1	12104
1	12105
1	12105
1	12105
1	12107
1	12107
1	12107
1	12107
1	12107
1	12108
1	12109
1	12109
1	12110
1	12110
1	12111
1	12111
1	12111
1	12112
1	12112
1	12112
1	12112
1	12114
1	12114
1	12114
1	12116
1	12117
1	12117
1	12117
1	12117
1	12118
1	12118
1	12120
1	12120
1	12123
1	12123
1	12123
1	12125
1	12125
1	12126
1	12127
1	12130
1	12130
1	12131
1	12131
1	12132
1	12133
1	12133
1	12134
1	12134
1	12135
1	12136
1	12136
1	12136
1	12136
1	12136
1	12136
1	12137
1	12137
1	12140
1	12140
1	12141
1	12141
1	12142
1	12142
1	12145
1	12145
1	12146
1	12146
1	12146
1	12148
1	12148
1	12149
1	12149
1	12150
1	12150
1	12151
1	12152
1	12152
1	12152
1	12152
1	12152
1	12155
1	12155
1	12155
1	12155
1	12155
1	12155
1	12158
1	12160
1	12161
1	12161
1	12161
1	12161
1	12162
1	12163
1	12163
1	12164
1	12164
1	12164
1	12164
1	12165
1	12165
1	12167
1	12167
1	12168
1	12168
1	12170
1	12171
1	12173
1	12173
1	12173
1	12176
1	12178
1	12178
1	12179
1	12179
1	12179
1	12180
1	12180
1	12180
1	12182
1	12182
1	12183
1	12184
1	12185
1	12186
1	12186
1	12186
1	12186
1	12188
1	12188
1	12188
1	12188
1	12189
1	12189
1	12189
1	12189
1	12191
1	12191
1	12191
1	12191
1	12192
1	12192
1	12192
1	12193
1	12194
1	12194
1	12194
1	12194
1	12195
1	12197
1	12197
1	12197
1	12198
1	12198
1	12198
1	12199
1	12199
1	12199
1	12201
1	12203
1	12203
1	12204
1	12207
1	12207
1	12208
1	12208
1	12210
1	12210
1	12210
1	12212
1	12212
1	12212
1	12212
1	12212
1	12213
1	12213
1	12213
1	12213
1	12214
1	12214
1	12216
1	12216
1	12216
1	12216
1	12216
1	12216
1	12217
1	12218
1	12218
1	12218
1	12218
1	12219
1	12219
1	12219
1	12220
1	12220
1	12222
1	12222
1	12225
1	12225
1	12226
1	12226
1	12227
1	12227
1	12228
1	12228
1	12229
1	12229
1	12229
1	12229
1	12229
1	12230
1	12231
1	12233
1	12234
1	12234
1	12234
1	12235
1	12235
1	12237
1	12237
1	12238
1	12238
1	12240
1	12240
1	12240
1	12240
1	12240
1	12240
1	12240
1	12241
1	12241
1	12243
1	12243
1	12243
1	12244
1	12244
1	12244
1	12246
1	12246
1	12246
1	12246
1	12247
1	12247
1	12249
1	12249
1	12249
1	12250
1	12250
1	12250
1	12250
1	12252
1	12252
1	12252
1	12253
1	12254
1	12255
1	12255
1	12255
1	12256
1	12256
1	12257
1	12258
1	12258
1	12258
1	12258
1	12259
1	12259
1	12261
1	12262
1	12263
1	12263
1	12264
1	12264
1	12264
1	12264
1	12267
1	12268
1	12269
1	12270
1	12270
1	12272
1	12272
1	12273
1	12274
1	12276
1	12276
1	12276
1	12277
1	12277
1	12277
1	12277
1	12279
1	12279
1	12280
1	12281
1	12283
1	12283
1	12288
1	12288
1	12290
1	12291
1	12293
1	12294
1	12294
1	12295
1	12297
1	12297
1	12299
1	12299
1	12299
1	12299
1	12300
1	12301
1	12302
1	12302
1	12302
1	12302
1	12302
1	12302
1	12303
1	12303
1	12303
1	12303
1	12303
1	12304
1	12305
1	12305
1	12305
1	12306
1	12306
1	12307
1	12308
1	12308
1	12308
1	12308
1	12310
1	12310
1	12314
1	12314
1	12314
1	12315
1	12315
1	12316
1	12316
1	12317
1	12317
1	12317
1	12318
1	12320
1	12320
1	12321
1	12321
1	12321
1	12323
1	12323
1	12323
1	12325
1	12326
1	12326
1	12327
1	12327
1	12327
1	12329
1	12329
1	12329
1	12330
1	12332
1	12332
1	12332
1	12332
1	12332
1	12334
1	12334
1	12334
1	12334
1	12334
1	12335
1	12337
1	12337
1	12337
1	12337
1	12338
1	12338
1	12338
1	12339
1	12340
1	12341
1	12341
1	12341
1	12342
1	12343
1	12343
1	12344
1	12344
1	12344
1	12346
1	12346
1	12346
1	12346
1	12346
1	12349
1	12349
1	12349
1	12349
1	12350
1	12350
1	12352
1	12353
1	12353
1	12355
1	12355
1	12357
1	12358
1	12359
1	12359
1	12359
1	12359
1	12359
1	12361
1	12361
1	12361
1	12361
1	12364
1	12364
1	12365
1	12365
1	12367
1	12367
1	12370
1	12370
1	12370
1	12370
1	12371
1	12371
1	12372
1	12372
1	12373
1	12373
1	12373
1	12373
1	12373
1	12375
1	12376
1	12376
1	12376
1	12376
1	12378
1	12378
1	12378
1	12378
1	12378
1	12378
1	12379
1	12379
1	12379
1	12382
1	12382
1	12382
1	12384
1	12384
1	12385
1	12387
1	12387
1	12388
1	12388
1	12389
1	12389
1	12390
1	12390
1	12390
1	12392
1	12393
1	12393
1	12393
1	12395
1	12395
1	12395
1	12396
1	12397
1	12398
1	12399
1	12399
1	12399
1	12401
1	12402
1	12402
1	12402
1	12403
1	12404
1	12405
1	12406
1	12406
1	12407
1	12407
1	12408
1	12408
1	12410
1	12410
1	12410
1	12411
1	12412
1	12412
1	12413
1	12413
1	12413
1	12413
1	12413
1	12413
1	12413
1	12413
1	12413
1	12414
1	12415
1	12415
1	12415
1	12416
1	12416
1	12416
1	12418
1	12418
1	12418
1	12419
1	12419
1	12419
1	12419
1	12419
1	12421
1	12421
1	12421
1	12421
1	12422
1	12422
1	12424
1	12424
1	12424
1	12424
1	12425
1	12427
1	12427
1	12427
1	12428
1	12429
1	12430
1	12430
1	12430
1	12432
1	12433
1	12433
1	12433
1	12433
1	12435
1	12435
1	12435
1	12436
1	12436
1	12436
1	12438
1	12439
1	12439
1	12439
1	12441
1	12441
1	12442
1	12442
1	12443
1	12443
1	12444
1	12444
1	12445
1	12446
1	12446
1	12447
1	12447
1	12447
1	12449
1	12449
1	12449
1	12450
1	12450
1	12452
1	12452
1	12452
1	12452
1	12452
1	12453
1	12453
1	12453
1	12456
1	12456
1	12456
1	12458
1	12459
1	12460
1	12460
1	12461
1	12461
1	12463
1	12466
1	12466
1	12466
1	12466
1	12467
1	12467
1	12467
1	12469
1	12469
1	12470
1	12470
1	12470
1	12474
1	12475
1	12476
1	12476
1	12476
1	12480
1	12480
1	12480
1	12481
1	12482
1	12482
1	12482
1	12483
1	12486
1	12486
1	12486
1	12486
1	12486
1	12488
1	12488
1	12488
1	12489
1	12489
1	12489
1	12490
1	12490
1	12491
1	12492
1	12492
1	12492
1	12494
1	12494
1	12495
1	12495
1	12497
1	12500
1	12500
1	12500
1	12501
1	12501
1	12503
1	12503
1	12505
1	12505
1	12506
1	12506
1	12506
1	12508
1	12509
1	12509
1	12509
1	12512
1	12512
1	12513
1	12513
1	12514
1	12514
1	12515
1	12515
1	12515
1	12515
1	12516
1	12516
1	12516
1	12517
1	12519
1	12519
1	12520
1	12522
1	12523
1	12524
1	12524
1	12525
1	12525
1	12525
1	12525
1	12525
1	12526
1	12527
1	12527
1	12528
1	12530
1	12530
1	12530
1	12531
1	12532
1	12532
1	12533
1	12533
1	12533
1	12536
1	12536
1	12538
1	12539
1	12539
1	12539
1	12541
1	12541
1	12541
1	12542
1	12544
1	12544
1	12545
1	12545
1	12546
1	12546
1	12546
1	12547
1	12547
1	12547
1	12547
1	12552
1	12553
1	12553
1	12553
1	12553
1	12553
1	12555
1	12558
1	12560
1	12560
1	12560
1	12560
1	12560
1	12560
1	12561
1	12561
1	12561
1	12561
1	12561
1	12561
1	12561
1	12561
1	12563
1	12565
1	12565
1	12566
1	12567
1	12568
1	12568
1	12569
1	12569
1	12569
1	12569
1	12572
1	12572
1	12572
1	12574
1	12574
1	12574
1	12574
1	12575
1	12577
1	12577
1	12579
1	12579
1	12580
1	12580
1	12582
1	12583
1	12585
1	12585
1	12585
1	12586
1	12586
1	12588
1	12588
1	12588
1	12588
1	12589
1	12590
1	12590
1	12591
1	12591
1	12594
1	12596
1	12596
1	12597
1	12598
1	12598
1	12601
1	12602
1	12604
1	12604
1	12605
1	12605
1	12605
1	12606
1	12606
1	12607
1	12607
1	12609
1	12609
1	12609
1	12609
1	12612
1	12612
1	12613
1	12614
1	12615
1	12615
1	12615
1	12615
1	12615
1	12615
1	12615
1	12617
1	12618
1	12621
1	12621
1	12621
1	12621
1	12623
1	12623
1	12623
1	12623
1	12624
1	12624
1	12625
1	12625
1	12625
1	12626
1	12628
1	12628
1	12628
1	12629
1	12629
1	12629
1	12629
1	12631
1	12632
1	12633
1	12633
1	12634
1	12634
1	12634
1	12634
1	12636
1	12636
1	12636
1	12637
1	12639
1	12639
1	12639
1	12644
1	12645
1	12645
1	12645
1	12645
1	12646
1	12646
1	12646
1	12647
1	12649
1	12649
1	12649
1	12649
1	12649
1	12650
1	12650
1	12652
1	12653
1	12653
1	12654
1	12655
1	12655
1	12655
1	12655
1	12656
1	12657
1	12657
1	12658
1	12658
1	12658
1	12658
1	12660
1	12660
1	12660
1	12660
1	12660
1	12660
1	12661
1	12661
1	12661
1	12663
1	12663
1	12663
1	12664
1	12664
1	12666
1	12668
1	12669
1	12669
1	12669
1	12671
1	12671
1	12671
1	12671
1	12671
1	12673
1	12673
1	12674
1	12676
1	12676
1	12676
1	12677
1	12678
1	12679
1	12679
1	12679
1	12682
1	12682
1	12684
1	12684
1	12684
1	12684
1	12684
1	12684
1	12685
1	12685
1	12685
1	12686
1	12686
1	12687
1	12687
1	12687
1	12687
1	12687
1	12687
1	12687
1	12687
1	12688
1	12690
1	12692
1	12692
1	12693
1	12695
1	12695
1	12695
1	12695
1	12697
1	12697
1	12698
1	12698
1	12698
1	12698
1	12700
1	12700
1	12702
1	12702
1	12703
1	12705
1	12705
1	12705
1	12707
1	12707
1	12708
1	12708
1	12708
1	12710
1	12710
1	12710
1	12710
1	12711
1	12711
1	12712
1	12713
1	12713
1	12713
1	12713
1	12715
1	12715
1	12716
1	12716
1	12718
1	12718
1	12718
1	12718
1	12718
1	12718
1	12719
1	12719
1	12719
1	12720
1	12720
1	12721
1	12721
1	12721
1	12722
1	12723
1	12724
1	12724
1	12724
1	12726
1	12727
1	12729
1	12729
1	12731
1	12732
1	12732
1	12732
1	12732
1	12734
1	12735
1	12735
1	12735
1	12737
1	12737
1	12741
1	12742
1	12742
1	12742
1	12744
1	12746
1	12746
1	12747
1	12747
1	12747
1	12749
1	12749
1	12749
1	12749
1	12749
1	12753
1	12754
1	12755
1	12755
1	12755
1	12757
1	12758
1	12759
1	12760
1	12760
1	12760
1	12761
1	12761
1	12762
1	12763
1	12763
1	12763
1	12765
1	12765
1	12765
1	12766
1	12766
1	12766
1	12766
1	12768
1	12768
1	12768
1	12770
1	12770
1	12772
1	12773
1	12773
1	12773
1	12775
1	12776
1	12776
1	12776
1	12776
1	12777
1	12778
1	12779
1	12779
1	12779
1	12780
1	12781
1	12781
1	12781
1	12783
1	12784
1	12784
1	12784
1	12784
1	12786
1	12786
1	12788
1	12788
1	12788
1	12789
1	12789
1	12791
1	12791
1	12794
1	12794
1	12794
1	12795
1	12796
1	12796
1	12797
1	12798
1	12799
1	12799
1	12799
1	12799
1	12799
1	12801
1	12801
1	12801
1	12802
1	12802
1	12803
1	12803
1	12805
1	12805
1	12805
1	12807
1	12811
1	12811
1	12812
1	12814
1	12814
1	12814
1	12816
1	12817
1	12817
1	12819
1	12819
1	12819
1	12821
1	12823
1	12824
1	12824
1	12824
1	12825
1	12825
1	12825
1	12825
1	12827
1	12827
1	12827
1	12827
1	12829
1	12829
1	12829
1	12831
1	12831
1	12832
1	12832
1	12832
1	12832
1	12834
1	12834
1	12837
1	12838
1	12839
1	12839
1	12839
1	12840
1	12840
1	12840
1	12840
1	12842
1	12842
1	12842
1	12842
1	12842
1	12842
1	12847
1	12847
1	12847
1	12847
1	12847
1	12847
1	12849
1	12849
1	12849
1	12850
1	12850
1	12850
1	12853
1	12854
1	12858
1	12860
1	12860
1	12862
1	12863
1	12863
1	12864
1	12864
1	12864
1	12865
1	12865
1	12867
1	12867
1	12868
1	12868
1	12870
1	12870
1	12870
1	12871
1	12872
1	12872
1	12875
1	12875
1	12875
1	12877
1	12877
1	12878
1	12878
1	12880
1	12880
1	12881
1	12882
1	12882
1	12883
1	12883
1	12883
1	12885
1	12885
1	12885
1	12887
1	12887
1	12887
1	12887
1	12888
1	12888
1	12890
1	12892
1	12893
1	12893
1	12893
1	12895
1	12895
1	12896
1	12896
1	12897
1	12898
1	12898
1	12898
1	12900
1	12900
1	12900
1	12900
1	12900
1	12902
1	12902
1	12902
1	12903
1	12903
1	12905
1	12905
1	12906
1	12907
1	12908
1	12908
1	12910
1	12912
1	12912
1	12913
1	12913
1	12915
1	12916
1	12917
1	12917
1	12918
1	12918
1	12918
1	12920
1	12921
1	12923
1	12925
1	12925
1	12925
1	12927
1	12927
1	12928
1	12928
1	12928
1	12928
1	12930
1	12930
1	12930
1	12931
1	12932
1	12932
1	12933
1	12935
1	12937
1	12937
1	12938
1	12938
1	12938
1	12940
1	12940
1	12940
1	12940
1	12941
1	12942
1	12943
1	12945
1	12945
1	12945
1	12945
1	12947
1	12947
1	12948
1	12949
1	12950
1	12950
1	12950
1	12952
1	12953
1	12953
1	12953
1	12953
1	12955
1	12955
1	12955
1	12955
1	12955
1	12955
1	12957
1	12957
1	12957
1	12958
1	12958
1	12958
1	12959
1	12960
1	12962
1	12962
1	12963
1	12963
1	12964
1	12965
1	12965
1	12967
1	12967
1	12967
1	12967
1	12969
1	12970
1	12970
1	12970
1	12970
1	12972
1	12972
1	12972
1	12972
1	12972
1	12972
1	12973
1	12975
1	12975
1	12975
1	12977
1	12977
1	12979
1	12979
1	12979
1	12979
1	12980
1	12980
1	12980
1	12981
1	12982
1	12982
1	12982
1	12985
1	12985
1	12985
1	12985
1	12987
1	12987
1	12987
1	12987
1	12989
1	12991
1	12992
1	12992
1	12994
1	12994
1	12994
1	12994
1	12996
1	12997
1	12999
1	12999
1	13000
1	13001
1	13001
1	13002
1	13002
1	13004
1	13004
1	13006
1	13006
1	13006
1	13006
1	13006
1	13009
1	13009
1	13011
1	13011
1	13011
1	13011
1	13012
1	13012
1	13014
1	13014
1	13016
1	13016
1	13016
1	13016
1	13016
1	13017
1	13017
1	13017
1	13018
1	13019
1	13019
1	13019
1	13021
1	13021
1	13021
1	13021
1	13021
1	13024
1	13026
1	13026
1	13026
1	13028
1	13029
1	13033
1	13034
1	13035
1	13036
1	13036
1	13036
1	13038
1	13038
1	13038
1	13038
1	13038
1	13040
1	13040
1	13040
1	13041
1	13041
1	13041
1	13041
1	13042
1	13043
1	13043
1	13043
1	13044
1	13045
1	13045
1	13046
1	13046
1	13046
1	13046
1	13046
1	13046
1	13048
1	13048
1	13048
1	13050
1	13050
1	13050
1	13050
1	13050
1	13050
1	13050
1	13051
1	13051
1	13051
1	13051
1	13052
1	13053
1	13053
1	13055
1	13055
1	13055
1	13056
1	13058
1	13058
1	13058
1	13060
1	13060
1	13061
1	13062
1	13064
1	13065
1	13066
1	13067
1	13067
1	13067
1	13068
1	13068
1	13070
1	13072
1	13072
1	13072
1	13073
1	13074
1	13075
1	13075
1	13077
1	13077
1	13079
1	13079
1	13080
1	13080
1	13081
1	13081
1	13081
1	13082
1	13084
1	13084
1	13084
1	13084
1	13086
1	13086
1	13086
1	13087
1	13087
1	13087
1	13087
1	13087
1	13089
1	13089
1	13089
1	13091
1	13091
1	13091
1	13092
1	13092
1	13094
1	13094
1	13094
1	13094
1	13094
1	13096
1	13096
1	13097
1	13097
1	13098
1	13099
1	13101
1	13101
1	13101
1	13103
1	13103
1	13103
1	13104
1	13104
1	13104
1	13106
1	13106
1	13106
1	13108
1	13108
1	13110
1	13110
1	13111
1	13113
1	13115
1	13115
1	13115
1	13115
1	13115
1	13116
1	13117
1	13117
1	13118
1	13120
1	13120
1	13120
1	13120
1	13120
1	13122
1	13122
1	13122
1	13122
1	13123
1	13123
1	13123
1	13125
1	13125
1	13125
1	13125
1	13127
1	13127
1	13127
1	13127
1	13127
1	13127
1	13130
1	13130
1	13132
1	13132
1	13132
1	13133
1	13133
1	13134
1	13134
1	13136
1	13136
1	13137
1	13137
1	13137
1	13139
1	13139
1	13140
1	13143
1	13143
1	13143
1	13143
1	13143
1	13144
1	13144
1	13145
1	13146
1	13146
1	13146
1	13146
1	13147
1	13147
1	13147
1	13147
1	13149
1	13149
1	13151
1	13151
1	13151
1	13151
1	13153
1	13154
1	13154
1	13154
1	13154
1	13154
1	13154
1	13156
1	13156
1	13156
1	13156
1	13158
1	13159
1	13161
1	13161
1	13163
1	13163
1	13163
1	13166
1	13168
1	13168
1	13168
1	13168
1	13169
1	13170
1	13170
1	13170
1	13170
1	13171
1	13171
1	13171
1	13172
1	13172
1	13173
1	13173
1	13173
1	13173
1	13175
1	13175
1	13177
1	13177
1	13177
1	13177
1	13179
1	13180
1	13181
1	13181
1	13181
1	13181
1	13182
1	13182
1	13182
1	13182
1	13184
1	13184
1	13184
1	13185
1	13186
1	13186
1	13187
1	13187
1	13187
1	13188
1	13189
1	13189
1	13189
1	13189
1	13191
1	13191
1	13191
1	13193
1	13195
1	13195
1	13195
1	13196
1	13196
1	13198
1	13198
1	13198
1	13200
1	13201
1	13202
1	13203
1	13205
1	13205
1	13205
1	13205
1	13205
1	13205
1	13206
1	13207
1	13207
1	13207
1	13207
1	13208
1	13208
1	13208
1	13208
1	13210
1	13210
1	13212
1	13212
1	13212
1	13213
1	13213
1	13213
1	13213
1	13214
1	13215
1	13215
1	13217
1	13217
1	13219
1	13219
1	13219
1	13219
1	13219
1	13219
1	13220
1	13220
1	13221
1	13221
1	13222
1	13224
1	13226
1	13227
1	13227
1	13230
1	13231
1	13231
1	13233
1	13233
1	13233
1	13235
1	13236
1	13236
1	13236
1	13236
1	13236
1	13236
1	13238
1	13238
1	13240
1	13240
1	13240
1	13240
1	13242
1	13245
1	13245
1	13247
1	13247
1	13247
1	13248
1	13249
1	13249
1	13250
1	13252
1	13254
1	13254
1	13254
1	13254
1	13257
1	13257
1	13257
1	13258
1	13259
1	13259
1	13259
1	13259
1	13261
1	13261
1	13261
1	13263
1	13266
1	13266
1	13266
1	13268
1	13268
1	13268
1	13268
1	13268
1	13268
1	13270
1	13270
1	13270
1	13273
1	13275
1	13275
1	13275
1	13277
1	13279
1	13279
1	13279
1	13279
1	13279
1	13280
1	13280
1	13280
1	13280
1	13282
1	13282
1	13284
1	13284
1	13284
1	13287
1	13287
1	13287
1	13289
1	13291
1	13291
1	13291
1	13291
1	13291
1	13292
1	13292
1	13292
1	13292
1	13294
1	13294
1	13295
1	13296
1	13296
1	13296
1	13298
1	13298
1	13298
1	13300
1	13300
1	13300
1	13300
1	13301
1	13301
1	13301
1	13301
1	13302
1	13303
1	13303
1	13305
1	13305
1	13306
1	13307
1	13307
1	13307
1	13307
1	13307
1	13307
1	13307
1	13308
1	13308
1	13310
1	13310
1	13310
1	13310
1	13310
1	13310
1	13312
1	13312
1	13312
1	13314
1	13314
1	13314
1	13315
1	13316
1	13316
1	13316
1	13317
1	13317
1	13319
1	13319
1	13321
1	13321
1	13322
1	13322
1	13324
1	13325
1	13325
1	13326
1	13326
1	13326
1	13326
1	13328
1	13328
1	13328
1	13328
1	13330
1	13330
1	13330
1	13330
1	13331
1	13331
1	13332
1	13333
1	13333
1	13335
1	13335
1	13335
1	13337
1	13337
1	13339
1	13339
1	13339
1	13339
1	13340
1	13342
1	13342
1	13342
1	13342
1	13342
1	13344
1	13344
1	13344
1	13346
1	13348
1	13349
1	13350
1	13351
1	13351
1	13351
1	13353
1	13353
1	13353
1	13353
1	13355
1	13355
1	13355
1	13355
1	13355
1	13356
1	13356
1	13357
1	13358
1	13359
1	13359
1	13359
1	13360
1	13362
1	13362
1	13364
1	13364
1	13365
1	13365
1	13365
1	13365
1	13366
1	13369
1	13369
1	13370
1	13373
1	13373
1	13374
1	13374
1	13374
1	13374
1	13376
1	13376
1	13376
1	13376
1	13379
1	13379
1	13380
1	13382
1	13383
1	13385
1	13385
1	13385
1	13387
1	13387
1	13389
1	13389
1	13389
1	13390
1	13390
1	13390
1	13390
1	13390
1	13392
1	13392
1	13393
1	13394
1	13394
1	13394
1	13396
1	13396
1	13397
1	13398
1	13398
1	13398
1	13398
1	13401
1	13401
1	13406
1	13408
1	13410
1	13410
1	13410
1	13412
1	13414
1	13415
1	13416
1	13416
1	13417
1	13417
1	13417
1	13417
1	13417
1	13417
1	13417
1	13421
1	13421
1	13421
1	13421
1	13423
1	13423
1	13424
1	13425
1	13426
1	13426
1	13428
1	13428
1	13428
1	13428
1	13430
1	13430
1	13430
1	13432
1	13432
1	13433
1	13434
1	13434
1	13436
1	13436
1	13439
1	13439
1	13439
1	13442
1	13443
1	13443
1	13443
1	13443
1	13445
1	13446
1	13446
1	13446
1	13446
1	13446
1	13448
1	13448
1	13448
1	13448
1	13450
1	13450
1	13451
1	13451
1	13454
1	13455
1	13455
1	13455
1	13455
1	13455
1	13457
1	13457
1	13459
1	13459
1	13459
1	13461
1	13463
1	13463
1	13463
1	13463
1	13463
1	13464
1	13464
1	13464
1	13464
1	13466
1	13466
1	13467
1	13468
1	13468
1	13468
1	13468
1	13468
1	13470
1	13470
1	13472
1	13474
1	13477
1	13477
1	13481
1	13481
1	13486
1	13486
1	13487
1	13488
1	13488
1	13488
1	13488
1	13490
1	13490
1	13490
1	13490
1	13490
1	13491
1	13492
1	13492
1	13492
1	13492
1	13492
1	13493
1	13493
1	13496
1	13496
1	13497
1	13499
1	13499
1	13499
1	13499
1	13503
1	13506
1	13508
1	13508
1	13508
1	13508
1	13508
1	13512
1	13512
1	13512
1	13515
1	13515
1	13515
1	13517
1	13517
1	13517
1	13517
1	13517
1	13519
1	13519
1	13519
1	13519
1	13521
1	13521
1	13521
1	13521
1	13521
1	13523
1	13523
1	13523
1	13523
1	13523
1	13524
1	13524
1	13525
1	13525
1	13526
1	13527
1	13527
1	13527
1	13528
1	13528
1	13528
1	13530
1	13532
1	13532
1	13532
1	13534
1	13534
1	13534
1	13534
1	13534
1	13535
1	13535
1	13536
1	13537
1	13537
1	13539
1	13539
1	13539
1	13539
1	13541
1	13541
1	13541
1	13544
1	13545
1	13546
1	13546
1	13547
1	13548
1	13548
1	13548
1	13550
1	13550
1	13550
1	13554
1	13554
1	13555
1	13555
1	13556
1	13556
1	13556
1	13558
1	13558
1	13558
1	13559
1	13559
1	13559
1	13559
1	13559
1	13561
1	13561
1	13561
1	13563
1	13565
1	13565
1	13565
1	13565
1	13566
1	13566
1	13567
1	13567
1	13567
1	13569
1	13569
1	13569
1	13569
1	13570
1	13570
1	13570
1	13571
1	13571
1	13572
1	13572
1	13572
1	13574
1	13574
1	13576
1	13576
1	13578
1	13578
1	13578
1	13578
1	13578
1	13581
1	13582
1	13582
1	13583
1	13583
1	13583
1	13583
1	13583
1	13585
1	13585
1	13585
1	13585
1	13587
1	13587
1	13587
1	13589
1	13591
1	13592
1	13593
1	13593
1	13594
1	13594
1	13594
1	13596
1	13596
1	13598
1	13598
1	13598
1	13598
1	13600
1	13600
1	13600
1	13600
1	13602
1	13602
1	13602
1	13602
1	13603
1	13604
1	13604
1	13604
1	13605
1	13606
1	13607
1	13607
1	13607
1	13607
1	13607
1	13608
1	13609
1	13609
1	13609
1	13609
1	13611
1	13611
1	13611
1	13613
1	13613
1	13615
1	13615
1	13617
1	13617
1	13617
1	13622
1	13622
1	13622
1	13622
1	13622
1	13624
1	13624
1	13624
1	13626
1	13626
1	13628
1	13628
1	13629
1	13629
1	13630
1	13632
1	13633
1	13635
1	13635
1	13635
1	13637
1	13637
1	13639
1	13639
1	13639
1	13639
1	13640
1	13640
1	13642
1	13642
1	13644
1	13644
1	13644
1	13646
1	13646
1	13646
1	13648
1	13650
1	13650
1	13650
1	13650
1	13650
1	13652
1	13654
1	13654
1	13654
1	13654
1	13654
1	13656
1	13656
1	13656
1	13656
1	13657
1	13657
1	13657
1	13657
1	13659
1	13661
1	13665
1	13665
1	13665
1	13667
1	13668
1	13669
1	13669
1	13670
1	13670
1	13671
1	13671
1	13672
1	13672
1	13672
1	13672
1	13672
1	13672
1	13674
1	13674
1	13674
1	13674
1	13676
1	13676
1	13676
1	13678
1	13678
1	13678
1	13678
1	13680
1	13680
1	13682
1	13684
1	13684
1	13684
1	13684
1	13684
1	13684
1	13685
1	13686
1	13687
1	13687
1	13688
1	13689
1	13689
1	13689
1	13689
1	13691
1	13691
1	13691
1	13693
1	13693
1	13693
1	13693
1	13693
1	13695
1	13697
1	13697
1	13698
1	13699
1	13700
1	13700
1	13701
1	13701
1	13702
1	13704
1	13704
1	13704
1	13704
1	13704
1	13706
1	13706
1	13706
1	13706
1	13706
1	13706
1	13706
1	13706
1	13708
1	13708
1	13708
1	13710
1	13710
1	13710
1	13710
1	13712
1	13712
1	13712
1	13712
1	13714
1	13714
1	13714
1	13714
1	13715
1	13715
1	13715
1	13716
1	13716
1	13719
1	13719
1	13719
1	13719
1	13719
1	13719
1	13721
1	13721
1	13721
1	13721
1	13723
1	13723
1	13723
1	13725
1	13725
1	13729
1	13729
1	13729
1	13729
1	13729
1	13730
1	13731
1	13731
1	13731
1	13731
1	13731
1	13731
1	13732
1	13732
1	13732
1	13734
1	13735
1	13735
1	13736
1	13737
1	13737
1	13738
1	13738
1	13738
1	13738
1	13740
1	13740
1	13740
1	13740
1	13742
1	13742
1	13742
1	13742
1	13744
1	13744
1	13746
1	13746
1	13746
1	13746
1	13747
1	13748
1	13748
1	13748
1	13749
1	13749
1	13750
1	13750
1	13751
1	13751
1	13753
1	13754
1	13755
1	13755
1	13757
1	13757
1	13757
1	13757
1	13757
1	13759
1	13759
1	13759
1	13761
1	13761
1	13761
1	13761
1	13761
1	13761
1	13761
1	13763
1	13763
1	13763
1	13763
1	13764
1	13764
1	13764
1	13764
1	13765
1	13765
1	13765
1	13766
1	13767
1	13769
1	13769
1	13770
1	13770
1	13770
1	13770
1	13772
1	13772
1	13772
1	13773
1	13773
1	13774
1	13774
1	13774
1	13774
1	13774
1	13776
1	13776
1	13776
1	13776
1	13776
1	13776
1	13776
1	13778
1	13778
1	13778
1	13780
1	13780
1	13780
1	13780
1	13780
1	13782
1	13782
1	13782
1	13782
1	13782
1	13783
1	13783
1	13783
1	13785
1	13785
1	13786
1	13786
1	13787
1	13788
1	13788
1	13788
1	13788
1	13788
1	13789
1	13789
1	13789
1	13791
1	13791
1	13791
1	13791
1	13793
1	13793
1	13793
1	13793
1	13795
1	13795
1	13795
1	13795
1	13797
1	13797
1	13799
1	13799
1	13799
1	13799
1	13801
1	13801
1	13801
1	13801
1	13801
1	13801
1	13801
1	13801
1	13801
1	13803
1	13803
1	13804
1	13804
1	13804
1	13805
1	13806
1	13806
1	13808
1	13808
1	13810
1	13810
1	13810
1	13812
1	13813
1	13814
1	13814
1	13814
1	13814
1	13814
1	13816
1	13816
1	13818
1	13818
1	13820
1	13820
1	13822
1	13822
1	13822
1	13823
1	13823
1	13823
1	13823
1	13823
1	13823
1	13824
1	13825
1	13825
1	13826
1	13828
1	13828
1	13828
1	13829
1	13829
1	13833
1	13833
1	13833
1	13833
1	13835
1	13835
1	13835
1	13835
1	13837
1	13837
1	13837
1	13838
1	13839
1	13839
1	13841
1	13841
1	13841
1	13841
1	13843
1	13843
1	13844
1	13845
1	13845
1	13847
1	13847
1	13849
1	13849
1	13849
1	13849
1	13850
1	13850
1	13851
1	13854
1	13854
1	13854
1	13854
1	13856
1	13858
1	13858
1	13858
1	13858
1	13858
1	13858
1	13860
1	13860
1	13862
1	13862
1	13862
1	13864
1	13865
1	13865
1	13866
1	13866
1	13867
1	13868
1	13868
1	13868
1	13868
1	13870
1	13870
1	13870
1	13870
1	13871
1	13871
1	13872
1	13873
1	13874
1	13875
1	13876
1	13877
1	13877
1	13877
1	13879
1	13879
1	13881
1	13881
1	13882
1	13883
1	13883
1	13883
1	13883
1	13883
1	13885
1	13885
1	13885
1	13885
1	13885
1	13887
1	13887
1	13889
1	13889
1	13889
1	13889
1	13891
1	13891
1	13891
1	13893
1	13893
1	13894
1	13895
1	13895
1	13895
1	13895
1	13897
1	13898
1	13900
1	13900
1	13901
1	13902
1	13902
1	13903
1	13904
1	13904
1	13904
1	13905
1	13905
1	13908
1	13908
1	13910
1	13910
1	13910
1	13912
1	13914
1	13914
1	13914
1	13914
1	13914
1	13916
1	13916
1	13916
1	13916
1	13916
1	13918
1	13920
1	13920
1	13920
1	13922
1	13922
1	13922
1	13922
1	13922
1	13923
1	13924
1	13924
1	13928
1	13928
1	13928
1	13928
1	13932
1	13932
1	13933
1	13933
1	13934
1	13935
1	13935
1	13935
1	13937
1	13937
1	13937
1	13939
1	13939
1	13939
1	13939
1	13939
1	13940
1	13941
1	13942
1	13943
1	13945
1	13945
1	13945
1	13947
1	13947
1	13947
1	13947
1	13949
1	13951
1	13951
1	13951
1	13953
1	13953
1	13953
1	13953
1	13953
1	13954
1	13954
1	13955
1	13955
1	13955
1	13956
1	13957
1	13957
1	13957
1	13959
1	13959
1	13961
1	13961
1	13961
1	13963
1	13963
1	13964
1	13964
1	13964
1	13965
1	13965
1	13965
1	13966
1	13967
1	13967
1	13967
1	13967
1	13967
1	13967
1	13968
1	13968
1	13968
1	13970
1	13970
1	13970
1	13972
1	13972
1	13973
1	13973
1	13973
1	13974
1	13974
1	13974
1	13976
1	13976
1	13978
1	13980
1	13980
1	13980
1	13980
1	13980
1	13980
1	13980
1	13981
1	13981
1	13982
1	13982
1	13984
1	13984
1	13986
1	13986
1	13986
1	13986
1	13986
1	13990
1	13990
1	13992
1	13992
1	13992
1	13994
1	13996
1	13996
1	13996
1	13996
1	13997
1	13998
1	14000
1	14000
1	14000
1	14000
1	14002
1	14002
1	14002
1	14003
1	14004
1	14006
1	14008
1	14009
1	14011
1	14012
1	14014
1	14015
1	14017
1	14017
1	14017
1	14017
1	14017
1	14017
1	14017
1	14019
1	14019
1	14019
1	14019
1	14019
1	14019
1	14021
1	14023
1	14023
1	14023
1	14025
1	14025
1	14027
1	14027
1	14029
1	14029
1	14031
1	14031
1	14032
1	14032
1	14033
1	14035
1	14035
1	14035
1	14037
1	14039
1	14039
1	14039
1	14043
1	14043
1	14045
1	14045
1	14045
1	14047
1	14047
1	14047
1	14047
1	14047
1	14047
1	14047
1	14049
1	14049
1	14049
1	14049
1	14049
1	14049
1	14051
1	14053
1	14053
1	14053
1	14055
1	14055
1	14055
1	14055
1	14057
1	14057
1	14057
1	14059
1	14059
1	14059
1	14059
1	14059
1	14059
1	14059
1	14061
1	14063
1	14065
1	14066
1	14066
1	14067
1	14069
1	14071
1	14071
1	14071
1	14072
1	14072
1	14072
1	14072
1	14074
1	14075
1	14075
1	14075
1	14076
1	14076
1	14077
1	14077
1	14077
1	14079
1	14079
1	14079
1	14079
1	14081
1	14081
1	14081
1	14081
1	14082
1	14082
1	14082
1	14083
1	14084
1	14084
1	14084
1	14085
1	14087
1	14087
1	14089
1	14089
1	14090
1	14090
1	14090
1	14090
1	14090
1	14092
1	14092
1	14092
1	14093
1	14095
1	14096
1	14096
1	14098
1	14099
1	14099
1	14099
1	14100
1	14100
1	14100
1	14100
1	14100
1	14102
1	14102
1	14104
1	14104
1	14105
1	14106
1	14106
1	14107
1	14107
1	14108
1	14108
1	14108
1	14110
1	14110
1	14110
1	14110
1	14110
1	14112
1	14112
1	14112
1	14112
1	14113
1	14114
1	14115
1	14117
1	14117
1	14117
1	14117
1	14118
1	14118
1	14118
1	14118
1	14118
1	14118
1	14118
1	14118
1	14120
1	14120
1	14120
1	14120
1	14120
1	14120
1	14120
1	14120
1	14122
1	14122
1	14122
1	14123
1	14124
1	14124
1	14124
1	14126
1	14126
1	14127
1	14127
1	14128
1	14128
1	14128
1	14128
1	14130
1	14130
1	14130
1	14130
1	14132
1	14133
1	14134
1	14134
1	14134
1	14136
1	14136
1	14137
1	14137
1	14137
1	14138
1	14138
1	14138
1	14138
1	14138
1	14140
1	14140
1	14140
1	14140
1	14142
1	14142
1	14142
1	14142
1	14144
1	14144
1	14144
1	14145
1	14145
1	14146
1	14147
1	14148
1	14148
1	14148
1	14150
1	14152
1	14152
1	14152
1	14152
1	14155
1	14155
1	14156
1	14156
1	14157
1	14157
1	14157
1	14158
1	14158
1	14158
1	14160
1	14160
1	14160
1	14160
1	14160
1	14160
1	14162
1	14162
1	14162
1	14164
1	14164
1	14164
1	14164
1	14166
1	14166
1	14167
1	14167
1	14168
1	14168
1	14169
1	14169
1	14170
1	14170
1	14170
1	14172
1	14172
1	14172
1	14172
1	14174
1	14174
1	14175
1	14175
1	14177
1	14179
1	14179
1	14180
1	14180
1	14180
1	14180
1	14180
1	14180
1	14182
1	14182
1	14182
1	14182
1	14182
1	14184
1	14184
1	14185
1	14185
1	14186
1	14186
1	14186
1	14186
1	14187
1	14187
1	14188
1	14188
1	14190
1	14191
1	14192
1	14192
1	14192
1	14192
1	14192
1	14192
1	14194
1	14194
1	14194
1	14195
1	14196
1	14196
1	14196
1	14197
1	14198
1	14199
1	14199
1	14200
1	14201
1	14201
1	14203
1	14203
1	14204
1	14204
1	14204
1	14204
1	14204
1	14205
1	14206
1	14206
1	14206
1	14206
1	14207
1	14208
1	14208
1	14209
1	14209
1	14209
1	14209
1	14210
1	14210
1	14210
1	14211
1	14211
1	14213
1	14213
1	14213
1	14215
1	14215
1	14215
1	14215
1	14215
1	14217
1	14217
1	14217
1	14218
1	14218
1	14219
1	14219
1	14219
1	14219
1	14219
1	14220
1	14220
1	14220
1	14221
1	14221
1	14223
1	14223
1	14225
1	14225
1	14225
1	14227
1	14227
1	14227
1	14227
1	14227
1	14229
1	14229
1	14229
1	14229
1	14231
1	14231
1	14231
1	14231
1	14231
1	14231
1	14232
1	14233
1	14235
1	14235
1	14235
1	14237
1	14237
1	14239
1	14239
1	14241
1	14241
1	14243
1	14243
1	14243
1	14243
1	14245
1	14245
1	14245
1	14245
1	14245
1	14247
1	14249
1	14249
1	14249
1	14249
1	14251
1	14251
1	14251
1	14251
1	14251
1	14251
1	14251
1	14251
1	14251
1	14251
1	14253
1	14253
1	14253
1	14255
1	14255
1	14257
1	14257
1	14257
1	14258
1	14259
1	14259
1	14259
1	14259
1	14261
1	14263
1	14263
1	14263
1	14263
1	14263
1	14265
1	14265
1	14265
1	14265
1	14265
1	14265
1	14265
1	14267
1	14267
1	14269
1	14269
1	14269
1	14270
1	14271
1	14271
1	14271
1	14271
1	14272
1	14272
1	14274
1	14274
1	14274
1	14274
1	14274
1	14274
1	14276
1	14276
1	14276
1	14276
1	14278
1	14278
1	14278
1	14279
1	14279
1	14279
1	14279
1	14280
1	14280
1	14281
1	14281
1	14281
1	14283
1	14283
1	14284
1	14286
1	14286
1	14286
1	14288
1	14288
1	14288
1	14288
1	14290
1	14290
1	14290
1	14290
1	14292
1	14292
1	14292
1	14292
1	14292
1	14292
1	14294
1	14294
1	14294
1	14294
1	14294
1	14294
1	14294
1	14296
1	14296
1	14298
1	14298
1	14298
1	14298
1	14298
1	14298
1	14298
1	14300
1	14300
1	14302
1	14302
1	14304
1	14304
1	14304
1	14304
1	14304
1	14304
1	14304
1	14306
1	14306
1	14306
1	14308
1	14308
1	14308
1	14308
1	14310
1	14310
1	14310
1	14312
1	14312
1	14312
1	14315
1	14315
1	14316
1	14316
1	14318
1	14318
1	14318
1	14318
1	14318
1	14318
1	14318
1	14320
1	14320
1	14320
1	14320
1	14321
1	14321
1	14322
1	14322
1	14322
1	14324
1	14325
1	14325
1	14326
1	14326
1	14327
1	14327
1	14327
1	14329
1	14329
1	14329
1	14331
1	14331
1	14331
1	14331
1	14331
1	14331
1	14333
1	14333
1	14333
1	14333
1	14333
1	14335
1	14335
1	14335
1	14335
1	14337
1	14337
1	14337
1	14337
1	14339
1	14339
1	14339
1	14341
1	14341
1	14341
1	14343
1	14345
1	14345
1	14347
1	14347
1	14347
1	14347
1	14349
1	14349
1	14349
1	14349
1	14349
1	14349
1	14349
1	14351
1	14351
1	14353
1	14355
1	14357
1	14357
1	14357
1	14358
1	14358
1	14359
1	14359
1	14360
1	14360
1	14360
1	14362
1	14362
1	14362
1	14362
1	14362
1	14364
1	14364
1	14364
1	14364
1	14366
1	14366
1	14366
1	14366
1	14367
1	14367
1	14368
1	14368
1	14370
1	14370
1	14370
1	14370
1	14372
1	14372
1	14374
1	14374
1	14376
1	14376
1	14376
1	14376
1	14376
1	14378
1	14378
1	14378
1	14378
1	14380
1	14380
1	14382
1	14382
1	14382
1	14382
1	14382
1	14382
1	14384
1	14385
1	14386
1	14386
1	14386
1	14386
1	14387
1	14387
1	14388
1	14389
1	14389
1	14389
1	14390
1	14391
1	14391
1	14391
1	14391
1	14393
1	14393
1	14395
1	14395
1	14395
1	14397
1	14399
1	14399
1	14401
1	14401
1	14401
1	14403
1	14403
1	14403
1	14403
1	14403
1	14405
1	14405
1	14407
1	14407
1	14407
1	14407
1	14407
1	14409
1	14411
1	14411
1	14413
1	14413
1	14413
1	14413
1	14413
1	14416
1	14416
1	14417
1	14417
1	14417
1	14419
1	14419
1	14419
1	14421
1	14422
1	14422
1	14422
1	14424
1	14424
1	14424
1	14426
1	14426
1	14426
1	14426
1	14426
1	14426
1	14426
1	14428
1	14428
1	14430
1	14430
1	14432
1	14432
1	14432
1	14434
1	14434
1	14434
1	14438
1	14438
1	14439
1	14439
1	14440
1	14440
1	14440
1	14441
1	14441
1	14442
1	14443
1	14445
1	14445
1	14445
1	14445
1	14447
1	14449
1	14449
1	14451
1	14451
1	14451
1	14451
1	14453
1	14453
1	14453
1	14453
1	14453
1	14455
1	14455
1	14455
1	14457
1	14459
1	14459
1	14459
1	14459
1	14460
1	14461
1	14462
1	14462
1	14463
1	14464
1	14464
1	14465
1	14466
1	14466
1	14468
1	14468
1	14470
1	14470
1	14470
1	14472
1	14472
1	14472
1	14474
1	14474
1	14474
1	14474
1	14476
1	14476
1	14476
1	14478
1	14478
1	14478
1	14480
1	14482
1	14482
1	14482
1	14482
1	14483
1	14484
1	14484
1	14485
1	14485
1	14485
1	14486
1	14486
1	14487
1	14487
1	14487
1	14487
1	14487
1	14487
1	14488
1	14489
1	14489
1	14489
1	14489
1	14489
1	14491
1	14491
1	14491
1	14491
1	14491
1	14491
1	14491
1	14493
1	14493
1	14493
1	14493
1	14493
1	14495
1	14495
1	14495
1	14495
1	14495
1	14495
1	14495
1	14495
1	14497
1	14497
1	14497
1	14497
1	14497
1	14499
1	14499
1	14499
1	14499
1	14501
1	14501
1	14501
1	14501
1	14501
1	14502
1	14503
1	14503
1	14505
1	14505
1	14505
1	14506
1	14506
1	14508
1	14508
1	14508
1	14509
1	14510
1	14510
1	14510
1	14510
1	14512
1	14512
1	14512
1	14512
1	14514
1	14516
1	14516
1	14516
1	14516
1	14518
1	14518
1	14518
1	14518
1	14518
1	14520
1	14520
1	14520
1	14520
1	14520
1	14522
1	14522
1	14522
1	14523
1	14524
1	14524
1	14526
1	14526
1	14527
1	14527
1	14528
1	14528
1	14529
1	14529
1	14529
1	14531
1	14531
1	14533
1	14533
1	14533
1	14533
1	14533
1	14533
1	14535
1	14535
1	14537
1	14537
1	14537
1	14537
1	14537
1	14537
1	14539
1	14541
1	14543
1	14543
1	14543
1	14543
1	14543
1	14545
1	14547
1	14547
1	14547
1	14547
1	14549
1	14549
1	14550
1	14550
1	14550
1	14550
1	14550
1	14550
1	14550
1	14550
1	14552
1	14552
1	14554
1	14554
1	14554
1	14554
1	14556
1	14556
1	14556
1	14556
1	14558
1	14558
1	14558
1	14559
1	14560
1	14560
1	14560
1	14561
1	14561
1	14562
1	14562
1	14563
1	14563
1	14563
1	14563
1	14565
1	14565
1	14565
1	14567
1	14567
1	14567
1	14569
1	14569
1	14571
1	14571
1	14571
1	14571
1	14571
1	14573
1	14573
1	14573
1	14573
1	14575
1	14575
1	14575
1	14575
1	14577
1	14577
1	14579
1	14579
1	14580
1	14581
1	14581
1	14581
1	14581
1	14583
1	14583
1	14585
1	14585
1	14586
1	14586
1	14586
1	14586
1	14588
1	14588
1	14588
1	14588
1	14590
1	14590
1	14590
1	14592
1	14592
1	14592
1	14594
1	14594
1	14596
1	14599
1	14599
1	14599
1	14601
1	14601
1	14601
1	14601
1	14603
1	14603
1	14603
1	14603
1	14605
1	14605
1	14607
1	14607
1	14607
1	14607
1	14609
1	14609
1	14609
1	14609
1	14609
1	14609
1	14611
1	14611
1	14611
1	14611
1	14611
1	14611
1	14613
1	14616
1	14616
1	14618
1	14618
1	14618
1	14618
1	14620
1	14620
1	14620
1	14620
1	14620
1	14620
1	14620
1	14622
1	14622
1	14622
1	14622
1	14624
1	14624
1	14624
1	14624
1	14626
1	14626
1	14626
1	14627
1	14627
1	14627
1	14629
1	14629
1	14631
1	14631
1	14631
1	14633
1	14633
1	14635
1	14635
1	14637
1	14637
1	14637
1	14637
1	14637
1	14637
1	14639
1	14639
1	14641
1	14641
1	14643
1	14643
1	14643
1	14643
1	14643
1	14643
1	14643
1	14647
1	14648
1	14650
1	14650
1	14650
1	14650
1	14650
1	14652
1	14652
1	14652
1	14654
1	14654
1	14655
1	14656
1	14656
1	14657
1	14657
1	14658
1	14658
1	14658
1	14658
1	14658
1	14659
1	14659
1	14659
1	14661
1	14661
1	14661
1	14662
1	14663
1	14663
1	14669
1	14670
1	14672
1	14672
1	14672
1	14672
1	14673
1	14674
1	14674
1	14676
1	14676
1	14676
1	14676
1	14676
1	14676
1	14678
1	14678
1	14678
1	14678
1	14678
1	14680
1	14680
1	14680
1	14680
1	14680
1	14682
1	14682
1	14682
1	14682
1	14682
1	14682
1	14682
1	14682
1	14682
1	14684
1	14684
1	14684
1	14684
1	14684
1	14684
1	14684
1	14684
1	14686
1	14689
1	14689
1	14689
1	14689
1	14689
1	14689
1	14691
1	14691
1	14693
1	14693
1	14693
1	14695
1	14695
1	14695
1	14695
1	14697
1	14697
1	14697
1	14699
1	14699
1	14701
1	14701
1	14701
1	14702
1	14703
1	14703
1	14704
1	14704
1	14706
1	14706
1	14706
1	14706
1	14706
1	14708
1	14708
1	14708
1	14708
1	14710
1	14710
1	14710
1	14710
1	14710
1	14712
1	14712
1	14712
1	14714
1	14714
1	14714
1	14715
1	14716
1	14716
1	14716
1	14717
1	14717
1	14718
1	14719
1	14719
1	14719
1	14721
1	14721
1	14721
1	14722
1	14723
1	14723
1	14723
1	14724
1	14724
1	14725
1	14725
1	14725
1	14727
1	14727
1	14728
1	14728
1	14730
1	14730
1	14730
1	14730
1	14732
1	14732
1	14732
1	14732
1	14732
1	14732
1	14732
1	14734
1	14734
1	14734
1	14734
1	14736
1	14737
1	14737
1	14737
1	14739
1	14739
1	14739
1	14739
1	14740
1	14741
1	14741
1	14741
1	14741
1	14741
1	14741
1	14743
1	14743
1	14743
1	14745
1	14747
1	14747
1	14747
1	14749
1	14749
1	14749
1	14749
1	14749
1	14749
1	14751
1	14752
1	14752
1	14752
1	14752
1	14752
1	14754
1	14754
1	14754
1	14754
1	14754
1	14754
1	14754
1	14754
1	14756
1	14756
1	14756
1	14756
1	14756
1	14758
1	14758
1	14758
1	14758
1	14758
1	14760
1	14760
1	14760
1	14760
1	14760
1	14760
1	14760
1	14762
1	14762
1	14762
1	14762
1	14762
1	14765
1	14765
1	14765
1	14765
1	14765
1	14767
1	14767
1	14767
1	14767
1	14767
1	14769
1	14769
1	14769
1	14769
1	14769
1	14769
1	14771
1	14771
1	14771
1	14771
1	14771
1	14771
1	14771
1	14773
1	14773
1	14773
1	14773
1	14773
1	14773
1	14775
1	14775
1	14775
1	14775
1	14775
1	14775
1	14775
1	14775
1	14778
1	14778
1	14778
1	14778
1	14778
1	14778
1	14780
1	14780
1	14780
1	14782
1	14782
1	14782
1	14782
1	14784
1	14786
1	14786
1	14786
1	14786
1	14786
1	14786
1	14788
1	14788
1	14788
1	14789
1	14791
1	14791
1	14791
1	14791
1	14791
1	14791
1	14791
1	14791
1	14793
1	14793
1	14793
1	14793
1	14793
1	14793
1	14793
1	14793
1	14795
1	14795
1	14795
1	14795
1	14795
1	14795
1	14795
1	14797
1	14797
1	14797
1	14797
1	14799
1	14802
1	14802
1	14802
1	14804
1	14804
1	14804
1	14804
1	14804
1	14806
1	14806
1	14806
1	14806
1	14808
1	14808
1	14808
1	14808
1	14808
1	14810
1	14810
1	14810
1	14810
1	14810
1	14812
1	14812
1	14812
1	14813
1	14813
1	14815
1	14815
1	14815
1	14815
1	14815
1	14815
1	14815
1	14817
1	14817
1	14817
1	14817
1	14817
1	14817
1	14817
1	14819
1	14819
1	14821
1	14821
1	14823
1	14823
1	14823
1	14823
1	14823
1	14823
1	14823
1	14826
1	14826
1	14828
1	14828
1	14828
1	14828
1	14830
1	14830
1	14830
1	14830
1	14830
1	14830
1	14832
1	14832
1	14832
1	14832
1	14832
1	14832
1	14832
1	14834
1	14834
1	14834
1	14834
1	14834
1	14835
1	14837
1	14837
1	14837
1	14837
1	14839
1	14839
1	14839
1	14839
1	14839
1	14839
1	14841
1	14841
1	14841
1	14841
1	14841
1	14843
1	14843
1	14843
1	14843
1	14848
1	14850
1	14850
1	14850
1	14850
1	14850
1	14852
1	14852
1	14854
1	14854
1	14857
1	14857
1	14857
1	14857
1	14857
1	14857
1	14859
1	14859
1	14859
1	14859
1	14859
1	14859
1	14861
1	14861
1	14861
1	14861
1	14861
1	14861
1	14863
1	14863
1	14863
1	14866
1	14866
1	14866
1	14866
1	14868
1	14868
1	14868
1	14868
1	14868
1	14868
1	14870
1	14870
1	14870
1	14872
1	14872
1	14872
1	14872
1	14872
1	14874
1	14874
1	14877
1	14877
1	14877
1	14877
1	14879
1	14879
1	14879
1	14879
1	14881
1	14881
1	14881
1	14881
1	14881
1	14881
1	14881
1	14881
1	14883
1	14883
1	14883
1	14883
1	14883
1	14885
1	14885
1	14888
1	14888
1	14888
1	14890
1	14890
1	14890
1	14890
1	14890
1	14892
1	14892
1	14892
1	14892
1	14894
1	14894
1	14894
1	14895
1	14896
1	14896
1	14896
1	14897
1	14901
1	14901
1	14901
1	14903
1	14903
1	14903
1	14903
1	14903
1	14905
1	14905
1	14905
1	14905
1	14905
1	14905
1	14906
1	14907
1	14907
1	14908
1	14908
1	14908
1	14909
1	14909
1	14909
1	14909
1	14910
1	14910
1	14910
1	14910
1	14912
1	14912
1	14912
1	14912
1	14914
1	14914
1	14915
1	14916
1	14917
1	14917
1	14918
1	14918
1	14919
1	14919
1	14921
1	14923
1	14923
1	14923
1	14925
1	14927
1	14928
1	14930
1	14930
1	14930
1	14930
1	14932
1	14932
1	14932
1	14932
1	14932
1	14932
1	14932
1	14932
1	14932
1	14934
1	14934
1	14934
1	14934
1	14934
1	14934
1	14936
1	14936
1	14937
1	14939
1	14939
1	14939
1	14941
1	14941
1	14943
1	14943
1	14943
1	14945
1	14945
1	14945
1	14945
1	14948
1	14948
1	14948
1	14948
1	14948
1	14948
1	14948
1	14948
1	14950
1	14950
1	14950
1	14952
1	14952
1	14952
1	14954
1	14954
1	14955
1	14955
1	14955
1	14955
1	14956
1	14957
1	14957
1	14957
1	14957
1	14959
1	14959
1	14959
1	14959
1	14959
1	14959
1	14959
1	14959
1	14961
1	14961
1	14961
1	14961
1	14961
1	14963
1	14963
1	14963
1	14963
1	14964
1	14966
1	14966
1	14968
1	14968
1	14968
1	14968
1	14968
1	14968
1	14970
1	14970
1	14970
1	14970
1	14970
1	14972
1	14972
1	14973
1	14973
1	14973
1	14974
1	14974
1	14974
1	14975
1	14976
1	14976
1	14976
1	14977
1	14977
1	14977
1	14979
1	14979
1	14979
1	14979
1	14979
1	14981
1	14981
1	14981
1	14981
1	14983
1	14983
1	14983
1	14983
1	14986
1	14986
1	14988
1	14988
1	14988
1	14988
1	14988
1	14990
1	14990
1	14990
1	14993
1	14993
1	14993
1	14993
1	14995
1	14995
1	14995
1	14995
1	14997
1	14997
1	14997
1	14997
1	14997
1	14997
1	14997
1	14997
1	14999
1	14999
1	14999
1	14999
1	14999
1	14999
1	15001
1	15001
1	15001
1	15002
1	15004
1	15004
1	15004
1	15004
1	15004
1	15004
1	15006
1	15006
1	15006
1	15009
1	15009
1	15010
1	15010
1	15012
1	15013
1	15013
1	15015
1	15015
1	15015
1	15017
1	15019
1	15019
1	15019
1	15019
1	15019
1	15022
1	15022
1	15022
1	15022
1	15022
1	15024
1	15024
1	15024
1	15026
1	15028
1	15031
1	15031
1	15031
1	15031
1	15031
1	15031
1	15031
1	15031
1	15033
1	15036
1	15036
1	15036
1	15036
1	15038
1	15038
1	15038
1	15038
1	15040
1	15040
1	15042
1	15042
1	15042
1	15042
1	15043
1	15043
1	15044
1	15044
1	15045
1	15045
1	15047
1	15047
1	15047
1	15049
1	15049
1	15051
1	15053
1	15053
1	15053
1	15053
1	15053
1	15055
1	15055
1	15055
1	15056
1	15056
1	15056
1	15058
1	15058
1	15058
1	15060
1	15060
1	15060
1	15060
1	15063
1	15063
1	15063
1	15065
1	15065
1	15065
1	15065
1	15065
1	15065
1	15067
1	15067
1	15067
1	15069
1	15069
1	15069
1	15070
1	15070
1	15071
1	15072
1	15072
1	15072
1	15072
1	15074
1	15074
1	15074
1	15074
1	15074
1	15076
1	15076
1	15077
1	15077
1	15078
1	15078
1	15078
1	15080
1	15080
1	15080
1	15081
1	15081
1	15083
1	15083
1	15085
1	15085
1	15085
1	15087
1	15087
1	15087
1	15090
1	15090
1	15090
1	15092
1	15092
1	15092
1	15092
1	15092
1	15094
1	15094
1	15094
1	15094
1	15097
1	15097
1	15097
1	15097
1	15097
1	15099
1	15099
1	15099
1	15099
1	15099
1	15099
1	15101
1	15101
1	15101
1	15101
1	15102
1	15102
1	15102
1	15103
1	15103
1	15103
1	15104
1	15104
1	15106
1	15108
1	15108
1	15110
1	15110
1	15110
1	15110
1	15112
1	15112
1	15113
1	15115
1	15117
1	15117
1	15117
1	15120
1	15120
1	15122
1	15122
1	15122
1	15122
1	15124
1	15124
1	15124
1	15124
1	15124
1	15124
1	15124
1	15127
1	15127
1	15128
1	15128
1	15128
1	15129
1	15129
1	15129
1	15131
1	15131
1	15131
1	15131
1	15133
1	15133
1	15133
1	15133
1	15133
1	15133
1	15133
1	15135
1	15135
1	15135
1	15135
1	15135
1	15135
1	15135
1	15135
1	15136
1	15138
1	15138
1	15138
1	15138
1	15140
1	15142
1	15142
1	15142
1	15142
1	15142
1	15145
1	15145
1	15145
1	15145
1	15147
1	15147
1	15147
1	15149
1	15149
1	15149
1	15149
1	15150
1	15151
1	15152
1	15153
1	15154
1	15156
1	15156
1	15158
1	15158
1	15159
1	15159
1	15161
1	15161
1	15161
1	15161
1	15163
1	15163
1	15163
1	15163
1	15163
1	15165
1	15165
1	15165
1	15165
1	15165
1	15168
1	15168
1	15168
1	15168
1	15170
1	15170
1	15170
1	15170
1	15170
1	15170
1	15170
1	15170
1	15170
1	15172
1	15172
1	15173
1	15173
1	15173
1	15175
1	15175
1	15176
1	15176
1	15177
1	15177
1	15179
1	15179
1	15179
1	15179
1	15179
1	15181
1	15181
1	15181
1	15181
1	15181
1	15181
1	15184
1	15184
1	15184
1	15184
1	15186
1	15186
1	15186
1	15186
1	15186
1	15186
1	15188
1	15188
1	15190
1	15191
1	15191
1	15193
1	15193
1	15193
1	15193
1	15193
1	15193
1	15195
1	15196
1	15197
1	15197
1	15200
1	15202
1	15202
1	15202
1	15202
1	15204
1	15204
1	15207
1	15207
1	15207
1	15207
1	15207
1	15207
1	15207
1	15207
1	15209
1	15209
1	15211
1	15212
1	15214
1	15214
1	15214
1	15214
1	15216
1	15216
1	15216
1	15216
1	15218
1	15218
1	15218
1	15218
1	15219
1	15219
1	15220
1	15221
1	15221
1	15221
1	15223
1	15223
1	15223
1	15223
1	15225
1	15225
1	15225
1	15228
1	15228
1	15230
1	15230
1	15233
1	15234
1	15235
1	15237
1	15237
1	15239
1	15239
1	15239
1	15239
1	15241
1	15241
1	15241
1	15241
1	15244
1	15244
1	15244
1	15244
1	15244
1	15244
1	15244
1	15244
1	15246
1	15246
1	15246
1	15246
1	15249
1	15251
1	15251
1	15251
1	15253
1	15253
1	15253
1	15253
1	15253
1	15253
1	15253
1	15255
1	15255
1	15256
1	15258
1	15258
1	15258
1	15258
1	15258
1	15258
1	15258
1	15260
1	15260
1	15260
1	15260
1	15263
1	15263
1	15265
1	15265
1	15267
1	15267
1	15267
1	15269
1	15269
1	15270
1	15270
1	15272
1	15272
1	15272
1	15272
1	15274
1	15274
1	15274
1	15274
1	15276
1	15276
1	15276
1	15276
1	15276
1	15276
1	15277
1	15279
1	15279
1	15279
1	15279
1	15279
1	15279
1	15281
1	15281
1	15281
1	15281
1	15283
1	15283
1	15283
1	15284
1	15284
1	15286
1	15286
1	15288
1	15288
1	15288
1	15288
1	15290
1	15290
1	15291
1	15293
1	15293
1	15293
1	15293
1	15293
1	15293
1	15293
1	15295
1	15297
1	15298
1	15298
1	15298
1	15298
1	15300
1	15300
1	15300
1	15300
1	15300
1	15302
1	15302
1	15302
1	15304
1	15304
1	15304
1	15304
1	15304
1	15304
1	15305
1	15305
1	15307
1	15307
1	15307
1	15307
1	15309
1	15309
1	15309
1	15309
1	15312
1	15312
1	15312
1	15314
1	15317
1	15317
1	15321
1	15323
1	15323
1	15326
1	15326
1	15326
1	15326
1	15328
1	15328
1	15328
1	15328
1	15330
1	15330
1	15330
1	15331
1	15331
1	15332
1	15333
1	15333
1	15333
1	15335
1	15335
1	15335
1	15337
1	15337
1	15337
1	15337
1	15338
1	15340
1	15340
1	15340
1	15340
1	15340
1	15340
1	15342
1	15342
1	15342
1	15342
1	15342
1	15345
1	15345
1	15345
1	15345
1	15345
1	15346
1	15347
1	15347
1	15347
1	15347
1	15347
1	15349
1	15349
1	15349
1	15351
1	15352
1	15352
1	15352
1	15356
1	15356
1	15356
1	15356
1	15356
1	15358
1	15361
1	15361
1	15363
1	15363
1	15363
1	15363
1	15363
1	15363
1	15364
1	15365
1	15365
1	15365
1	15366
1	15366
1	15366
1	15366
1	15368
1	15368
1	15368
1	15368
1	15368
1	15371
1	15371
1	15371
1	15371
1	15371
1	15371
1	15371
1	15373
1	15373
1	15373
1	15373
1	15375
1	15375
1	15375
1	15375
1	15375
1	15376
1	15376
1	15376
1	15376
1	15377
1	15378
1	15378
1	15380
1	15380
1	15382
1	15382
1	15385
1	15385
1	15385
1	15387
1	15387
1	15387
1	15387
1	15389
1	15389
1	15389
1	15389
1	15389
1	15390
1	15390
1	15390
1	15390
1	15391
1	15391
1	15391
1	15392
1	15392
1	15392
1	15394
1	15394
1	15394
1	15394
1	15394
1	15394
1	15394
1	15396
1	15396
1	15396
1	15396
1	15396
1	15399
1	15399
1	15399
1	15401
1	15401
1	15401
1	15402
1	15402
1	15404
1	15404
1	15404
1	15404
1	15406
1	15406
1	15408
1	15408
1	15411
1	15411
1	15411
1	15411
1	15411
1	15411
1	15411
1	15413
1	15413
1	15413
1	15413
1	15415
1	15415
1	15416
1	15416
1	15416
1	15417
1	15418
1	15418
1	15418
1	15418
1	15420
1	15423
1	15423
1	15425
1	15425
1	15425
1	15427
1	15427
1	15427
1	15427
1	15428
1	15428
1	15428
1	15428
1	15429
1	15430
1	15430
1	15430
1	15430
1	15432
1	15432
1	15434
1	15434
1	15434
1	15437
1	15437
1	15437
1	15437
1	15437
1	15437
1	15437
1	15437
1	15437
1	15437
1	15439
1	15439
1	15440
1	15440
1	15440
1	15441
1	15441
1	15441
1	15442
1	15442
1	15442
1	15442
1	15442
1	15444
1	15444
1	15444
1	15444
1	15444
1	15444
1	15446
1	15446
1	15446
1	15449
1	15449
1	15449
1	15449
1	15451
1	15451
1	15451
1	15451
1	15451
1	15451
1	15451
1	15453
1	15453
1	15453
1	15456
1	15458
1	15458
1	15458
1	15458
1	15459
1	15461
1	15461
1	15461
1	15463
1	15463
1	15463
1	15463
1	15465
1	15465
1	15465
1	15466
1	15467
1	15468
1	15468
1	15468
1	15470
1	15470
1	15471
1	15473
1	15473
1	15473
1	15475
1	15475
1	15475
1	15475
1	15478
1	15478
1	15480
1	15480
1	15480
1	15482
1	15485
1	15485
1	15485
1	15485
1	15485
1	15487
1	15487
1	15487
1	15487
1	15487
1	15487
1	15487
1	15489
1	15489
1	15489
1	15489
1	15490
1	15490
1	15490
1	15491
1	15492
1	15492
1	15492
1	15492
1	15492
1	15494
1	15494
1	15494
1	15494
1	15497
1	15497
1	15497
1	15497
1	15497
1	15497
1	15499
1	15499
1	15499
1	15499
1	15499
1	15499
1	15499
1	15501
1	15501
1	15501
1	15503
1	15504
1	15504
1	15504
1	15504
1	15504
1	15504
1	15504
1	15506
1	15506
1	15509
1	15509
1	15509
1	15511
1	15511
1	15511
1	15511
1	15513
1	15514
1	15515
1	15516
1	15516
1	15516
1	15518
1	15518
1	15518
1	15518
1	15518
1	15518
1	15521
1	15521
1	15523
1	15523
1	15524
1	15524
1	15525
1	15526
1	15526
1	15528
1	15528
1	15528
1	15528
1	15528
1	15528
1	15530
1	15533
1	15533
1	15533
1	15533
1	15533
1	15535
1	15535
1	15535
1	15536
1	15537
1	15537
1	15537
1	15538
1	15538
1	15538
1	15540
1	15540
1	15540
1	15540
1	15543
1	15543
1	15543
1	15545
1	15545
1	15545
1	15548
1	15549
1	15549
1	15549
1	15552
1	15552
1	15552
1	15552
1	15552
1	15554
1	15555
1	15555
1	15557
1	15557
1	15557
1	15557
1	15557
1	15557
1	15557
1	15557
1	15559
1	15559
1	15560
1	15562
1	15562
1	15562
1	15564
1	15564
1	15564
1	15564
1	15564
1	15564
1	15567
1	15567
1	15567
1	15567
1	15567
1	15567
1	15567
1	15569
1	15569
1	15569
1	15569
1	15569
1	15569
1	15571
1	15571
1	15574
1	15574
1	15576
1	15576
1	15576
1	15577
1	15577
1	15579
1	15579
1	15579
1	15579
1	15581
1	15581
1	15581
1	15581
1	15581
1	15584
1	15586
1	15586
1	15586
1	15586
1	15586
1	15588
1	15589
1	15589
1	15589
1	15589
1	15593
1	15593
1	15593
1	15593
1	15593
1	15593
1	15593
1	15596
1	15596
1	15596
1	15596
1	15596
1	15596
1	15598
1	15598
1	15599
1	15599
1	15600
1	15600
1	15600
1	15601
1	15601
1	15601
1	15601
1	15603
1	15603
1	15603
1	15603
1	15605
1	15606
1	15606
1	15608
1	15608
1	15608
1	15610
1	15610
1	15611
1	15611
1	15613
1	15613
1	15613
1	15615
1	15615
1	15615
1	15615
1	15615
1	15618
1	15618
1	15618
1	15618
1	15620
1	15620
1	15620
1	15620
1	15622
1	15622
1	15622
1	15622
1	15622
1	15622
1	15623
1	15623
1	15625
1	15625
1	15625
1	15625
1	15627
1	15627
1	15627
1	15628
1	15628
1	15628
1	15628
1	15628
1	15630
1	15630
1	15630
1	15630
1	15630
1	15632
1	15632
1	15635
1	15637
1	15638
1	15638
1	15640
1	15640
1	15640
1	15640
1	15640
1	15640
1	15642
1	15642
1	15642
1	15642
1	15647
1	15647
1	15647
1	15647
1	15647
1	15649
1	15649
1	15649
1	15650
1	15652
1	15652
1	15652
1	15652
1	15654
1	15654
1	15657
1	15657
1	15659
1	15659
1	15660
1	15661
1	15661
1	15661
1	15661
1	15661
1	15661
1	15662
1	15664
1	15664
1	15664
1	15664
1	15664
1	15666
1	15667
1	15667
1	15667
1	15667
1	15669
1	15671
1	15671
1	15671
1	15671
1	15674
1	15674
1	15674
1	15674
1	15676
1	15676
1	15677
1	15677
1	15677
1	15677
1	15678
1	15678
1	15679
1	15679
1	15679
1	15679
1	15681
1	15681
1	15681
1	15681
1	15681
1	15684
1	15684
1	15686
1	15686
1	15686
1	15686
1	15686
1	15686
1	15686
1	15687
1	15688
1	15689
1	15689
1	15691
1	15691
1	15691
1	15691
1	15691
1	15691
1	15694
1	15694
1	15696
1	15696
1	15696
1	15696
1	15696
1	15697
1	15698
1	15698
1	15698
1	15698
1	15699
1	15699
1	15701
1	15704
1	15704
1	15704
1	15704
1	15704
1	15706
1	15706
1	15706
1	15706
1	15706
1	15708
1	15708
1	15708
1	15708
1	15708
1	15708
1	15708
1	15708
1	15711
1	15711
1	15711
1	15711
1	15711
1	15713
1	15715
1	15715
1	15716
1	15716
1	15718
1	15718
1	15721
1	15721
1	15721
1	15721
1	15723
1	15723
1	15723
1	15723
1	15724
1	15725
1	15725
1	15726
1	15726
1	15726
1	15728
1	15731
1	15731
1	15731
1	15731
1	15731
1	15733
1	15733
1	15733
1	15733
1	15736
1	15736
1	15736
1	15736
1	15738
1	15738
1	15740
1	15740
1	15740
1	15741
1	15741
1	15741
1	15743
1	15743
1	15743
1	15743
1	15743
1	15743
1	15746
1	15746
1	15746
1	15746
1	15746
1	15746
1	15746
1	15748
1	15750
1	15750
1	15750
1	15750
1	15750
1	15750
1	15750
1	15751
1	15751
1	15753
1	15753
1	15753
1	15755
1	15756
1	15758
1	15758
1	15758
1	15758
1	15758
1	15760
1	15760
1	15760
1	15760
1	15760
1	15760
1	15761
1	15763
1	15763
1	15763
1	15763
1	15763
1	15763
1	15763
1	15765
1	15765
1	15766
1	15767
1	15768
1	15768
1	15768
1	15768
1	15770
1	15770
1	15770
1	15770
1	15773
1	15773
1	15773
1	15773
1	15773
1	15775
1	15778
1	15778
1	15778
1	15778
1	15781
1	15781
1	15781
1	15781
1	15782
1	15783
1	15783
1	15783
1	15783
1	15783
1	15785
1	15785
1	15785
1	15785
1	15785
1	15785
1	15788
1	15790
1	15790
1	15790
1	15790
1	15791
1	15791
1	15792
1	15792
1	15793
1	15793
1	15793
1	15795
1	15795
1	15795
1	15795
1	15798
1	15798
1	15798
1	15798
1	15800
1	15801
1	15803
1	15803
1	15805
1	15805
1	15805
1	15805
1	15805
1	15805
1	15807
1	15808
1	15810
1	15810
1	15810
1	15810
1	15810
1	15810
1	15813
1	15813
1	15813
1	15813
1	15813
1	15815
1	15815
1	15815
1	15817
1	15817
1	15818
1	15820
1	15820
1	15820
1	15823
1	15823
1	15823
1	15825
1	15825
1	15828
1	15828
1	15828
1	15828
1	15830
1	15830
1	15831
1	15831
1	15831
1	15832
1	15833
1	15833
1	15835
1	15835
1	15838
1	15838
1	15838
1	15838
1	15840
1	15840
1	15843
1	15843
1	15843
1	15845
1	15846
1	15846
1	15847
1	15848
1	15848
1	15848
1	15848
1	15848
1	15848
1	15848
1	15848
1	15850
1	15850
1	15850
1	15851
1	15853
1	15853
1	15853
1	15853
1	15855
1	15856
1	15856
1	15857
1	15858
1	15860
1	15860
1	15860
1	15860
1	15860
1	15863
1	15863
1	15863
1	15863
1	15863
1	15863
1	15863
1	15863
1	15863
1	15863
1	15865
1	15868
1	15868
1	15868
1	15868
1	15871
1	15873
1	15873
1	15873
1	15875
1	15875
1	15876
1	15876
1	15878
1	15878
1	15878
1	15878
1	15878
1	15881
1	15881
1	15881
1	15881
1	15881
1	15883
1	15883
1	15883
1	15883
1	15883
1	15885
1	15885
1	15886
1	15886
1	15888
1	15888
1	15888
1	15888
1	15891
1	15891
1	15891
1	15891
1	15891
1	15893
1	15894
1	15894
1	15896
1	15896
1	15898
1	15898
1	15901
1	15901
1	15901
1	15901
1	15903
1	15903
1	15903
1	15903
1	15904
1	15906
1	15908
1	15909
1	15909
1	15911
1	15911
1	15911
1	15913
1	15913
1	15913
1	15913
1	15916
1	15916
1	15916
1	15918
1	15918
1	15919
1	15921
1	15921
1	15923
1	15923
1	15924
1	15924
1	15924
1	15924
1	15926
1	15926
1	15929
1	15929
1	15929
1	15929
1	15929
1	15929
1	15931
1	15931
1	15931
1	15933
1	15934
1	15936
1	15936
1	15936
1	15936
1	15936
1	15936
1	15936
1	15938
1	15939
1	15939
1	15939
1	15939
1	15939
1	15941
1	15941
1	15941
1	15941
1	15944
1	15944
1	15944
1	15944
1	15944
1	15944
1	15944
1	15946
1	15946
1	15947
1	15947
1	15949
1	15949
1	15952
1	15952
1	15952
1	15952
1	15952
1	15954
1	15956
1	15956
1	15956
1	15957
1	15959
1	15959
1	15959
1	15961
1	15961
1	15962
1	15962
1	15964
1	15964
1	15964
1	15964
1	15967
1	15967
1	15967
1	15967
1	15969
1	15969
1	15969
1	15969
1	15970
1	15970
1	15972
1	15972
1	15972
1	15972
1	15974
1	15974
1	15975
1	15977
1	15977
1	15977
1	15977
1	15977
1	15980
1	15980
1	15980
1	15982
1	15982
1	15982
1	15982
1	15982
1	15983
1	15983
1	15984
1	15984
1	15985
1	15985
1	15987
1	15987
1	15987
1	15987
1	15989
1	15990
1	15990
1	15990
1	15990
1	15992
1	15992
1	15992
1	15995
1	15995
1	15995
1	15995
1	15995
1	15995
1	15995
1	15997
1	16000
1	16000
1	16000
1	16000
1	16002
1	16003
1	16003
1	16005
1	16005
1	16005
1	16008
1	16008
1	16008
1	16010
1	16010
1	16011
1	16012
1	16015
1	16015
1	16016
1	16016
1	16018
1	16018
1	16020
1	16020
1	16021
1	16023
1	16023
1	16023
1	16023
1	16023
1	16023
1	16023
1	16025
1	16025
1	16025
1	16025
1	16025
1	16026
1	16026
1	16026
1	16028
1	16028
1	16028
1	16028
1	16028
1	16031
1	16031
1	16031
1	16031
1	16031
1	16031
1	16031
1	16031
1	16033
1	16036
1	16036
1	16036
1	16036
1	16038
1	16038
1	16039
1	16041
1	16041
1	16041
1	16041
1	16041
1	16044
1	16044
1	16044
1	16044
1	16044
1	16044
1	16046
1	16046
1	16049
1	16049
1	16049
1	16049
1	16051
1	16052
1	16052
1	16054
1	16054
1	16057
1	16059
1	16059
1	16059
1	16059
1	16062
1	16062
1	16062
1	16062
1	16064
1	16064
1	16065
1	16066
1	16066
1	16066
1	16067
1	16067
1	16070
1	16070
1	16070
1	16070
1	16072
1	16072
1	16072
1	16074
1	16074
1	16075
1	16077
1	16078
1	16078
1	16078
1	16079
1	16080
1	16080
1	16082
1	16082
1	16082
1	16082
1	16082
1	16085
1	16085
1	16085
1	16085
1	16085
1	16085
1	16087
1	16087
1	16088
1	16090
1	16090
1	16090
1	16092
1	16093
1	16093
1	16095
1	16095
1	16095
1	16095
1	16098
1	16098
1	16098
1	16100
1	16100
1	16103
1	16103
1	16103
1	16105
1	16105
1	16106
1	16106
1	16108
1	16108
1	16108
1	16110
1	16111
1	16111
1	16111
1	16111
1	16113
1	16113
1	16113
1	16113
1	16113
1	16116
1	16116
1	16116
1	16116
1	16121
1	16121
1	16121
1	16121
1	16123
1	16123
1	16124
1	16124
1	16124
1	16126
1	16126
1	16126
1	16127
1	16129
1	16129
1	16131
1	16131
1	16132
1	16132
1	16132
1	16134
1	16134
1	16134
1	16137
1	16137
1	16137
1	16137
1	16137
1	16137
1	16137
1	16137
1	16137
1	16139
1	16139
1	16139
1	16142
1	16142
1	16142
1	16144
1	16147
1	16147
1	16147
1	16147
1	16147
1	16147
1	16149
1	16149
1	16150
1	16150
1	16150
1	16150
1	16150
1	16150
1	16150
1	16150
1	16152
1	16152
1	16152
1	16152
1	16152
1	16152
1	16152
1	16152
1	16155
1	16155
1	16156
1	16157
1	16157
1	16157
1	16157
1	16158
1	16161
1	16161
1	16161
1	16162
1	16163
1	16166
1	16166
1	16166
1	16168
1	16169
1	16170
1	16170
1	16171
1	16171
1	16171
1	16173
1	16174
1	16174
1	16174
1	16174
1	16175
1	16176
1	16176
1	16179
1	16179
1	16179
1	16181
1	16181
1	16181
1	16181
1	16181
1	16181
1	16181
1	16182
1	16184
1	16184
1	16184
1	16184
1	16184
1	16184
1	16184
1	16186
1	16186
1	16186
1	16186
1	16187
1	16189
1	16189
1	16189
1	16192
1	16192
1	16192
1	16194
1	16194
1	16194
1	16194
1	16195
1	16195
1	16195
1	16197
1	16197
1	16197
1	16199
1	16199
1	16199
1	16200
1	16200
1	16200
1	16202
1	16202
1	16202
1	16202
1	16202
1	16202
1	16205
1	16205
1	16205
1	16205
1	16205
1	16207
1	16207
1	16207
1	16208
1	16208
1	16210
1	16210
1	16212
1	16212
1	16212
1	16212
1	16212
1	16213
1	16213
1	16213
1	16213
1	16215
1	16216
1	16216
1	16217
1	16217
1	16218
1	16218
1	16218
1	16218
1	16218
1	16221
1	16221
1	16221
1	16221
1	16223
1	16223
1	16223
1	16224
1	16226
1	16226
1	16226
1	16226
1	16226
1	16226
1	16229
1	16229
1	16231
1	16231
1	16231
1	16231
1	16231
1	16231
1	16231
1	16234
1	16234
1	16234
1	16234
1	16236
1	16236
1	16237
1	16239
1	16239
1	16239
1	16239
1	16241
1	16241
1	16242
1	16242
1	16242
1	16244
1	16247
1	16247
1	16247
1	16247
1	16248
1	16249
1	16250
1	16250
1	16253
1	16253
1	16253
1	16253
1	16254
1	16254
1	16255
1	16255
1	16258
1	16260
1	16260
1	16260
1	16260
1	16263
1	16263
1	16263
1	16263
1	16266
1	16266
1	16268
1	16268
1	16268
1	16268
1	16270
1	16270
1	16271
1	16271
1	16271
1	16271
1	16271
1	16271
1	16273
1	16273
1	16273
1	16276
1	16276
1	16276
1	16277
1	16278
1	16279
1	16281
1	16281
1	16282
1	16282
1	16282
1	16284
1	16284
1	16284
1	16284
1	16284
1	16284
1	16284
1	16284
1	16287
1	16287
1	16287
1	16287
1	16289
1	16289
1	16289
1	16289
1	16290
1	16292
1	16292
1	16292
1	16292
1	16292
1	16292
1	16292
1	16295
1	16295
1	16297
1	16297
1	16297
1	16297
1	16299
1	16300
1	16300
1	16300
1	16300
1	16300
1	16302
1	16302
1	16302
1	16302
1	16302
1	16302
1	16302
1	16305
1	16305
1	16305
1	16305
1	16308
1	16308
1	16308
1	16308
1	16308
1	16310
1	16310
1	16310
1	16311
1	16311
1	16311
1	16313
1	16313
1	16313
1	16313
1	16313
1	16313
1	16316
1	16318
1	16318
1	16319
1	16319
1	16319
1	16319
1	16321
1	16322
1	16322
1	16324
1	16327
1	16327
1	16327
1	16327
1	16327
1	16327
1	16327
1	16329
1	16329
1	16332
1	16332
1	16332
1	16332
1	16332
1	16332
1	16332
1	16334
1	16334
1	16334
1	16335
1	16337
1	16337
1	16337
1	16337
1	16337
1	16337
1	16337
1	16340
1	16340
1	16340
1	16343
1	16343
1	16345
1	16345
1	16345
1	16346
1	16346
1	16348
1	16348
1	16350
1	16350
1	16350
1	16351
1	16353
1	16353
1	16353
1	16353
1	16353
1	16353
1	16353
1	16353
1	16353
1	16353
1	16353
1	16356
1	16356
1	16358
1	16358
1	16358
1	16358
1	16359
1	16359
1	16361
1	16361
1	16362
1	16362
1	16362
1	16362
1	16364
1	16367
1	16367
1	16367
1	16369
1	16369
1	16374
1	16374
1	16375
1	16375
1	16377
1	16380
1	16380
1	16383
1	16383
1	16383
1	16385
1	16385
1	16385
1	16386
1	16388
1	16388
1	16388
1	16388
1	16388
1	16388
1	16388
1	16390
1	16391
1	16391
1	16393
1	16394
1	16396
1	16396
1	16396
1	16396
1	16399
1	16399
1	16399
1	16399
1	16399
1	16401
1	16401
1	16401
1	16401
1	16402
1	16402
1	16405
1	16405
1	16405
1	16405
1	16405
1	16406
1	16407
1	16407
1	16407
1	16407
1	16410
1	16410
1	16410
1	16412
1	16412
1	16413
1	16413
1	16415
1	16417
1	16417
1	16418
1	16418
1	16421
1	16421
1	16421
1	16421
1	16423
1	16423
1	16423
1	16426
1	16426
1	16426
1	16426
1	16426
1	16428
1	16428
1	16428
1	16428
1	16431
1	16431
1	16431
1	16431
1	16431
1	16431
1	16431
1	16431
1	16434
1	16434
1	16434
1	16436
1	16437
1	16437
1	16437
1	16437
1	16437
1	16437
1	16439
1	16439
1	16439
1	16439
1	16439
1	16439
1	16439
1	16439
1	16440
1	16440
1	16440
1	16442
1	16442
1	16444
1	16444
1	16444
1	16444
1	16444
1	16445
1	16445
1	16447
1	16448
1	16450
1	16450
1	16450
1	16450
1	16450
1	16453
1	16453
1	16453
1	16453
1	16453
1	16455
1	16455
1	16455
1	16455
1	16455
1	16455
1	16456
1	16458
1	16458
1	16458
1	16461
1	16461
1	16461
1	16461
1	16464
1	16464
1	16464
1	16464
1	16466
1	16466
1	16469
1	16469
1	16472
1	16472
1	16472
1	16474
1	16474
1	16475
1	16475
1	16475
1	16475
1	16477
1	16477
1	16477
1	16477
1	16477
1	16479
1	16480
1	16480
1	16480
1	16480
1	16480
1	16483
1	16483
1	16483
1	16483
1	16483
1	16483
1	16483
1	16483
1	16488
1	16488
1	16488
1	16488
1	16488
1	16490
1	16491
1	16491
1	16491
1	16494
1	16494
1	16496
1	16496
1	16496
1	16496
1	16499
1	16499
1	16501
1	16502
1	16505
1	16507
1	16507
1	16507
1	16510
1	16510
1	16512
1	16512
1	16512
1	16512
1	16513
1	16515
1	16516
1	16516
1	16516
1	16518
1	16518
1	16518
1	16518
1	16518
1	16520
1	16523
1	16524
1	16526
1	16526
1	16526
1	16526
1	16529
1	16529
1	16529
1	16529
1	16529
1	16532
1	16532
1	16532
1	16532
1	16534
1	16534
1	16534
1	16534
1	16534
1	16534
1	16534
1	16537
1	16537
1	16537
1	16540
1	16540
1	16540
1	16540
1	16542
1	16543
1	16543
1	16543
1	16545
1	16545
1	16546
1	16546
1	16546
1	16546
1	16548
1	16548
1	16548
1	16548
1	16548
1	16551
1	16551
1	16553
1	16556
1	16556
1	16557
1	16559
1	16559
1	16559
1	16561
1	16562
1	16562
1	16562
1	16562
1	16562
1	16565
1	16565
1	16565
1	16565
1	16565
1	16565
1	16565
1	16565
1	16567
1	16567
1	16567
1	16568
1	16570
1	16570
1	16570
1	16570
1	16572
1	16573
1	16573
1	16573
1	16573
1	16575
1	16575
1	16576
1	16576
1	16578
1	16578
1	16578
1	16578
1	16578
1	16578
1	16581
1	16581
1	16581
1	16581
1	16581
1	16581
1	16584
1	16584
1	16584
1	16584
1	16584
1	16586
1	16586
1	16587
1	16587
1	16587
1	16589
1	16589
1	16589
1	16589
1	16589
1	16592
1	16592
1	16592
1	16592
1	16595
1	16595
1	16595
1	16595
1	16595
1	16595
1	16597
1	16597
1	16597
1	16597
1	16600
1	16600
1	16600
1	16601
1	16601
1	16601
1	16603
1	16606
1	16606
1	16606
1	16606
1	16606
1	16608
1	16608
1	16608
1	16609
1	16611
1	16611
1	16611
1	16614
1	16614
1	16614
1	16614
1	16614
1	16614
1	16616
1	16616
1	16616
1	16617
1	16617
1	16620
1	16622
1	16622
1	16622
1	16625
1	16625
1	16625
1	16625
1	16628
1	16628
1	16628
1	16631
1	16631
1	16631
1	16636
1	16636
1	16639
1	16639
1	16639
1	16639
1	16641
1	16641
1	16641
1	16642
1	16644
1	16644
1	16644
1	16645
1	16647
1	16647
1	16650
1	16650
1	16653
1	16653
1	16653
1	16653
1	16653
1	16653
1	16653
1	16655
1	16655
1	16655
1	16655
1	16656
1	16658
1	16658
1	16659
1	16659
1	16661
1	16661
1	16661
1	16661
1	16664
1	16664
1	16664
1	16664
1	16667
1	16667
1	16667
1	16667
1	16667
1	16669
1	16669
1	16669
1	16670
1	16672
1	16675
1	16675
1	16675
1	16675
1	16675
1	16678
1	16678
1	16680
1	16680
1	16680
1	16681
1	16681
1	16683
1	16683
1	16686
1	16686
1	16686
1	16686
1	16686
1	16688
1	16689
1	16689
1	16689
1	16692
1	16692
1	16692
1	16692
1	16692
1	16692
1	16692
1	16693
1	16694
1	16694
1	16694
1	16694
1	16695
1	16697
1	16697
1	16698
1	16698
1	16700
1	16700
1	16703
1	16703
1	16703
1	16703
1	16703
1	16705
1	16706
1	16706
1	16706
1	16706
1	16706
1	16708
1	16708
1	16708
1	16709
1	16711
1	16711
1	16711
1	16711
1	16711
1	16711
1	16717
1	16717
1	16717
1	16720
1	16720
1	16720
1	16720
1	16720
1	16720
1	16720
1	16720
1	16722
1	16722
1	16722
1	16725
1	16725
1	16728
1	16728
1	16728
1	16728
1	16728
1	16728
1	16728
1	16728
1	16731
1	16731
1	16731
1	16733
1	16734
1	16734
1	16734
1	16736
1	16736
1	16736
1	16736
1	16739
1	16739
1	16739
1	16742
1	16742
1	16742
1	16742
1	16742
1	16744
1	16744
1	16744
1	16745
1	16748
1	16748
1	16748
1	16748
1	16748
1	16750
1	16750
1	16750
1	16750
1	16750
1	16750
1	16750
1	16750
1	16753
1	16753
1	16756
1	16756
1	16756
1	16756
1	16758
1	16759
1	16759
1	16759
1	16759
1	16762
1	16762
1	16762
1	16764
1	16764
1	16764
1	16764
1	16764
1	16764
1	16767
1	16767
1	16767
1	16770
1	16770
1	16770
1	16771
1	16771
1	16773
1	16773
1	16775
1	16775
1	16776
1	16776
1	16776
1	16779
1	16779
1	16779
1	16781
1	16781
1	16784
1	16784
1	16784
1	16784
1	16784
1	16784
1	16784
1	16787
1	16787
1	16787
1	16787
1	16790
1	16790
1	16790
1	16792
1	16793
1	16793
1	16793
1	16793
1	16795
1	16795
1	16795
1	16795
1	16795
1	16795
1	16795
1	16795
1	16796
1	16796
1	16798
1	16798
1	16799
1	16801
1	16801
1	16801
1	16801
1	16801
1	16801
1	16803
1	16804
1	16804
1	16804
1	16804
1	16807
1	16807
1	16807
1	16807
1	16807
1	16809
1	16809
1	16809
1	16812
1	16812
1	16815
1	16816
1	16816
1	16816
1	16818
1	16818
1	16818
1	16818
1	16820
1	16821
1	16821
1	16821
1	16821
1	16824
1	16824
1	16824
1	16824
1	16826
1	16826
1	16826
1	16826
1	16826
1	16826
1	16827
1	16829
1	16830
1	16830
1	16830
1	16832
1	16832
1	16832
1	16832
1	16832
1	16832
1	16832
1	16832
1	16835
1	16835
1	16835
1	16835
1	16835
1	16835
1	16838
1	16838
1	16838
1	16838
1	16838
1	16841
1	16841
1	16841
1	16843
1	16843
1	16844
1	16844
1	16844
1	16844
1	16844
1	16844
1	16846
1	16846
1	16846
1	16847
1	16847
1	16847
1	16849
1	16849
1	16852
1	16852
1	16852
1	16852
1	16855
1	16855
1	16857
1	16858
1	16860
1	16861
1	16861
1	16863
1	16863
1	16864
1	16864
1	16864
1	16866
1	16866
1	16866
1	16869
1	16869
1	16870
1	16872
1	16872
1	16872
1	16872
1	16872
1	16875
1	16875
1	16875
1	16875
1	16875
1	16877
1	16877
1	16877
1	16881
1	16881
1	16881
1	16883
1	16883
1	16883
1	16883
1	16884
1	16886
1	16886
1	16886
1	16887
1	16887
1	16887
1	16887
1	16889
1	16889
1	16889
1	16889
1	16892
1	16892
1	16892
1	16892
1	16892
1	16895
1	16895
1	16895
1	16898
1	16898
1	16898
1	16898
1	16900
1	16900
1	16900
1	16901
1	16901
1	16903
1	16906
1	16906
1	16906
1	16909
1	16909
1	16909
1	16912
1	16912
1	16912
1	16915
1	16915
1	16915
1	16915
1	16917
1	16917
1	16918
1	16920
1	16920
1	16920
1	16921
1	16921
1	16923
1	16923
1	16923
1	16923
1	16926
1	16926
1	16926
1	16926
1	16926
1	16926
1	16926
1	16926
1	16929
1	16929
1	16929
1	16929
1	16929
1	16930
1	16932
1	16932
1	16932
1	16932
1	16932
1	16932
1	16932
1	16932
1	16934
1	16934
1	16935
1	16935
1	16937
1	16937
1	16938
1	16938
1	16938
1	16938
1	16941
1	16941
1	16941
1	16941
1	16943
1	16943
1	16943
1	16943
1	16946
1	16946
1	16949
1	16949
1	16949
1	16949
1	16949
1	16949
1	16952
1	16952
1	16954
1	16955
1	16955
1	16955
1	16955
1	16955
1	16955
1	16955
1	16955
1	16955
1	16958
1	16958
1	16958
1	16958
1	16958
1	16958
1	16960
1	16960
1	16961
1	16961
1	16961
1	16961
1	16963
1	16964
1	16964
1	16966
1	16966
1	16966
1	16967
1	16967
1	16972
1	16972
1	16972
1	16972
1	16973
1	16975
1	16975
1	16975
1	16978
1	16978
1	16978
1	16978
1	16978
1	16981
1	16981
1	16984
1	16984
1	16984
1	16984
1	16986
1	16986
1	16986
1	16989
1	16989
1	16989
1	16990
1	16990
1	16990
1	16992
1	16992
1	16993
1	16993
1	16995
1	16995
1	16995
1	16998
1	16998
1	16998
1	16998
1	16998
1	16998
1	16998
1	16998
1	16998
1	16998
1	17001
1	17001
1	17001
1	17001
1	17001
1	17004
1	17004
1	17004
1	17006
1	17006
1	17006
1	17007
1	17007
1	17007
1	17009
1	17010
1	17010
1	17010
1	17012
1	17013
1	17015
1	17015
1	17015
1	17015
1	17015
1	17016
1	17018
1	17018
1	17018
1	17018
1	17019
1	17021
1	17022
1	17024
1	17027
1	17027
1	17027
1	17027
1	17027
1	17027
1	17027
1	17030
1	17030
1	17030
1	17030
1	17030
1	17033
1	17033
1	17033
1	17033
1	17033
1	17033
1	17035
1	17035
1	17038
1	17038
1	17039
1	17039
1	17041
1	17042
1	17042
1	17042
1	17042
1	17042
1	17042
1	17044
1	17044
1	17044
1	17044
1	17044
1	17047
1	17047
1	17047
1	17047
1	17047
1	17047
1	17047
1	17047
1	17050
1	17051
1	17051
1	17051
1	17051
1	17051
1	17053
1	17053
1	17053
1	17053
1	17053
1	17053
1	17056
1	17056
1	17056
1	17056
1	17056
1	17056
1	17056
1	17056
1	17059
1	17059
1	17059
1	17059
1	17059
1	17059
1	17059
1	17062
1	17062
1	17062
1	17062
1	17062
1	17063
1	17065
1	17065
1	17065
1	17065
1	17065
1	17065
1	17067
1	17067
1	17067
1	17067
1	17068
1	17068
1	17068
1	17070
1	17071
1	17071
1	17071
1	17071
1	17071
1	17074
1	17074
1	17074
1	17074
1	17074
1	17074
1	17076
1	17076
1	17076
1	17076
1	17076
1	17076
1	17077
1	17077
1	17079
1	17079
1	17079
1	17079
1	17079
1	17080
1	17080
1	17082
1	17083
1	17085
1	17085
1	17085
1	17085
1	17085
1	17085
1	17088
1	17088
1	17088
1	17088
1	17088
1	17091
1	17091
1	17094
1	17094
1	17094
1	17094
1	17094
1	17094
1	17094
1	17094
1	17097
1	17097
1	17097
1	17099
1	17099
1	17099
1	17099
1	17100
1	17100
1	17100
1	17100
1	17102
1	17102
1	17103
1	17103
1	17103
1	17103
1	17103
1	17103
1	17103
1	17106
1	17106
1	17106
1	17106
1	17106
1	17106
1	17106
1	17108
1	17108
1	17108
1	17108
1	17111
1	17114
1	17115
1	17115
1	17115
1	17115
1	17117
1	17117
1	17117
1	17118
1	17118
1	17118
1	17120
1	17123
1	17123
1	17126
1	17126
1	17127
1	17129
1	17129
1	17129
1	17129
1	17129
1	17129
1	17129
1	17131
1	17132
1	17132
1	17135
1	17135
1	17135
1	17135
1	17135
1	17135
1	17138
1	17138
1	17138
1	17138
1	17141
1	17143
1	17143
1	17144
1	17144
1	17144
1	17144
1	17144
1	17144
1	17144
1	17146
1	17146
1	17146
1	17147
1	17147
1	17147
1	17150
1	17150
1	17150
1	17150
1	17150
1	17153
1	17153
1	17153
1	17153
1	17153
1	17155
1	17156
1	17158
1	17161
1	17161
1	17162
1	17162
1	17162
1	17162
1	17162
1	17164
1	17164
1	17164
1	17167
1	17167
1	17167
1	17168
1	17170
1	17170
1	17170
1	17170
1	17170
1	17171
1	17171
1	17173
1	17173
1	17173
1	17174
1	17174
1	17174
1	17174
1	17176
1	17176
1	17176
1	17176
1	17176
1	17176
1	17179
1	17179
1	17179
1	17179
1	17182
1	17182
1	17183
1	17183
1	17185
1	17185
1	17185
1	17186
1	17186
1	17186
1	17186
1	17186
1	17188
1	17188
1	17188
1	17190
1	17191
1	17191
1	17191
1	17191
1	17191
1	17191
1	17193
1	17194
1	17194
1	17194
1	17194
1	17197
1	17197
1	17197
1	17200
1	17200
1	17200
1	17200
1	17200
1	17200
1	17202
1	17202
1	17202
1	17202
1	17202
1	17205
1	17206
1	17206
1	17209
1	17209
1	17209
1	17209
1	17209
1	17209
1	17212
1	17212
1	17212
1	17214
1	17214
1	17214
1	17214
1	17214
1	17215
1	17215
1	17217
1	17217
1	17221
1	17221
1	17221
1	17223
1	17223
1	17224
1	17224
1	17224
1	17224
1	17226
1	17226
1	17226
1	17226
1	17229
1	17229
1	17230
1	17232
1	17232
1	17235
1	17235
1	17235
1	17235
1	17236
1	17236
1	17236
1	17239
1	17239
1	17239
1	17239
1	17241
1	17241
1	17241
1	17244
1	17244
1	17245
1	17247
1	17247
1	17247
1	17247
1	17247
1	17247
1	17248
1	17250
1	17250
1	17250
1	17251
1	17251
1	17251
1	17251
1	17251
1	17253
1	17253
1	17253
1	17256
1	17256
1	17256
1	17256
1	17256
1	17256
1	17256
1	17256
1	17256
1	17259
1	17259
1	17259
1	17259
1	17259
1	17259
1	17260
1	17262
1	17262
1	17263
1	17263
1	17263
1	17265
1	17265
1	17265
1	17265
1	17265
1	17265
1	17265
1	17268
1	17268
1	17268
1	17268
1	17271
1	17271
1	17271
1	17274
1	17274
1	17274
1	17274
1	17274
1	17274
1	17275
1	17277
1	17277
1	17277
1	17277
1	17277
1	17280
1	17280
1	17280
1	17280
1	17280
1	17283
1	17283
1	17283
1	17285
1	17285
1	17286
1	17286
1	17286
1	17286
1	17286
1	17289
1	17292
1	17292
1	17293
1	17293
1	17293
1	17295
1	17295
1	17295
1	17295
1	17298
1	17298
1	17298
1	17298
1	17298
1	17301
1	17301
1	17304
1	17304
1	17307
1	17307
1	17307
1	17307
1	17308
1	17310
1	17310
1	17310
1	17310
1	17313
1	17313
1	17313
1	17313
1	17313
1	17313
1	17313
1	17316
1	17316
1	17316
1	17316
1	17316
1	17319
1	17320
1	17322
1	17322
1	17322
1	17322
1	17322
1	17322
1	17325
1	17325
1	17325
1	17325
1	17325
1	17328
1	17328
1	17328
1	17328
1	17331
1	17331
1	17331
1	17331
1	17331
1	17334
1	17334
1	17334
1	17334
1	17337
1	17337
1	17337
1	17337
1	17337
1	17337
1	17337
1	17340
1	17340
1	17340
1	17340
1	17340
1	17343
1	17343
1	17343
1	17343
1	17345
1	17345
1	17346
1	17346
1	17349
1	17349
1	17349
1	17349
1	17349
1	17349
1	17352
1	17352
1	17352
1	17352
1	17353
1	17353
1	17353
1	17355
1	17355
1	17355
1	17355
1	17356
1	17356
1	17356
1	17358
1	17358
1	17361
1	17361
1	17361
1	17361
1	17364
1	17364
1	17364
1	17364
1	17364
1	17364
1	17367
1	17367
1	17367
1	17367
1	17367
1	17368
1	17368
1	17370
1	17370
1	17370
1	17371
1	17373
1	17373
1	17373
1	17376
1	17376
1	17376
1	17379
1	17379
1	17379
1	17382
1	17382
1	17382
1	17382
1	17382
1	17383
1	17386
1	17388
1	17389
1	17389
1	17389
1	17389
1	17391
1	17391
1	17391
1	17394
1	17394
1	17394
1	17397
1	17400
1	17400
1	17400
1	17401
1	17401
1	17401
1	17403
1	17404
1	17404
1	17404
1	17404
1	17406
1	17407
1	17407
1	17407
1	17410
1	17410
1	17410
1	17410
1	17410
1	17410
1	17412
1	17412
1	17412
1	17415
1	17415
1	17415
1	17415
1	17415
1	17416
1	17416
1	17416
1	17416
1	17416
1	17416
1	17418
1	17418
1	17419
1	17419
1	17421
1	17421
1	17422
1	17424
1	17424
1	17425
1	17425
1	17425
1	17425
1	17428
1	17428
1	17431
1	17431
1	17431
1	17431
1	17433
1	17433
1	17433
1	17433
1	17434
1	17434
1	17434
1	17436
1	17436
1	17436
1	17437
1	17437
1	17437
1	17437
1	17440
1	17440
1	17440
1	17440
1	17440
1	17440
1	17443
1	17443
1	17443
1	17443
1	17443
1	17446
1	17446
1	17446
1	17446
1	17446
1	17446
1	17449
1	17449
1	17449
1	17452
1	17452
1	17452
1	17452
1	17452
1	17452
1	17452
1	17452
1	17452
1	17454
1	17454
1	17455
1	17455
1	17458
1	17458
1	17458
1	17461
1	17461
1	17461
1	17461
1	17461
1	17461
1	17462
1	17462
1	17465
1	17465
1	17467
1	17468
1	17468
1	17468
1	17470
1	17470
1	17470
1	17470
1	17470
1	17470
1	17470
1	17470
1	17473
1	17473
1	17476
1	17476
1	17476
1	17476
1	17476
1	17482
1	17483
1	17485
1	17485
1	17485
1	17486
1	17486
1	17486
1	17486
1	17486
1	17486
1	17489
1	17489
1	17489
1	17489
1	17489
1	17489
1	17492
1	17492
1	17492
1	17492
1	17492
1	17492
1	17492
1	17494
1	17494
1	17494
1	17494
1	17494
1	17495
1	17497
1	17497
1	17497
1	17498
1	17498
1	17501
1	17501
1	17501
1	17501
1	17501
1	17501
1	17501
1	17501
1	17503
1	17504
1	17504
1	17504
1	17504
1	17504
1	17507
1	17507
1	17507
1	17507
1	17507
1	17507
1	17508
1	17510
1	17510
1	17510
1	17511
1	17511
1	17513
1	17513
1	17513
1	17513
1	17513
1	17513
1	17516
1	17516
1	17516
1	17516
1	17519
1	17519
1	17519
1	17519
1	17519
1	17519
1	17519
1	17522
1	17522
1	17522
1	17522
1	17522
1	17522
1	17525
1	17525
1	17526
1	17526
1	17528
1	17529
1	17529
1	17529
1	17531
1	17531
1	17531
1	17531
1	17531
1	17531
1	17532
1	17532
1	17532
1	17532
1	17535
1	17535
1	17535
1	17535
1	17535
1	17538
1	17538
1	17538
1	17538
1	17541
1	17541
1	17541
1	17541
1	17541
1	17541
1	17544
1	17544
1	17544
1	17546
1	17547
1	17547
1	17550
1	17553
1	17553
1	17553
1	17553
1	17553
1	17553
1	17553
1	17556
1	17557
1	17557
1	17557
1	17560
1	17560
1	17562
1	17562
1	17562
1	17562
1	17563
1	17563
1	17566
1	17566
1	17566
1	17569
1	17571
1	17571
1	17571
1	17571
1	17571
1	17574
1	17574
1	17574
1	17575
1	17577
1	17578
1	17578
1	17578
1	17580
1	17581
1	17581
1	17581
1	17581
1	17581
1	17581
1	17584
1	17584
1	17584
1	17587
1	17587
1	17587
1	17587
1	17587
1	17587
1	17587
1	17587
1	17590
1	17590
1	17590
1	17590
1	17590
1	17593
1	17596
1	17596
1	17597
1	17597
1	17597
1	17599
1	17599
1	17599
1	17599
1	17599
1	17599
1	17602
1	17602
1	17602
1	17602
1	17603
1	17605
1	17605
1	17606
1	17608
1	17609
1	17609
1	17611
1	17611
1	17611
1	17612
1	17612
1	17612
1	17612
1	17615
1	17615
1	17615
1	17615
1	17615
1	17618
1	17618
1	17618
1	17619
1	17621
1	17621
1	17621
1	17621
1	17624
1	17624
1	17624
1	17625
1	17625
1	17627
1	17628
1	17628
1	17628
1	17628
1	17631
1	17631
1	17631
1	17631
1	17633
1	17633
1	17633
1	17633
1	17636
1	17636
1	17636
1	17636
1	17637
1	17639
1	17639
1	17640
1	17642
1	17642
1	17642
1	17642
1	17643
1	17643
1	17643
1	17643
1	17645
1	17646
1	17646
1	17646
1	17646
1	17649
1	17649
1	17649
1	17652
1	17652
1	17652
1	17655
1	17655
1	17658
1	17659
1	17659
1	17659
1	17659
1	17659
1	17659
1	17662
1	17662
1	17662
1	17662
1	17662
1	17662
1	17662
1	17665
1	17665
1	17665
1	17665
1	17665
1	17668
1	17668
1	17668
1	17668
1	17668
1	17671
1	17671
1	17671
1	17672
1	17674
1	17674
1	17674
1	17674
1	17674
1	17674
1	17677
1	17677
1	17680
1	17680
1	17680
1	17680
1	17680
1	17680
1	17683
1	17683
1	17683
1	17683
1	17683
1	17683
1	17683
1	17684
1	17687
1	17687
1	17687
1	17689
1	17690
1	17692
1	17693
1	17693
1	17693
1	17696
1	17696
1	17696
1	17696
1	17696
1	17696
1	17696
1	17699
1	17699
1	17700
1	17700
1	17702
1	17702
1	17702
1	17702
1	17703
1	17703
1	17703
1	17705
1	17705
1	17706
1	17706
1	17706
1	17706
1	17706
1	17708
1	17709
1	17709
1	17712
1	17712
1	17715
1	17715
1	17718
1	17718
1	17718
1	17718
1	17718
1	17721
1	17721
1	17721
1	17721
1	17724
1	17724
1	17724
1	17727
1	17730
1	17730
1	17730
1	17730
1	17730
1	17731
1	17733
1	17734
1	17734
1	17734
1	17736
1	17736
1	17737
1	17737
1	17739
1	17739
1	17740
1	17740
1	17740
1	17740
1	17740
1	17742
1	17743
1	17743
1	17743
1	17743
1	17743
1	17746
1	17746
1	17746
1	17746
1	17746
1	17746
1	17747
1	17749
1	17749
1	17749
1	17750
1	17752
1	17753
1	17753
1	17753
1	17755
1	17755
1	17755
1	17755
1	17756
1	17756
1	17758
1	17758
1	17759
1	17759
1	17762
1	17762
1	17763
1	17765
1	17765
1	17769
1	17769
1	17769
1	17769
1	17771
1	17772
1	17772
1	17772
1	17772
1	17772
1	17772
1	17772
1	17775
1	17775
1	17775
1	17775
1	17775
1	17778
1	17778
1	17778
1	17778
1	17778
1	17778
1	17778
1	17778
1	17781
1	17781
1	17781
1	17781
1	17782
1	17784
1	17784
1	17785
1	17787
1	17788
1	17788
1	17788
1	17791
1	17791
1	17794
1	17794
1	17794
1	17794
1	17797
1	17797
1	17797
1	17797
1	17797
1	17797
1	17797
1	17800
1	17800
1	17800
1	17800
1	17800
1	17800
1	17803
1	17803
1	17803
1	17803
1	17803
1	17803
1	17806
1	17806
1	17806
1	17806
1	17809
1	17809
1	17809
1	17812
1	17813
1	17816
1	17816
1	17816
1	17819
1	17819
1	17819
1	17819
1	17819
1	17819
1	17822
1	17825
1	17825
1	17825
1	17828
1	17828
1	17831
1	17832
1	17832
1	17835
1	17835
1	17835
1	17835
1	17835
1	17837
1	17837
1	17837
1	17841
1	17841
1	17841
1	17844
1	17844
1	17847
1	17847
1	17848
1	17848
1	17850
1	17850
1	17850
1	17850
1	17851
1	17851
1	17851
1	17851
1	17851
1	17853
1	17853
1	17854
1	17854
1	17856
1	17856
1	17857
1	17857
1	17860
1	17860
1	17861
1	17863
1	17863
1	17863
1	17863
1	17863
1	17863
1	17864
1	17864
1	17864
1	17866
1	17866
1	17866
1	17866
1	17866
1	17867
1	17867
1	17867
1	17869
1	17869
1	17870
1	17870
1	17870
1	17870
1	17870
1	17873
1	17873
1	17873
1	17873
1	17873
1	17873
1	17876
1	17876
1	17876
1	17876
1	17876
1	17876
1	17879
1	17879
1	17879
1	17879
1	17879
1	17880
1	17882
1	17882
1	17882
1	17882
1	17882
1	17883
1	17883
1	17883
1	17888
1	17888
1	17888
1	17889
1	17889
1	17889
1	17889
1	17889
1	17892
1	17892
1	17892
1	17895
1	17895
1	17895
1	17896
1	17898
1	17898
1	17898
1	17899
1	17901
1	17901
1	17901
1	17901
1	17902
1	17902
1	17902
1	17902
1	17902
1	17902
1	17902
1	17905
1	17905
1	17908
1	17908
1	17908
1	17908
1	17908
1	17908
1	17908
1	17908
1	17911
1	17911
1	17911
1	17911
1	17911
1	17911
1	17911
1	17912
1	17914
1	17914
1	17915
1	17915
1	17915
1	17915
1	17918
1	17918
1	17921
1	17921
1	17921
1	17921
1	17921
1	17921
1	17921
1	17924
1	17924
1	17924
1	17924
1	17924
1	17927
1	17928
1	17931
1	17931
1	17931
1	17931
1	17931
1	17934
1	17934
1	17934
1	17934
1	17934
1	17937
1	17937
1	17937
1	17937
1	17937
1	17937
1	17940
1	17944
1	17944
1	17944
1	17944
1	17944
1	17944
1	17947
1	17947
1	17947
1	17947
1	17947
1	17947
1	17947
1	17950
1	17950
1	17953
1	17953
1	17953
1	17954
1	17954
1	17954
1	17954
1	17954
1	17954
1	17954
1	17956
1	17957
1	17957
1	17957
1	17960
1	17960
1	17960
1	17960
1	17960
1	17960
1	17960
1	17963
1	17964
1	17966
1	17966
1	17966
1	17970
1	17970
1	17972
1	17973
1	17973
1	17973
1	17973
1	17973
1	17973
1	17973
1	17973
1	17973
1	17976
1	17976
1	17976
1	17976
1	17976
1	17976
1	17979
1	17979
1	17979
1	17980
1	17980
1	17982
1	17982
1	17985
1	17985
1	17986
1	17986
1	17986
1	17986
1	17988
1	17988
1	17989
1	17989
1	17989
1	17989
1	17989
1	17989
1	17989
1	17989
1	17989
1	17989
1	17989
1	17989
1	17992
1	17992
1	17992
1	17992
1	17995
1	17995
1	17995
1	17995
1	17998
1	17998
1	17999
1	18002
1	18002
1	18004
1	18004
1	18005
1	18005
1	18005
1	18005
1	18005
1	18005
1	18005
1	18005
1	18008
1	18008
1	18008
1	18008
1	18008
1	18008
1	18008
1	18008
1	18011
1	18011
1	18011
1	18014
1	18014
1	18014
1	18015
1	18018
1	18018
1	18018
1	18018
1	18018
1	18018
1	18018
1	18021
1	18021
1	18025
1	18025
1	18028
1	18028
1	18028
1	18031
1	18031
1	18031
1	18031
1	18031
1	18031
1	18034
1	18034
1	18035
1	18037
1	18038
1	18038
1	18041
1	18041
1	18041
1	18041
1	18041
1	18044
1	18044
1	18044
1	18044
1	18047
1	18047
1	18048
1	18050
1	18051
1	18051
1	18051
1	18053
1	18053
1	18054
1	18057
1	18057
1	18057
1	18057
1	18060
1	18060
1	18060
1	18060
1	18060
1	18060
1	18063
1	18063
1	18063
1	18063
1	18063
1	18063
1	18063
1	18063
1	18064
1	18064
1	18064
1	18066
1	18067
1	18067
1	18067
1	18067
1	18070
1	18070
1	18070
1	18070
1	18073
1	18073
1	18077
1	18077
1	18077
1	18077
1	18077
1	18080
1	18080
1	18083
1	18083
1	18083
1	18083
1	18086
1	18086
1	18087
1	18087
1	18090
1	18090
1	18090
1	18093
1	18094
1	18096
1	18096
1	18096
1	18096
1	18096
1	18097
1	18100
1	18100
1	18102
1	18102
1	18102
1	18102
1	18103
1	18103
1	18103
1	18105
1	18106
1	18106
1	18106
1	18106
1	18106
1	18109
1	18109
1	18109
1	18109
1	18109
1	18109
1	18109
1	18109
1	18112
1	18112
1	18112
1	18112
1	18113
1	18113
1	18116
1	18116
1	18116
1	18116
1	18116
1	18119
1	18119
1	18120
1	18120
1	18120
1	18122
1	18123
1	18123
1	18123
1	18123
1	18126
1	18126
1	18126
1	18126
1	18129
1	18129
1	18130
1	18132
1	18133
1	18133
1	18133
1	18133
1	18133
1	18135
1	18135
1	18135
1	18135
1	18136
1	18136
1	18136
1	18138
1	18138
1	18139
1	18139
1	18139
1	18139
1	18142
1	18142
1	18142
1	18142
1	18145
1	18145
1	18146
1	18146
1	18149
1	18149
1	18149
1	18149
1	18149
1	18152
1	18152
1	18152
1	18152
1	18152
1	18155
1	18156
1	18156
1	18156
1	18156
1	18159
1	18159
1	18159
1	18159
1	18159
1	18162
1	18162
1	18162
1	18162
1	18165
1	18165
1	18165
1	18165
1	18165
1	18166
1	18168
1	18168
1	18168
1	18168
1	18169
1	18169
1	18169
1	18172
1	18172
1	18172
1	18175
1	18175
1	18175
1	18178
1	18178
1	18178
1	18178
1	18178
1	18179
1	18182
1	18182
1	18182
1	18182
1	18182
1	18185
1	18185
1	18186
1	18186
1	18186
1	18188
1	18189
1	18189
1	18189
1	18189
1	18192
1	18192
1	18192
1	18192
1	18192
1	18192
1	18195
1	18195
1	18195
1	18195
1	18195
1	18195
1	18195
1	18198
1	18198
1	18198
1	18198
1	18198
1	18199
1	18199
1	18201
1	18201
1	18202
1	18202
1	18204
1	18205
1	18205
1	18205
1	18205
1	18205
1	18205
1	18208
1	18208
1	18208
1	18208
1	18208
1	18208
1	18208
1	18208
1	18208
1	18212
1	18212
1	18212
1	18212
1	18215
1	18215
1	18215
1	18216
1	18216
1	18216
1	18218
1	18218
1	18219
1	18219
1	18221
1	18221
1	18221
1	18222
1	18222
1	18222
1	18224
1	18225
1	18228
1	18228
1	18228
1	18228
1	18228
1	18229
1	18231
1	18231
1	18231
1	18231
1	18231
1	18231
1	18232
1	18235
1	18235
1	18235
1	18235
1	18235
1	18238
1	18238
1	18238
1	18238
1	18238
1	18241
1	18241
1	18241
1	18241
1	18242
1	18242
1	18242
1	18242
1	18242
1	18242
1	18245
1	18245
1	18245
1	18245
1	18245
1	18245
1	18248
1	18248
1	18248
1	18248
1	18248
1	18249
1	18249
1	18249
1	18251
1	18251
1	18251
1	18251
1	18251
1	18252
1	18252
1	18254
1	18254
1	18254
1	18255
1	18255
1	18258
1	18258
1	18258
1	18258
1	18258
1	18262
1	18262
1	18265
1	18265
1	18265
1	18265
1	18269
1	18269
1	18269
1	18269
1	18271
1	18272
1	18272
1	18274
1	18275
1	18275
1	18275
1	18275
1	18275
1	18275
1	18275
1	18278
1	18278
1	18278
1	18278
1	18278
1	18278
1	18278
1	18278
1	18278
1	18281
1	18281
1	18281
1	18281
1	18282
1	18285
1	18285
1	18285
1	18285
1	18285
1	18285
1	18288
1	18288
1	18288
1	18289
1	18289
1	18289
1	18291
1	18291
1	18291
1	18292
1	18292
1	18292
1	18292
1	18292
1	18295
1	18298
1	18298
1	18298
1	18301
1	18301
1	18301
1	18301
1	18301
1	18305
1	18305
1	18308
1	18309
1	18309
1	18309
1	18312
1	18312
1	18312
1	18312
1	18315
1	18315
1	18315
1	18318
1	18318
1	18318
1	18318
1	18319
1	18319
1	18321
1	18321
1	18321
1	18321
1	18321
1	18322
1	18322
1	18322
1	18322
1	18322
1	18322
1	18325
1	18325
1	18325
1	18325
1	18325
1	18325
1	18325
1	18328
1	18329
1	18329
1	18329
1	18329
1	18332
1	18332
1	18332
1	18335
1	18335
1	18335
1	18336
1	18336
1	18336
1	18338
1	18338
1	18338
1	18338
1	18341
1	18342
1	18342
1	18345
1	18345
1	18345
1	18345
1	18349
1	18349
1	18349
1	18349
1	18349
1	18349
1	18352
1	18353
1	18355
1	18355
1	18355
1	18356
1	18356
1	18358
1	18358
1	18359
1	18362
1	18362
1	18362
1	18362
1	18365
1	18365
1	18365
1	18369
1	18369
1	18369
1	18369
1	18369
1	18369
1	18369
1	18369
1	18372
1	18372
1	18372
1	18372
1	18373
1	18375
1	18376
1	18376
1	18376
1	18378
1	18379
1	18379
1	18379
1	18379
1	18379
1	18382
1	18382
1	18382
1	18382
1	18386
1	18386
1	18386
1	18386
1	18386
1	18386
1	18386
1	18386
1	18386
1	18389
1	18389
1	18389
1	18389
1	18389
1	18390
1	18390
1	18390
1	18390
1	18392
1	18392
1	18393
1	18393
1	18393
1	18393
1	18393
1	18396
1	18399
1	18399
1	18399
1	18399
1	18399
1	18399
1	18399
1	18399
1	18399
1	18399
1	18403
1	18403
1	18403
1	18403
1	18403
1	18403
1	18403
1	18406
1	18406
1	18406
1	18406
1	18407
1	18407
1	18407
1	18407
1	18407
1	18407
1	18407
1	18409
1	18409
1	18409
1	18409
1	18409
1	18409
1	18410
1	18410
1	18410
1	18413
1	18413
1	18413
1	18413
1	18413
1	18416
1	18416
1	18416
1	18416
1	18416
1	18416
1	18416
1	18419
1	18419
1	18419
1	18419
1	18419
1	18419
1	18419
1	18419
1	18419
1	18419
1	18423
1	18423
1	18423
1	18423
1	18423
1	18424
1	18426
1	18426
1	18426
1	18429
1	18429
1	18429
1	18430
1	18430
1	18430
1	18430
1	18433
1	18433
1	18433
1	18433
1	18433
1	18433
1	18433
1	18433
1	18433
1	18433
1	18433
1	18437
1	18437
1	18437
1	18437
1	18437
1	18437
1	18440
1	18440
1	18443
1	18443
1	18444
1	18444
1	18446
1	18447
1	18447
1	18447
1	18447
1	18449
1	18450
1	18450
1	18450
1	18454
1	18454
1	18454
1	18454
1	18454
1	18454
1	18457
1	18457
1	18457
1	18458
1	18458
1	18460
1	18461
1	18461
1	18461
1	18461
1	18461
1	18463
1	18464
1	18464
1	18464
1	18464
1	18464
1	18464
1	18467
1	18467
1	18467
1	18467
1	18467
1	18467
1	18467
1	18467
1	18471
1	18471
1	18471
1	18471
1	18471
1	18471
1	18471
1	18471
1	18474
1	18474
1	18474
1	18474
1	18474
1	18474
1	18474
1	18475
1	18477
1	18478
1	18480
1	18481
1	18481
1	18481
1	18481
1	18481
1	18484
1	18484
1	18484
1	18484
1	18484
1	18484
1	18484
1	18488
1	18488
1	18488
1	18488
1	18488
1	18488
1	18491
1	18491
1	18491
1	18491
1	18491
1	18491
1	18491
1	18494
1	18494
1	18495
1	18495
1	18495
1	18497
1	18497
1	18497
1	18498
1	18498
1	18501
1	18501
1	18501
1	18502
1	18502
1	18502
1	18502
1	18502
1	18502
1	18502
1	18502
1	18505
1	18505
1	18505
1	18505
1	18505
1	18505
1	18505
1	18508
1	18508
1	18508
1	18511
1	18511
1	18511
1	18511
1	18512
1	18515
1	18515
1	18515
1	18515
1	18515
1	18515
1	18515
1	18515
1	18515
1	18515
1	18518
1	18519
1	18519
1	18519
1	18519
1	18519
1	18519
1	18519
1	18522
1	18522
1	18522
1	18525
1	18525
1	18525
1	18525
1	18525
1	18525
1	18525
1	18526
1	18529
1	18529
1	18529
1	18529
1	18529
1	18529
1	18529
1	18532
1	18532
1	18532
1	18533
1	18533
1	18533
1	18533
1	18533
1	18534
1	18535
1	18535
1	18535
1	18536
1	18536
1	18536
1	18536
1	18536
1	18536
1	18539
1	18539
1	18539
1	18539
1	18539
1	18539
1	18539
1	18542
1	18542
1	18542
1	18542
1	18542
1	18547
1	18547
1	18549
1	18549
1	18549
1	18549
1	18549
1	18549
1	18550
1	18550
1	18550
1	18552
1	18552
1	18553
1	18553
1	18553
1	18556
1	18556
1	18556
1	18556
1	18556
1	18556
1	18556
1	18556
1	18556
1	18556
1	18556
1	18556
1	18563
1	18563
1	18563
1	18563
1	18563
1	18563
1	18563
1	18564
1	18566
1	18566
1	18567
1	18567
1	18567
1	18567
1	18567
1	18570
1	18570
1	18570
1	18570
1	18570
1	18570
1	18573
1	18574
1	18574
1	18574
1	18574
1	18577
1	18577
1	18577
1	18577
1	18577
1	18577
1	18577
1	18577
1	18577
1	18578
1	18580
1	18580
1	18580
1	18580
1	18580
1	18581
1	18581
1	18581
1	18584
1	18584
1	18584
1	18584
1	18584
1	18584
1	18584
1	18587
1	18587
1	18587
1	18588
1	18588
1	18588
1	18588
1	18588
1	18591
1	18591
1	18591
1	18591
1	18591
1	18594
1	18594
1	18594
1	18594
1	18598
1	18598
1	18598
1	18598
1	18598
1	18601
1	18601
1	18601
1	18602
1	18602
1	18604
1	18608
1	18608
1	18612
1	18612
1	18612
1	18612
1	18612
1	18615
1	18615
1	18618
1	18618
1	18618
1	18618
1	18618
1	18621
1	18621
1	18622
1	18622
1	18622
1	18622
1	18622
1	18625
1	18625
1	18626
1	18626
1	18626
1	18626
1	18626
1	18626
1	18629
1	18629
1	18629
1	18629
1	18629
1	18629
1	18632
1	18632
1	18632
1	18636
1	18636
1	18636
1	18636
1	18636
1	18636
1	18639
1	18640
1	18640
1	18640
1	18640
1	18643
1	18643
1	18646
1	18646
1	18646
1	18650
1	18650
1	18650
1	18650
1	18650
1	18650
1	18650
1	18653
1	18654
1	18654
1	18654
1	18657
1	18657
1	18660
1	18660
1	18660
1	18660
1	18660
1	18660
1	18664
1	18667
1	18667
1	18667
1	18667
1	18667
1	18668
1	18670
1	18670
1	18670
1	18671
1	18671
1	18674
1	18674
1	18674
1	18675
1	18675
1	18677
1	18677
1	18678
1	18681
1	18681
1	18681
1	18681
1	18685
1	18685
1	18685
1	18688
1	18688
1	18688
1	18688
1	18688
1	18688
1	18688
1	18689
1	18691
1	18691
1	18692
1	18692
1	18692
1	18692
1	18692
1	18695
1	18695
1	18695
1	18699
1	18699
1	18702
1	18702
1	18702
1	18702
1	18702
1	18705
1	18705
1	18705
1	18705
1	18705
1	18709
1	18709
1	18709
1	18709
1	18710
1	18712
1	18713
1	18713
1	18715
1	18715
1	18715
1	18716
1	18720
1	18720
1	18720
1	18723
1	18723
1	18723
1	18723
1	18723
1	18724
1	18724
1	18724
1	18724
1	18726
1	18726
1	18726
1	18726
1	18727
1	18727
1	18727
1	18730
1	18730
1	18733
1	18734
1	18734
1	18734
1	18734
1	18734
1	18737
1	18737
1	18737
1	18737
1	18740
1	18740
1	18740
1	18740
1	18741
1	18741
1	18744
1	18744
1	18744
1	18745
1	18745
1	18745
1	18747
1	18748
1	18751
1	18751
1	18751
1	18751
1	18755
1	18755
1	18755
1	18755
1	18755
1	18755
1	18755
1	18755
1	18758
1	18759
1	18759
1	18761
1	18762
1	18765
1	18765
1	18766
1	18766
1	18766
1	18768
1	18769
1	18769
1	18769
1	18772
1	18772
1	18772
1	18772
1	18776
1	18776
1	18776
1	18776
1	18776
1	18777
1	18777
1	18779
1	18779
1	18779
1	18779
1	18779
1	18779
1	18782
1	18783
1	18783
1	18786
1	18786
1	18787
1	18787
1	18787
1	18787
1	18787
1	18789
1	18790
1	18790
1	18790
1	18790
1	18790
1	18790
1	18790
1	18793
1	18793
1	18793
1	18797
1	18797
1	18797
1	18798
1	18800
1	18800
1	18801
1	18801
1	18801
1	18804
1	18804
1	18804
1	18804
1	18804
1	18807
1	18808
1	18808
1	18808
1	18808
1	18811
1	18811
1	18811
1	18811
1	18812
1	18814
1	18814
1	18814
1	18814
1	18814
1	18814
1	18814
1	18815
1	18815
1	18818
1	18819
1	18822
1	18822
1	18822
1	18822
1	18822
1	18825
1	18825
1	18825
1	18825
1	18825
1	18825
1	18825
1	18829
1	18829
1	18829
1	18829
1	18832
1	18832
1	18832
1	18832
1	18832
1	18832
1	18832
1	18832
1	18833
1	18833
1	18833
1	18833
1	18836
1	18836
1	18836
1	18836
1	18836
1	18836
1	18839
1	18840
1	18840
1	18843
1	18843
1	18843
1	18843
1	18843
1	18847
1	18847
1	18847
1	18850
1	18850
1	18850
1	18850
1	18850
1	18850
1	18850
1	18851
1	18853
1	18854
1	18854
1	18857
1	18857
1	18858
1	18858
1	18858
1	18858
1	18858
1	18860
1	18861
1	18861
1	18861
1	18864
1	18864
1	18864
1	18864
1	18868
1	18868
1	18868
1	18868
1	18868
1	18869
1	18871
1	18871
1	18871
1	18871
1	18871
1	18871
1	18872
1	18872
1	18875
1	18879
1	18879
1	18879
1	18879
1	18882
1	18882
1	18882
1	18882
1	18882
1	18882
1	18886
1	18886
1	18886
1	18889
1	18889
1	18889
1	18890
1	18892
1	18892
1	18892
1	18892
1	18893
1	18893
1	18896
1	18896
1	18897
1	18897
1	18897
1	18897
1	18897
1	18899
1	18900
1	18900
1	18900
1	18900
1	18900
1	18903
1	18907
1	18907
1	18907
1	18907
1	18907
1	18907
1	18908
1	18908
1	18910
1	18911
1	18911
1	18911
1	18914
1	18914
1	18915
1	18915
1	18915
1	18917
1	18917
1	18918
1	18918
1	18918
1	18918
1	18918
1	18918
1	18918
1	18921
1	18921
1	18921
1	18921
1	18921
1	18921
1	18921
1	18925
1	18925
1	18925
1	18925
1	18926
1	18926
1	18926
1	18926
1	18926
1	18928
1	18928
1	18928
1	18929
1	18929
1	18929
1	18929
1	18929
1	18932
1	18932
1	18932
1	18932
1	18935
1	18936
1	18936
1	18936
1	18936
1	18936
1	18936
1	18936
1	18936
1	18939
1	18939
1	18939
1	18939
1	18939
1	18939
1	18939
1	18943
1	18943
1	18943
1	18943
1	18943
1	18946
1	18946
1	18947
1	18950
1	18950
1	18950
1	18950
1	18953
1	18954
1	18954
1	18954
1	18954
1	18954
1	18957
1	18957
1	18957
1	18957
1	18957
1	18957
1	18957
1	18957
1	18958
1	18961
1	18961
1	18961
1	18961
1	18961
1	18962
1	18962
1	18964
1	18964
1	18964
1	18964
1	18965
1	18965
1	18965
1	18965
1	18965
1	18968
1	18968
1	18968
1	18968
1	18968
1	18971
1	18972
1	18972
1	18972
1	18972
1	18972
1	18972
1	18975
1	18975
1	18975
1	18975
1	18975
1	18975
1	18975
1	18975
1	18975
1	18976
1	18979
1	18979
1	18980
1	18980
1	18982
1	18983
1	18983
1	18983
1	18983
1	18986
1	18986
1	18986
1	18989
1	18990
1	18990
1	18990
1	18990
1	18990
1	18990
1	18993
1	18993
1	18993
1	18993
1	18997
1	18997
1	18997
1	18997
1	18997
1	18997
1	18998
1	18998
1	18998
1	18998
1	19000
1	19000
1	19000
1	19000
1	19001
1	19001
1	19004
1	19005
1	19005
1	19007
1	19008
1	19008
1	19008
1	19011
1	19011
1	19011
1	19011
1	19011
1	19011
1	19011
1	19015
1	19015
1	19015
1	19015
1	19018
1	19019
1	19019
1	19019
1	19019
1	19022
1	19022
1	19022
1	19023
1	19023
1	19023
1	19023
1	19023
1	19023
1	19023
1	19023
1	19026
1	19026
1	19026
1	19026
1	19026
1	19026
1	19026
1	19029
1	19030
1	19030
1	19030
1	19030
1	19030
1	19030
1	19030
1	19030
1	19030
1	19032
1	19033
1	19033
1	19033
1	19033
1	19033
1	19033
1	19033
1	19034
1	19034
1	19036
1	19036
1	19036
1	19037
1	19040
1	19040
1	19043
1	19043
1	19044
1	19044
1	19044
1	19044
1	19044
1	19048
1	19048
1	19048
1	19048
1	19048
1	19048
1	19048
1	19048
1	19048
1	19051
1	19051
1	19051
1	19051
1	19051
1	19052
1	19055
1	19055
1	19058
1	19059
1	19059
1	19059
1	19059
1	19059
1	19059
1	19062
1	19062
1	19062
1	19062
1	19062
1	19062
1	19062
1	19066
1	19066
1	19066
1	19066
1	19066
1	19066
1	19066
1	19069
1	19069
1	19069
1	19069
1	19069
1	19074
1	19076
1	19076
1	19076
1	19076
1	19077
1	19077
1	19080
1	19080
1	19080
1	19081
1	19081
1	19081
1	19081
1	19081
1	19081
1	19084
1	19084
1	19084
1	19084
1	19084
1	19084
1	19088
1	19088
1	19088
1	19088
1	19091
1	19091
1	19091
1	19091
1	19092
1	19092
1	19092
1	19095
1	19095
1	19095
1	19095
1	19095
1	19095
1	19099
1	19099
1	19099
1	19099
1	19099
1	19102
1	19102
1	19102
1	19102
1	19102
1	19102
1	19106
1	19106
1	19106
1	19106
1	19106
1	19106
1	19109
1	19109
1	19109
1	19109
1	19109
1	19109
1	19113
1	19113
1	19114
1	19116
1	19117
1	19117
1	19117
1	19120
1	19121
1	19121
1	19121
1	19121
1	19124
1	19124
1	19128
1	19128
1	19128
1	19128
1	19131
1	19131
1	19131
1	19131
1	19131
1	19132
1	19132
1	19132
1	19135
1	19135
1	19135
1	19135
1	19135
1	19139
1	19139
1	19139
1	19139
1	19142
1	19142
1	19142
1	19142
1	19142
1	19146
1	19146
1	19146
1	19146
1	19146
1	19146
1	19146
1	19149
1	19149
1	19149
1	19149
1	19149
1	19150
1	19153
1	19153
1	19154
1	19156
1	19156
1	19156
1	19157
1	19157
1	19157
1	19157
1	19157
1	19157
1	19157
1	19157
1	19157
1	19161
1	19161
1	19161
1	19161
1	19164
1	19164
1	19164
1	19164
1	19164
1	19164
1	19164
1	19164
1	19164
1	19164
1	19168
1	19168
1	19168
1	19168
1	19168
1	19169
1	19169
1	19171
1	19171
1	19171
1	19171
1	19172
1	19172
1	19172
1	19175
1	19176
1	19176
1	19176
1	19176
1	19176
1	19176
1	19176
1	19176
1	19179
1	19179
1	19183
1	19183
1	19183
1	19183
1	19183
1	19183
1	19184
1	19186
1	19186
1	19187
1	19187
1	19190
1	19190
1	19191
1	19193
1	19193
1	19194
1	19194
1	19194
1	19194
1	19194
1	19197
1	19197
1	19198
1	19198
1	19198
1	19198
1	19198
1	19201
1	19201
1	19201
1	19201
1	19201
1	19201
1	19205
1	19205
1	19208
1	19208
1	19208
1	19209
1	19209
1	19212
1	19212
1	19213
1	19213
1	19213
1	19215
1	19216
1	19216
1	19216
1	19216
1	19216
1	19220
1	19220
1	19220
1	19220
1	19223
1	19223
1	19223
1	19223
1	19224
1	19227
1	19227
1	19227
1	19227
1	19227
1	19228
1	19228
1	19230
1	19230
1	19231
1	19231
1	19231
1	19235
1	19235
1	19235
1	19235
1	19235
1	19238
1	19238
1	19238
1	19238
1	19238
1	19238
1	19242
1	19242
1	19242
1	19242
1	19242
1	19242
1	19242
1	19242
1	19245
1	19245
1	19245
1	19245
1	19246
1	19246
1	19246
1	19246
1	19249
1	19250
1	19250
1	19250
1	19250
1	19253
1	19253
1	19253
1	19253
1	19253
1	19253
1	19253
1	19253
1	19257
1	19257
1	19257
1	19257
1	19257
1	19257
1	19257
1	19257
1	19257
1	19260
1	19260
1	19260
1	19260
1	19260
1	19260
1	19260
1	19264
1	19264
1	19264
1	19264
1	19264
1	19264
1	19265
1	19265
1	19267
1	19268
1	19268
1	19268
1	19268
1	19268
1	19268
1	19272
1	19272
1	19272
1	19272
1	19274
1	19275
1	19275
1	19275
1	19275
1	19275
1	19275
1	19279
1	19279
1	19279
1	19279
1	19279
1	19282
1	19282
1	19282
1	19282
1	19282
1	19282
1	19282
1	19282
1	19283
1	19283
1	19283
1	19283
1	19283
1	19286
1	19286
1	19286
1	19286
1	19286
1	19286
1	19286
1	19287
1	19287
1	19289
1	19289
1	19289
1	19290
1	19290
1	19290
1	19290
1	19290
1	19290
1	19294
1	19294
1	19297
1	19297
1	19297
1	19301
1	19301
1	19301
1	19301
1	19301
1	19301
1	19302
1	19305
1	19305
1	19305
1	19305
1	19308
1	19308
1	19308
1	19309
1	19309
1	19309
1	19312
1	19313
1	19313
1	19313
1	19313
1	19313
1	19313
1	19313
1	19316
1	19316
1	19316
1	19317
1	19320
1	19320
1	19320
1	19320
1	19323
1	19323
1	19323
1	19324
1	19324
1	19324
1	19324
1	19327
1	19328
1	19328
1	19328
1	19328
1	19328
1	19328
1	19328
1	19328
1	19330
1	19330
1	19331
1	19331
1	19331
1	19331
1	19335
1	19335
1	19335
1	19335
1	19338
1	19338
1	19338
1	19338
1	19338
1	19338
1	19342
1	19343
1	19346
1	19346
1	19346
1	19350
1	19350
1	19350
1	19350
1	19354
1	19354
1	19354
1	19354
1	19354
1	19354
1	19354
1	19354
1	19354
1	19354
1	19357
1	19357
1	19358
1	19358
1	19361
1	19361
1	19361
1	19362
1	19364
1	19364
1	19364
1	19365
1	19365
1	19365
1	19365
1	19365
1	19368
1	19368
1	19368
1	19369
1	19369
1	19369
1	19369
1	19369
1	19369
1	19369
1	19369
1	19369
1	19372
1	19372
1	19372
1	19372
1	19372
1	19376
1	19376
1	19376
1	19376
1	19379
1	19379
1	19379
1	19379
1	19379
1	19379
1	19380
1	19380
1	19383
1	19383
1	19383
1	19384
1	19384
1	19384
1	19384
1	19388
1	19388
1	19388
1	19390
1	19391
1	19391
1	19391
1	19395
1	19395
1	19395
1	19395
1	19395
1	19395
1	19395
1	19395
1	19396
1	19396
1	19396
1	19398
1	19398
1	19398
1	19398
1	19398
1	19398
1	19399
1	19399
1	19402
1	19402
1	19403
1	19403
1	19403
1	19403
1	19403
1	19403
1	19405
1	19406
1	19406
1	19406
1	19406
1	19410
1	19410
1	19410
1	19410
1	19410
1	19410
1	19414
1	19414
1	19414
1	19414
1	19414
1	19414
1	19417
1	19418
1	19418
1	19421
1	19421
1	19422
1	19422
1	19424
1	19425
1	19425
1	19425
1	19425
1	19425
1	19425
1	19425
1	19425
1	19428
1	19429
1	19429
1	19429
1	19429
1	19429
1	19429
1	19432
1	19432
1	19432
1	19432
1	19436
1	19436
1	19436
1	19436
1	19436
1	19436
1	19436
1	19436
1	19436
1	19437
1	19437
1	19440
1	19440
1	19441
1	19441
1	19441
1	19441
1	19441
1	19441
1	19444
1	19444
1	19447
1	19448
1	19448
1	19448
1	19448
1	19451
1	19451
1	19451
1	19451
1	19451
1	19451
1	19451
1	19455
1	19455
1	19455
1	19456
1	19456
1	19459
1	19459
1	19459
1	19460
1	19460
1	19460
1	19462
1	19462
1	19462
1	19463
1	19463
1	19463
1	19463
1	19463
1	19463
1	19463
1	19467
1	19467
1	19467
1	19467
1	19467
1	19467
1	19467
1	19467
1	19470
1	19470
1	19470
1	19470
1	19470
1	19474
1	19475
1	19478
1	19478
1	19478
1	19478
1	19478
1	19478
1	19478
1	19481
1	19481
1	19481
1	19482
1	19482
1	19482
1	19485
1	19485
1	19485
1	19486
1	19486
1	19489
1	19489
1	19489
1	19489
1	19489
1	19489
1	19489
1	19489
1	19493
1	19493
1	19493
1	19493
1	19493
1	19493
1	19493
1	19494
1	19497
1	19497
1	19497
1	19497
1	19497
1	19498
1	19498
1	19500
1	19501
1	19501
1	19501
1	19501
1	19501
1	19505
1	19505
1	19505
1	19505
1	19505
1	19508
1	19508
1	19508
1	19508
1	19508
1	19508
1	19508
1	19508
1	19512
1	19512
1	19512
1	19512
1	19512
1	19516
1	19516
1	19516
1	19516
1	19517
1	19517
1	19519
1	19519
1	19519
1	19519
1	19520
1	19520
1	19520
1	19523
1	19523
1	19523
1	19524
1	19524
1	19527
1	19527
1	19531
1	19531
1	19531
1	19531
1	19531
1	19531
1	19531
1	19531
1	19531
1	19531
1	19531
1	19532
1	19535
1	19535
1	19536
1	19536
1	19536
1	19536
1	19536
1	19536
1	19538
1	19538
1	19538
1	19538
1	19538
1	19538
1	19539
1	19539
1	19539
1	19542
1	19542
1	19543
1	19543
1	19543
1	19543
1	19543
1	19543
1	19546
1	19547
1	19547
1	19547
1	19547
1	19550
1	19550
1	19550
1	19551
1	19554
1	19554
1	19554
1	19554
1	19554
1	19554
1	19555
1	19555
1	19555
1	19558
1	19558
1	19558
1	19558
1	19558
1	19561
1	19562
1	19562
1	19566
1	19566
1	19566
1	19566
1	19566
1	19566
1	19566
1	19566
1	19566
1	19566
1	19566
1	19569
1	19569
1	19569
1	19569
1	19569
1	19569
1	19573
1	19573
1	19573
1	19574
1	19574
1	19574
1	19577
1	19577
1	19577
1	19577
1	19577
1	19578
1	19578
1	19580
1	19580
1	19581
1	19581
1	19581
1	19581
1	19581
1	19581
1	19581
1	19581
1	19585
1	19585
1	19585
1	19585
1	19589
1	19589
1	19589
1	19589
1	19592
1	19592
1	19592
1	19592
1	19592
1	19592
1	19593
1	19596
1	19596
1	19596
1	19597
1	19597
1	19597
1	19600
1	19600
1	19600
1	19600
1	19600
1	19600
1	19604
1	19604
1	19604
1	19604
1	19604
1	19608
1	19608
1	19608
1	19612
1	19615
1	19615
1	19615
1	19615
1	19615
1	19615
1	19616
1	19616
1	19616
1	19616
1	19616
1	19619
1	19619
1	19619
1	19620
1	19620
1	19620
1	19620
1	19620
1	19622
1	19623
1	19623
1	19623
1	19623
1	19627
1	19627
1	19627
1	19627
1	19627
1	19627
1	19627
1	19631
1	19631
1	19631
1	19631
1	19631
1	19631
1	19632
1	19635
1	19635
1	19638
1	19638
1	19638
1	19638
1	19638
1	19638
1	19639
1	19639
1	19639
1	19639
1	19639
1	19642
1	19642
1	19642
1	19643
1	19643
1	19643
1	19643
1	19646
1	19646
1	19646
1	19646
1	19650
1	19650
1	19650
1	19650
1	19650
1	19651
1	19654
1	19654
1	19654
1	19654
1	19654
1	19657
1	19657
1	19657
1	19658
1	19658
1	19658
1	19658
1	19658
1	19658
1	19662
1	19662
1	19662
1	19662
1	19662
1	19662
1	19662
1	19666
1	19666
1	19666
1	19666
1	19666
1	19666
1	19669
1	19669
1	19669
1	19669
1	19669
1	19673
1	19673
1	19673
1	19673
1	19673
1	19674
1	19674
1	19677
1	19677
1	19677
1	19677
1	19677
1	19678
1	19678
1	19678
1	19678
1	19680
1	19680
1	19681
1	19681
1	19684
1	19685
1	19685
1	19685
1	19685
1	19685
1	19689
1	19689
1	19689
1	19689
1	19690
1	19692
1	19692
1	19692
1	19692
1	19692
1	19692
1	19692
1	19693
1	19693
1	19693
1	19696
1	19696
1	19697
1	19697
1	19701
1	19701
1	19705
1	19705
1	19705
1	19705
1	19705
1	19705
1	19705
1	19708
1	19708
1	19708
1	19709
1	19712
1	19712
1	19712
1	19712
1	19712
1	19712
1	19713
1	19713
1	19716
1	19716
1	19717
1	19717
1	19717
1	19717
1	19717
1	19717
1	19719
1	19719
1	19720
1	19720
1	19720
1	19720
1	19724
1	19724
1	19724
1	19724
1	19724
1	19724
1	19724
1	19724
1	19728
1	19728
1	19728
1	19728
1	19728
1	19728
1	19731
1	19731
1	19731
1	19731
1	19731
1	19731
1	19731
1	19731
1	19732
1	19732
1	19732
1	19735
1	19735
1	19736
1	19736
1	19739
1	19739
1	19739
1	19740
1	19740
1	19740
1	19743
1	19743
1	19743
1	19743
1	19743
1	19743
1	19743
1	19743
1	19743
1	19747
1	19747
1	19747
1	19747
1	19747
1	19751
1	19751
1	19751
1	19752
1	19752
1	19755
1	19755
1	19755
1	19755
1	19755
1	19756
1	19756
1	19756
1	19756
1	19758
1	19758
1	19759
1	19759
1	19759
1	19759
1	19759
1	19763
1	19763
1	19763
1	19767
1	19767
1	19767
1	19768
1	19770
1	19770
1	19770
1	19771
1	19771
1	19774
1	19775
1	19775
1	19775
1	19778
1	19778
1	19778
1	19778
1	19778
1	19778
1	19779
1	19779
1	19779
1	19779
1	19779
1	19779
1	19783
1	19783
1	19783
1	19783
1	19786
1	19786
1	19786
1	19786
1	19786
1	19786
1	19786
1	19786
1	19786
1	19786
1	19790
1	19790
1	19790
1	19790
1	19790
1	19790
1	19790
1	19790
1	19790
1	19790
1	19791
1	19791
1	19794
1	19794
1	19794
1	19794
1	19798
1	19798
1	19798
1	19798
1	19798
1	19798
1	19798
1	19801
1	19801
1	19802
1	19806
1	19806
1	19806
1	19806
1	19806
1	19806
1	19810
1	19810
1	19810
1	19810
1	19811
1	19813
1	19813
1	19813
1	19814
1	19817
1	19818
1	19818
1	19818
1	19821
1	19821
1	19821
1	19822
1	19822
1	19822
1	19826
1	19826
1	19826
1	19826
1	19826
1	19826
1	19826
1	19826
1	19826
1	19826
1	19829
1	19829
1	19829
1	19829
1	19829
1	19829
1	19829
1	19830
1	19830
1	19833
1	19833
1	19833
1	19833
1	19833
1	19834
1	19834
1	19838
1	19838
1	19838
1	19838
1	19842
1	19842
1	19842
1	19842
1	19842
1	19842
1	19842
1	19842
1	19844
1	19844
1	19845
1	19845
1	19845
1	19849
1	19849
1	19849
1	19849
1	19849
1	19849
1	19849
1	19849
1	19849
1	19849
1	19853
1	19853
1	19853
1	19854
1	19857
1	19857
1	19857
1	19857
1	19857
1	19857
1	19858
1	19858
1	19858
1	19858
1	19858
1	19858
1	19858
1	19860
1	19860
1	19860
1	19860
1	19861
1	19861
1	19861
1	19861
1	19861
1	19861
1	19861
1	19861
1	19864
1	19865
1	19865
1	19865
1	19865
1	19865
1	19865
1	19865
1	19865
1	19865
1	19869
1	19869
1	19869
1	19869
1	19869
1	19869
1	19869
1	19869
1	19870
1	19873
1	19873
1	19873
1	19873
1	19873
1	19873
1	19874
1	19876
1	19876
1	19876
1	19877
1	19877
1	19880
1	19880
1	19880
1	19880
1	19881
1	19881
1	19881
1	19884
1	19885
1	19885
1	19885
1	19885
1	19885
1	19889
1	19889
1	19889
1	19889
1	19889
1	19889
1	19892
1	19892
1	19893
1	19893
1	19896
1	19896
1	19897
1	19897
1	19901
1	19901
1	19904
1	19905
1	19905
1	19905
1	19908
1	19908
1	19912
1	19912
1	19912
1	19912
1	19912
1	19912
1	19912
1	19913
1	19913
1	19913
1	19913
1	19916
1	19916
1	19916
1	19916
1	19917
1	19920
1	19920
1	19920
1	19920
1	19920
1	19920
1	19921
1	19921
1	19924
1	19924
1	19924
1	19924
1	19924
1	19924
1	19924
1	19924
1	19924
1	19924
1	19924
1	19924
1	19928
1	19928
1	19928
1	19928
1	19928
1	19928
1	19928
1	19932
1	19932
1	19932
1	19932
1	19932
1	19932
1	19932
1	19933
1	19933
1	19936
1	19936
1	19936
1	19936
1	19937
1	19937
1	19937
1	19940
1	19941
1	19941
1	19941
1	19943
1	19943
1	19944
1	19948
1	19948
1	19948
1	19952
1	19952
1	19952
1	19952
1	19953
1	19956
1	19956
1	19956
1	19956
1	19956
1	19956
1	19957
1	19957
1	19957
1	19957
1	19960
1	19961
1	19961
1	19961
1	19961
1	19961
1	19963
1	19963
1	19963
1	19964
1	19964
1	19964
1	19964
1	19964
1	19964
1	19964
1	19968
1	19968
1	19968
1	19968
1	19972
1	19972
1	19972
1	19972
1	19973
1	19973
1	19973
1	19976
1	19976
1	19976
1	19976
1	19976
1	19976
1	19976
1	19976
1	19977
1	19977
1	19980
1	19980
1	19980
1	19980
1	19980
1	19980
1	19980
1	19980
1	19980
1	19980
1	19983
1	19983
1	19983
1	19983
1	19984
1	19984
1	19984
1	19984
1	19988
1	19988
1	19988
1	19988
1	19988
1	19992
1	19992
1	19992
1	19992
1	19992
1	19992
1	19992
1	19992
1	19993
1	19996
1	19996
1	19996
1	19996
1	19997
1	19997
1	19999
1	20000
1	20000
1	20003
1	20003
1	20004
1	20004
1	20004
1	20004
1	20004
1	20008
1	20008
1	20008
1	20008
1	20012
1	20012
1	20012
1	20012
1	20012
1	20012
1	20012
1	20012
1	20012
1	20012
1	20012
1	20016
1	20016
1	20016
1	20016
1	20016
1	20016
1	20016
1	20016
1	20017
1	20017
1	20017
1	20017
1	20017
1	20020
1	20020
1	20020
1	20021
1	20023
1	20023
1	20023
1	20024
1	20024
1	20024
1	20024
1	20024
1	20028
1	20028
1	20028
1	20028
1	20028
1	20028
1	20028
1	20028
1	20028
1	20028
1	20028
1	20032
1	20033
1	20036
1	20036
1	20036
1	20037
1	20040
1	20040
1	20041
1	20041
1	20041
1	20044
1	20044
1	20044
1	20044
1	20044
1	20044
1	20044
1	20044
1	20044
1	20047
1	20047
1	20047
1	20047
1	20048
1	20048
1	20048
1	20052
1	20052
1	20052
1	20052
1	20052
1	20052
1	20052
1	20052
1	20056
1	20056
1	20056
1	20056
1	20056
1	20056
1	20056
1	20060
1	20060
1	20060
1	20060
1	20061
1	20064
1	20064
1	20064
1	20064
1	20065
1	20065
1	20065
1	20067
1	20067
1	20068
1	20068
1	20068
1	20068
1	20072
1	20072
1	20072
1	20072
1	20072
1	20072
1	20072
1	20076
1	20076
1	20076
1	20076
1	20076
1	20076
1	20076
1	20076
1	20077
1	20080
1	20080
1	20080
1	20081
1	20081
1	20081
1	20085
1	20085
1	20085
1	20088
1	20089
1	20089
1	20089
1	20089
1	20092
1	20092
1	20092
1	20092
1	20092
1	20092
1	20096
1	20096
1	20096
1	20100
1	20100
1	20100
1	20100
1	20100
1	20100
1	20100
1	20104
1	20104
1	20105
1	20105
1	20108
1	20109
1	20109
1	20113
1	20113
1	20113
1	20113
1	20113
1	20113
1	20113
1	20113
1	20113
1	20113
1	20113
1	20113
1	20117
1	20117
1	20117
1	20117
1	20117
1	20117
1	20117
1	20120
1	20120
1	20120
1	20121
1	20124
1	20125
1	20125
1	20125
1	20128
1	20129
1	20129
1	20129
1	20133
1	20133
1	20133
1	20133
1	20133
1	20137
1	20137
1	20137
1	20137
1	20137
1	20137
1	20137
1	20138
1	20138
1	20141
1	20141
1	20142
1	20142
1	20142
1	20145
1	20145
1	20145
1	20145
1	20145
1	20146
1	20146
1	20146
1	20148
1	20148
1	20148
1	20149
1	20149
1	20149
1	20149
1	20149
1	20149
1	20149
1	20152
1	20152
1	20153
1	20153
1	20153
1	20157
1	20157
1	20157
1	20157
1	20157
1	20157
1	20157
1	20157
1	20157
1	20158
1	20161
1	20161
1	20161
1	20161
1	20161
1	20161
1	20161
1	20161
1	20162
1	20162
1	20162
1	20165
1	20165
1	20165
1	20166
1	20166
1	20169
1	20169
1	20169
1	20169
1	20170
1	20170
1	20170
1	20170
1	20173
1	20174
1	20174
1	20174
1	20174
1	20174
1	20174
1	20174
1	20178
1	20178
1	20178
1	20178
1	20178
1	20181
1	20181
1	20181
1	20181
1	20181
1	20182
1	20185
1	20185
1	20186
1	20186
1	20186
1	20186
1	20186
1	20189
1	20189
1	20189
1	20190
1	20193
1	20193
1	20194
1	20194
1	20194
1	20198
1	20198
1	20198
1	20198
1	20198
1	20198
1	20202
1	20202
1	20202
1	20202
1	20206
1	20206
1	20206
1	20206
1	20206
1	20206
1	20206
1	20206
1	20206
1	20206
1	20207
1	20207
1	20211
1	20214
1	20214
1	20214
1	20214
1	20218
1	20218
1	20218
1	20218
1	20218
1	20218
1	20218
1	20222
1	20222
1	20222
1	20222
1	20222
1	20222
1	20222
1	20222
1	20222
1	20226
1	20226
1	20226
1	20226
1	20227
1	20227
1	20227
1	20230
1	20230
1	20231
1	20231
1	20231
1	20231
1	20231
1	20231
1	20234
1	20235
1	20235
1	20235
1	20235
1	20235
1	20235
1	20235
1	20239
1	20239
1	20239
1	20239
1	20239
1	20239
1	20239
1	20243
1	20243
1	20244
1	20247
1	20247
1	20247
1	20247
1	20247
1	20247
1	20247
1	20248
1	20251
1	20251
1	20251
1	20251
1	20251
1	20252
1	20252
1	20252
1	20252
1	20252
1	20255
1	20255
1	20255
1	20255
1	20255
1	20255
1	20258
1	20259
1	20259
1	20259
1	20263
1	20263
1	20263
1	20263
1	20263
1	20263
1	20263
1	20263
1	20267
1	20267
1	20268
1	20271
1	20271
1	20271
1	20271
1	20272
1	20275
1	20276
1	20276
1	20276
1	20279
1	20280
1	20280
1	20280
1	20280
1	20280
1	20280
1	20280
1	20280
1	20280
1	20280
1	20284
1	20284
1	20284
1	20284
1	20288
1	20288
1	20288
1	20288
1	20288
1	20289
1	20292
1	20292
1	20292
1	20296
1	20296
1	20297
1	20297
1	20297
1	20297
1	20300
1	20301
1	20301
1	20301
1	20301
1	20301
1	20301
1	20301
1	20305
1	20305
1	20305
1	20305
1	20305
1	20305
1	20305
1	20308
1	20308
1	20308
1	20308
1	20308
1	20312
1	20312
1	20312
1	20312
1	20313
1	20313
1	20313
1	20313
1	20316
1	20316
1	20317
1	20317
1	20317
1	20317
1	20317
1	20317
1	20317
1	20321
1	20321
1	20321
1	20325
1	20325
1	20325
1	20325
1	20325
1	20325
1	20325
1	20325
1	20329
1	20329
1	20329
1	20329
1	20329
1	20329
1	20330
1	20333
1	20333
1	20334
1	20334
1	20337
1	20337
1	20338
1	20338
1	20338
1	20342
1	20342
1	20342
1	20342
1	20342
1	20342
1	20342
1	20342
1	20342
1	20342
1	20342
1	20346
1	20346
1	20346
1	20346
1	20346
1	20350
1	20350
1	20350
1	20350
1	20350
1	20350
1	20350
1	20354
1	20354
1	20354
1	20354
1	20354
1	20355
1	20355
1	20355
1	20355
1	20355
1	20358
1	20358
1	20362
1	20362
1	20363
1	20363
1	20363
1	20363
1	20363
1	20363
1	20367
1	20367
1	20367
1	20367
1	20367
1	20367
1	20367
1	20367
1	20367
1	20371
1	20371
1	20371
1	20371
1	20371
1	20371
1	20371
1	20372
1	20375
1	20375
1	20375
1	20375
1	20376
1	20376
1	20376
1	20376
1	20376
1	20376
1	20379
1	20379
1	20379
1	20379
1	20379
1	20379
1	20379
1	20379
1	20379
1	20382
1	20383
1	20383
1	20383
1	20383
1	20383
1	20383
1	20386
1	20386
1	20387
1	20387
1	20387
1	20391
1	20391
1	20391
1	20391
1	20395
1	20395
1	20396
1	20396
1	20399
1	20399
1	20399
1	20399
1	20400
1	20400
1	20400
1	20403
1	20403
1	20404
1	20404
1	20404
1	20408
1	20408
1	20408
1	20408
1	20412
1	20412
1	20412
1	20413
1	20416
1	20416
1	20416
1	20416
1	20416
1	20417
1	20417
1	20417
1	20420
1	20420
1	20420
1	20421
1	20421
1	20421
1	20421
1	20424
1	20424
1	20424
1	20424
1	20425
1	20425
1	20425
1	20425
1	20425
1	20425
1	20425
1	20428
1	20429
1	20433
1	20433
1	20433
1	20433
1	20433
1	20437
1	20437
1	20437
1	20437
1	20438
1	20441
1	20441
1	20441
1	20441
1	20442
1	20442
1	20442
1	20442
1	20442
1	20445
1	20445
1	20445
1	20446
1	20446
1	20446
1	20446
1	20446
1	20449
1	20450
1	20450
1	20450
1	20450
1	20454
1	20454
1	20454
1	20454
1	20454
1	20454
1	20454
1	20454
1	20454
1	20458
1	20458
1	20458
1	20458
1	20458
1	20458
1	20458
1	20459
1	20459
1	20459
1	20459
1	20462
1	20462
1	20462
1	20462
1	20462
1	20463
1	20463
1	20463
1	20463
1	20466
1	20466
1	20466
1	20466
1	20467
1	20467
1	20467
1	20467
1	20471
1	20471
1	20471
1	20471
1	20471
1	20471
1	20475
1	20475
1	20475
1	20476
1	20479
1	20479
1	20479
1	20479
1	20479
1	20479
1	20479
1	20480
1	20480
1	20483
1	20483
1	20484
1	20484
1	20484
1	20484
1	20484
1	20487
1	20487
1	20487
1	20487
1	20487
1	20487
1	20487
1	20488
1	20488
1	20488
1	20488
1	20491
1	20492
1	20492
1	20492
1	20492
1	20492
1	20492
1	20493
1	20496
1	20496
1	20496
1	20496
1	20496
1	20496
1	20496
1	20496
1	20496
1	20496
1	20496
1	20496
1	20496
1	20496
1	20500
1	20500
1	20500
1	20500
1	20500
1	20500
1	20504
1	20505
1	20505
1	20505
1	20505
1	20508
1	20508
1	20509
1	20509
1	20509
1	20509
1	20512
1	20512
1	20513
1	20513
1	20513
1	20513
1	20513
1	20517
1	20517
1	20517
1	20517
1	20517
1	20517
1	20517
1	20521
1	20521
1	20521
1	20522
1	20522
1	20525
1	20525
1	20525
1	20525
1	20525
1	20525
1	20525
1	20526
1	20526
1	20526
1	20529
1	20529
1	20529
1	20530
1	20530
1	20530
1	20530
1	20530
1	20533
1	20533
1	20533
1	20533
1	20533
1	20534
1	20534
1	20534
1	20534
1	20538
1	20538
1	20538
1	20538
1	20542
1	20542
1	20542
1	20543
1	20546
1	20546
1	20546
1	20546
1	20550
1	20550
1	20550
1	20551
1	20551
1	20551
1	20551
1	20551
1	20554
1	20555
1	20555
1	20555
1	20555
1	20555
1	20555
1	20558
1	20559
1	20559
1	20559
1	20559
1	20559
1	20563
1	20563
1	20563
1	20563
1	20563
1	20563
1	20563
1	20563
1	20567
1	20567
1	20567
1	20567
1	20567
1	20567
1	20567
1	20568
1	20568
1	20571
1	20571
1	20571
1	20571
1	20572
1	20572
1	20572
1	20572
1	20572
1	20572
1	20575
1	20575
1	20576
1	20576
1	20576
1	20579
1	20580
1	20580
1	20580
1	20580
1	20580
1	20580
1	20585
1	20585
1	20585
1	20585
1	20585
1	20585
1	20589
1	20589
1	20589
1	20589
1	20589
1	20589
1	20589
1	20589
1	20590
1	20590
1	20590
1	20590
1	20593
1	20593
1	20593
1	20593
1	20593
1	20594
1	20594
1	20594
1	20594
1	20594
1	20594
1	20597
1	20597
1	20597
1	20597
1	20597
1	20597
1	20598
1	20598
1	20598
1	20601
1	20601
1	20601
1	20602
1	20602
1	20602
1	20602
1	20602
1	20606
1	20606
1	20606
1	20606
1	20606
1	20606
1	20606
1	20610
1	20610
1	20610
1	20610
1	20610
1	20610
1	20610
1	20611
1	20614
1	20614
1	20614
1	20614
1	20615
1	20615
1	20618
1	20619
1	20623
1	20623
1	20623
1	20623
1	20623
1	20623
1	20627
1	20627
1	20627
1	20627
1	20627
1	20627
1	20627
1	20631
1	20631
1	20631
1	20631
1	20631
1	20631
1	20631
1	20632
1	20632
1	20635
1	20635
1	20636
1	20636
1	20636
1	20636
1	20639
1	20640
1	20640
1	20640
1	20640
1	20640
1	20640
1	20640
1	20640
1	20640
1	20640
1	20644
1	20644
1	20644
1	20644
1	20648
1	20648
1	20648
1	20648
1	20648
1	20648
1	20648
1	20652
1	20652
1	20652
1	20652
1	20652
1	20652
1	20652
1	20652
1	20652
1	20652
1	20652
1	20657
1	20657
1	20657
1	20658
1	20658
1	20658
1	20661
1	20662
1	20662
1	20662
1	20665
1	20665
1	20666
1	20666
1	20669
1	20670
1	20670
1	20670
1	20670
1	20670
1	20670
1	20674
1	20674
1	20674
1	20674
1	20674
1	20674
1	20674
1	20674
1	20674
1	20675
1	20678
1	20678
1	20678
1	20678
1	20678
1	20678
1	20678
1	20679
1	20679
1	20679
1	20682
1	20683
1	20683
1	20683
1	20686
1	20687
1	20687
1	20687
1	20687
1	20691
1	20691
1	20691
1	20691
1	20691
1	20691
1	20691
1	20691
1	20695
1	20695
1	20695
1	20695
1	20696
1	20699
1	20699
1	20699
1	20699
1	20699
1	20700
1	20700
1	20700
1	20700
1	20703
1	20703
1	20703
1	20703
1	20704
1	20704
1	20704
1	20704
1	20709
1	20709
1	20709
1	20709
1	20709
1	20709
1	20713
1	20713
1	20713
1	20713
1	20713
1	20713
1	20717
1	20717
1	20717
1	20717
1	20721
1	20721
1	20721
1	20721
1	20721
1	20721
1	20721
1	20722
1	20722
1	20725
1	20725
1	20725
1	20726
1	20726
1	20726
1	20730
1	20730
1	20730
1	20734
1	20734
1	20734
1	20738
1	20738
1	20738
1	20738
1	20738
1	20738
1	20739
1	20742
1	20742
1	20742
1	20742
1	20742
1	20742
1	20742
1	20742
1	20743
1	20743
1	20746
1	20746
1	20746
1	20746
1	20746
1	20747
1	20747
1	20747
1	20747
1	20747
1	20747
1	20751
1	20751
1	20751
1	20752
1	20752
1	20752
1	20752
1	20752
1	20756
1	20756
1	20756
1	20756
1	20756
1	20756
1	20760
1	20760
1	20760
1	20760
1	20760
1	20760
1	20760
1	20760
1	20760
1	20760
1	20764
1	20764
1	20764
1	20764
1	20764
1	20764
1	20764
1	20764
1	20765
1	20765
1	20765
1	20768
1	20768
1	20769
1	20769
1	20769
1	20769
1	20769
1	20772
1	20772
1	20772
1	20772
1	20772
1	20773
1	20773
1	20773
1	20773
1	20773
1	20773
1	20773
1	20776
1	20776
1	20776
1	20777
1	20777
1	20777
1	20777
1	20777
1	20777
1	20777
1	20781
1	20781
1	20781
1	20781
1	20781
1	20782
1	20785
1	20785
1	20785
1	20785
1	20785
1	20785
1	20785
1	20785
1	20785
1	20787
1	20787
1	20787
1	20790
1	20790
1	20790
1	20791
1	20791
1	20791
1	20791
1	20794
1	20794
1	20795
1	20795
1	20798
1	20798
1	20799
1	20799
1	20799
1	20799
1	20799
1	20803
1	20803
1	20803
1	20803
1	20803
1	20803
1	20803
1	20807
1	20807
1	20807
1	20807
1	20807
1	20807
1	20807
1	20811
1	20811
1	20811
1	20811
1	20811
1	20811
1	20812
1	20812
1	20812
1	20812
1	20815
1	20816
1	20816
1	20816
1	20816
1	20816
1	20816
1	20820
1	20820
1	20821
1	20821
1	20821
1	20821
1	20821
1	20821
1	20821
1	20821
1	20821
1	20821
1	20825
1	20825
1	20825
1	20825
1	20829
1	20829
1	20829
1	20829
1	20833
1	20833
1	20833
1	20833
1	20833
1	20834
1	20837
1	20838
1	20838
1	20838
1	20838
1	20842
1	20842
1	20842
1	20842
1	20842
1	20846
1	20846
1	20846
1	20846
1	20846
1	20846
1	20846
1	20846
1	20846
1	20851
1	20851
1	20851
1	20851
1	20851
1	20851
1	20855
1	20855
1	20855
1	20855
1	20855
1	20855
1	20859
1	20859
1	20859
1	20859
1	20860
1	20860
1	20860
1	20860
1	20860
1	20860
1	20860
1	20863
1	20864
1	20864
1	20867
1	20868
1	20868
1	20868
1	20868
1	20868
1	20868
1	20872
1	20872
1	20872
1	20872
1	20873
1	20877
1	20877
1	20877
1	20877
1	20877
1	20877
1	20877
1	20878
1	20878
1	20878
1	20878
1	20878
1	20881
1	20881
1	20881
1	20881
1	20882
1	20882
1	20882
1	20885
1	20886
1	20886
1	20886
1	20886
1	20889
1	20889
1	20890
1	20890
1	20890
1	20890
1	20890
1	20890
1	20894
1	20894
1	20894
1	20894
1	20898
1	20898
1	20898
1	20903
1	20903
1	20903
1	20903
1	20903
1	20904
1	20904
1	20904
1	20908
1	20908
1	20908
1	20908
1	20908
1	20908
1	20908
1	20908
1	20908
1	20908
1	20908
1	20911
1	20912
1	20912
1	20912
1	20912
1	20912
1	20912
1	20916
1	20916
1	20920
1	20920
1	20920
1	20924
1	20924
1	20924
1	20924
1	20924
1	20924
1	20924
1	20925
1	20925
1	20929
1	20929
1	20930
1	20930
1	20930
1	20930
1	20933
1	20934
1	20934
1	20934
1	20934
1	20934
1	20934
1	20934
1	20938
1	20938
1	20938
1	20938
1	20938
1	20938
1	20938
1	20942
1	20942
1	20942
1	20942
1	20942
1	20943
1	20943
1	20943
1	20946
1	20946
1	20946
1	20946
1	20946
1	20946
1	20946
1	20946
1	20946
1	20946
1	20947
1	20947
1	20947
1	20947
1	20947
1	20951
1	20951
1	20952
1	20952
1	20952
1	20956
1	20956
1	20956
1	20956
1	20956
1	20956
1	20956
1	20960
1	20960
1	20960
1	20960
1	20960
1	20960
1	20960
1	20964
1	20964
1	20964
1	20964
1	20965
1	20968
1	20968
1	20968
1	20968
1	20968
1	20969
1	20969
1	20973
1	20973
1	20973
1	20973
1	20973
1	20974
1	20974
1	20977
1	20977
1	20978
1	20978
1	20978
1	20981
1	20982
1	20982
1	20986
1	20986
1	20986
1	20986
1	20986
1	20986
1	20987
1	20990
1	20990
1	20990
1	20990
1	20990
1	20990
1	20990
1	20990
1	20995
1	20995
1	20995
1	20995
1	20996
1	20996
1	20996
1	20999
1	20999
1	21000
1	21000
1	21000
1	21000
1	21000
1	21000
1	21000
1	21000
1	21004
1	21004
1	21004
1	21004
1	21004
1	21004
1	21004
1	21004
1	21008
1	21008
1	21008
1	21008
1	21012
1	21012
1	21012
1	21012
1	21012
1	21012
1	21014
1	21014
1	21014
1	21014
1	21014
1	21014
1	21017
1	21017
1	21017
1	21017
1	21017
1	21018
1	21018
1	21018
1	21021
1	21022
1	21022
1	21022
1	21022
1	21025
1	21026
1	21026
1	21026
1	21026
1	21026
1	21026
1	21026
1	21026
1	21030
1	21030
1	21030
1	21030
1	21030
1	21030
1	21030
1	21031
1	21035
1	21035
1	21035
1	21035
1	21036
1	21036
1	21036
1	21036
1	21039
1	21039
1	21039
1	21040
1	21043
1	21043
1	21044
1	21044
1	21044
1	21044
1	21044
1	21044
1	21044
1	21044
1	21044
1	21047
1	21048
1	21048
1	21048
1	21048
1	21048
1	21048
1	21048
1	21048
1	21048
1	21048
1	21053
1	21053
1	21053
1	21053
1	21053
1	21054
1	21054
1	21057
1	21057
1	21057
1	21057
1	21057
1	21057
1	21057
1	21058
1	21058
1	21058
1	21058
1	21061
1	21061
1	21061
1	21062
1	21062
1	21065
1	21065
1	21066
1	21066
1	21066
1	21069
1	21069
1	21069
1	21069
1	21071
1	21071
1	21071
1	21071
1	21071
1	21071
1	21071
1	21075
1	21075
1	21075
1	21075
1	21075
1	21075
1	21075
1	21075
1	21075
1	21075
1	21079
1	21079
1	21079
1	21079
1	21079
1	21079
1	21079
1	21079
1	21079
1	21080
1	21080
1	21083
1	21083
1	21083
1	21083
1	21084
1	21084
1	21084
1	21084
1	21084
1	21088
1	21088
1	21089
1	21089
1	21089
1	21089
1	21092
1	21093
1	21093
1	21093
1	21093
1	21093
1	21093
1	21097
1	21097
1	21097
1	21097
1	21097
1	21097
1	21097
1	21097
1	21097
1	21097
1	21101
1	21101
1	21101
1	21106
1	21106
1	21106
1	21107
1	21107
1	21107
1	21107
1	21110
1	21111
1	21111
1	21111
1	21111
1	21111
1	21115
1	21115
1	21115
1	21115
1	21115
1	21115
1	21119
1	21119
1	21124
1	21124
1	21125
1	21128
1	21129
1	21129
1	21129
1	21132
1	21132
1	21132
1	21132
1	21133
1	21133
1	21133
1	21133
1	21133
1	21133
1	21136
1	21136
1	21137
1	21137
1	21137
1	21137
1	21137
1	21137
1	21137
1	21137
1	21142
1	21142
1	21142
1	21142
1	21142
1	21142
1	21142
1	21146
1	21146
1	21147
1	21150
1	21150
1	21150
1	21150
1	21150
1	21150
1	21150
1	21150
1	21150
1	21155
1	21156
1	21159
1	21159
1	21159
1	21160
1	21160
1	21160
1	21164
1	21164
1	21164
1	21164
1	21164
1	21164
1	21164
1	21164
1	21164
1	21164
1	21164
1	21164
1	21168
1	21168
1	21168
1	21168
1	21168
1	21168
1	21168
1	21168
1	21169
1	21173
1	21173
1	21173
1	21173
1	21173
1	21174
1	21174
1	21177
1	21177
1	21177
1	21177
1	21177
1	21177
1	21177
1	21177
1	21178
1	21178
1	21181
1	21182
1	21182
1	21182
1	21182
1	21182
1	21182
1	21185
1	21187
1	21187
1	21187
1	21187
1	21187
1	21187
1	21191
1	21191
1	21191
1	21191
1	21191
1	21191
1	21191
1	21191
1	21191
1	21191
1	21191
1	21192
1	21195
1	21195
1	21195
1	21195
1	21196
1	21196
1	21199
1	21199
1	21199
1	21199
1	21199
1	21200
1	21200
1	21204
1	21204
1	21205
1	21205
1	21205
1	21205
1	21205
1	21205
1	21205
1	21209
1	21209
1	21209
1	21209
1	21209
1	21209
1	21209
1	21213
1	21213
1	21213
1	21213
1	21213
1	21213
1	21218
1	21218
1	21218
1	21218
1	21218
1	21218
1	21219
1	21219
1	21219
1	21219
1	21219
1	21222
1	21222
1	21223
1	21223
1	21223
1	21223
1	21226
1	21226
1	21226
1	21227
1	21227
1	21227
1	21227
1	21227
1	21232
1	21232
1	21232
1	21232
1	21232
1	21232
1	21232
1	21232
1	21232
1	21236
1	21236
1	21236
1	21236
1	21236
1	21236
1	21236
1	21236
1	21237
1	21240
1	21240
1	21240
1	21240
1	21240
1	21240
1	21240
1	21240
1	21240
1	21240
1	21241
1	21241
1	21245
1	21246
1	21246
1	21246
1	21249
1	21249
1	21249
1	21250
1	21250
1	21250
1	21253
1	21254
1	21254
1	21254
1	21254
1	21257
1	21259
1	21259
1	21259
1	21259
1	21259
1	21259
1	21263
1	21263
1	21264
1	21264
1	21267
1	21267
1	21268
1	21268
1	21268
1	21271
1	21271
1	21273
1	21273
1	21273
1	21273
1	21273
1	21273
1	21276
1	21276
1	21277
1	21277
1	21281
1	21281
1	21281
1	21281
1	21281
1	21281
1	21285
1	21285
1	21285
1	21285
1	21285
1	21285
1	21285
1	21285
1	21287
1	21290
1	21290
1	21290
1	21290
1	21291
1	21294
1	21294
1	21294
1	21294
1	21294
1	21295
1	21295
1	21295
1	21295
1	21295
1	21298
1	21298
1	21298
1	21298
1	21298
1	21300
1	21300
1	21300
1	21300
1	21300
1	21300
1	21303
1	21304
1	21304
1	21304
1	21304
1	21308
1	21308
1	21308
1	21308
1	21309
1	21313
1	21313
1	21313
1	21313
1	21313
1	21314
1	21314
1	21314
1	21317
1	21317
1	21317
1	21318
1	21318
1	21321
1	21321
1	21322
1	21322
1	21327
1	21327
1	21327
1	21327
1	21327
1	21327
1	21331
1	21331
1	21331
1	21331
1	21331
1	21331
1	21331
1	21332
1	21335
1	21335
1	21335
1	21336
1	21336
1	21336
1	21336
1	21340
1	21340
1	21340
1	21341
1	21341
1	21344
1	21345
1	21345
1	21345
1	21345
1	21348
1	21348
1	21348
1	21349
1	21349
1	21349
1	21349
1	21349
1	21349
1	21349
1	21349
1	21349
1	21349
1	21354
1	21354
1	21354
1	21354
1	21354
1	21354
1	21354
1	21354
1	21354
1	21354
1	21358
1	21358
1	21358
1	21358
1	21358
1	21359
1	21359
1	21359
1	21362
1	21362
1	21362
1	21362
1	21364
1	21364
1	21364
1	21364
1	21364
1	21367
1	21367
1	21368
1	21368
1	21368
1	21368
1	21371
1	21371
1	21372
1	21372
1	21372
1	21372
1	21372
1	21372
1	21377
1	21377
1	21377
1	21381
1	21381
1	21381
1	21381
1	21381
1	21381
1	21381
1	21381
1	21385
1	21385
1	21385
1	21385
1	21385
1	21386
1	21391
1	21391
1	21391
1	21391
1	21391
1	21391
1	21391
1	21394
1	21394
1	21394
1	21394
1	21394
1	21395
1	21395
1	21395
1	21395
1	21395
1	21395
1	21400
1	21400
1	21400
1	21400
1	21400
1	21400
1	21400
1	21404
1	21404
1	21404
1	21404
1	21404
1	21408
1	21408
1	21408
1	21408
1	21408
1	21408
1	21409
1	21409
1	21409
1	21409
1	21414
1	21414
1	21414
1	21414
1	21417
1	21417
1	21417
1	21418
1	21418
1	21418
1	21418
1	21418
1	21418
1	21418
1	21418
1	21418
1	21418
1	21422
1	21422
1	21422
1	21422
1	21422
1	21422
1	21422
1	21422
1	21427
1	21427
1	21427
1	21427
1	21427
1	21428
1	21428
1	21431
1	21431
1	21431
1	21431
1	21431
1	21431
1	21432
1	21432
1	21432
1	21432
1	21432
1	21432
1	21436
1	21436
1	21436
1	21436
1	21437
1	21437
1	21440
1	21441
1	21441
1	21441
1	21445
1	21445
1	21445
1	21445
1	21445
1	21450
1	21450
1	21450
1	21450
1	21450
1	21450
1	21450
1	21450
1	21451
1	21451
1	21454
1	21454
1	21454
1	21454
1	21454
1	21454
1	21455
1	21455
1	21455
1	21459
1	21459
1	21460
1	21460
1	21460
1	21460
1	21460
1	21460
1	21463
1	21463
1	21464
1	21464
1	21464
1	21464
1	21464
1	21464
1	21464
1	21464
1	21464
1	21464
1	21464
1	21464
1	21469
1	21469
1	21469
1	21469
1	21469
1	21469
1	21469
1	21469
1	21473
1	21473
1	21477
1	21478
1	21478
1	21478
1	21478
1	21483
1	21483
1	21483
1	21483
1	21483
1	21483
1	21486
1	21486
1	21487
1	21487
1	21487
1	21487
1	21491
1	21491
1	21492
1	21492
1	21492
1	21492
1	21492
1	21492
1	21492
1	21496
1	21496
1	21496
1	21496
1	21500
1	21502
1	21505
1	21505
1	21505
1	21505
1	21505
1	21506
1	21510
1	21510
1	21510
1	21510
1	21510
1	21510
1	21510
1	21510
1	21514
1	21514
1	21514
1	21515
1	21515
1	21515
1	21515
1	21519
1	21519
1	21519
1	21519
1	21524
1	21524
1	21524
1	21525
1	21525
1	21525
1	21528
1	21529
1	21529
1	21532
1	21532
1	21532
1	21534
1	21534
1	21534
1	21534
1	21534
1	21534
1	21534
1	21537
1	21537
1	21537
1	21538
1	21538
1	21538
1	21538
1	21542
1	21542
1	21542
1	21542
1	21542
1	21547
1	21547
1	21547
1	21547
1	21547
1	21547
1	21547
1	21547
1	21548
1	21548
1	21548
1	21548
1	21548
1	21551
1	21551
1	21551
1	21551
1	21551
1	21552
1	21552
1	21556
1	21557
1	21557
1	21557
1	21557
1	21557
1	21561
1	21561
1	21561
1	21561
1	21561
1	21561
1	21561
1	21561
1	21566
1	21566
1	21566
1	21566
1	21566
1	21566
1	21566
1	21570
1	21570
1	21570
1	21570
1	21571
1	21571
1	21571
1	21571
1	21575
1	21575
1	21575
1	21575
1	21576
1	21576
1	21576
1	21576
1	21579
1	21579
1	21579
1	21580
1	21580
1	21580
1	21580
1	21580
1	21580
1	21580
1	21583
1	21585
1	21585
1	21589
1	21589
1	21593
1	21593
1	21593
1	21593
1	21593
1	21593
1	21593
1	21595
1	21595
1	21598
1	21598
1	21598
1	21598
1	21598
1	21599
1	21599
1	21602
1	21602
1	21602
1	21602
1	21602
1	21603
1	21603
1	21607
1	21608
1	21608
1	21608
1	21608
1	21608
1	21612
1	21612
1	21612
1	21612
1	21612
1	21612
1	21612
1	21612
1	21612
1	21612
1	21617
1	21617
1	21617
1	21617
1	21617
1	21618
1	21618
1	21618
1	21618
1	21618
1	21618
1	21621
1	21621
1	21621
1	21622
1	21622
1	21622
1	21626
1	21626
1	21627
1	21627
1	21627
1	21627
1	21627
1	21630
1	21630
1	21630
1	21631
1	21631
1	21631
1	21631
1	21636
1	21636
1	21636
1	21636
1	21636
1	21636
1	21640
1	21640
1	21640
1	21640
1	21640
1	21640
1	21640
1	21640
1	21641
1	21645
1	21645
1	21645
1	21645
1	21645
1	21645
1	21645
1	21645
1	21645
1	21646
1	21646
1	21646
1	21649
1	21649
1	21649
1	21649
1	21649
1	21650
1	21650
1	21650
1	21654
1	21654
1	21654
1	21654
1	21654
1	21654
1	21654
1	21655
1	21655
1	21655
1	21655
1	21655
1	21658
1	21658
1	21658
1	21658
1	21659
1	21659
1	21659
1	21664
1	21664
1	21664
1	21664
1	21664
1	21664
1	21664
1	21664
1	21664
1	21664
1	21665
1	21668
1	21668
1	21668
1	21668
1	21668
1	21668
1	21668
1	21668
1	21669
1	21673
1	21673
1	21673
1	21673
1	21673
1	21674
1	21674
1	21674
1	21674
1	21674
1	21678
1	21678
1	21678
1	21682
1	21683
1	21683
1	21683
1	21683
1	21683
1	21683
1	21683
1	21683
1	21687
1	21687
1	21687
1	21687
1	21687
1	21687
1	21688
1	21692
1	21692
1	21692
1	21692
1	21692
1	21692
1	21693
1	21696
1	21696
1	21696
1	21696
1	21696
1	21696
1	21696
1	21697
1	21701
1	21701
1	21702
1	21702
1	21705
1	21706
1	21706
1	21706
1	21706
1	21706
1	21706
1	21706
1	21711
1	21711
1	21711
1	21711
1	21711
1	21711
1	21711
1	21711
1	21715
1	21715
1	21715
1	21715
1	21715
1	21715
1	21715
1	21715
1	21715
1	21715
1	21716
1	21716
1	21720
1	21720
1	21720
1	21720
1	21720
1	21721
1	21721
1	21721
1	21721
1	21724
1	21724
1	21724
1	21725
1	21725
1	21725
1	21725
1	21725
1	21725
1	21729
1	21729
1	21729
1	21730
1	21730
1	21730
1	21730
1	21730
1	21734
1	21734
1	21734
1	21734
1	21734
1	21734
1	21739
1	21739
1	21739
1	21739
1	21739
1	21739
1	21739
1	21739
1	21740
1	21740
1	21740
1	21740
1	21743
1	21743
1	21743
1	21743
1	21743
1	21743
1	21745
1	21745
1	21745
1	21745
1	21745
1	21745
1	21745
1	21748
1	21748
1	21748
1	21748
1	21748
1	21748
1	21748
1	21749
1	21749
1	21749
1	21752
1	21752
1	21752
1	21754
1	21754
1	21754
1	21754
1	21757
1	21758
1	21758
1	21758
1	21758
1	21758
1	21758
1	21758
1	21763
1	21763
1	21763
1	21763
1	21763
1	21763
1	21764
1	21767
1	21767
1	21767
1	21767
1	21768
1	21768
1	21772
1	21772
1	21772
1	21772
1	21773
1	21773
1	21773
1	21773
1	21773
1	21773
1	21773
1	21773
1	21776
1	21777
1	21777
1	21777
1	21777
1	21777
1	21777
1	21782
1	21782
1	21782
1	21782
1	21782
1	21782
1	21782
1	21782
1	21782
1	21786
1	21786
1	21786
1	21786
1	21786
1	21786
1	21786
1	21786
1	21786
1	21786
1	21786
1	21787
1	21792
1	21792
1	21792
1	21792
1	21792
1	21795
1	21795
1	21797
1	21797
1	21797
1	21797
1	21797
1	21797
1	21800
1	21801
1	21801
1	21801
1	21801
1	21801
1	21801
1	21804
1	21806
1	21806
1	21806
1	21806
1	21810
1	21810
1	21810
1	21810
1	21810
1	21810
1	21810
1	21810
1	21810
1	21811
1	21815
1	21815
1	21815
1	21815
1	21815
1	21815
1	21815
1	21815
1	21815
1	21816
1	21816
1	21819
1	21819
1	21819
1	21819
1	21820
1	21820
1	21820
1	21820
1	21820
1	21820
1	21824
1	21824
1	21824
1	21824
1	21824
1	21825
1	21825
1	21825
1	21825
1	21825
1	21825
1	21825
1	21825
1	21828
1	21828
1	21829
1	21829
1	21829
1	21829
1	21829
1	21829
1	21829
1	21829
1	21834
1	21834
1	21834
1	21834
1	21834
1	21834
1	21834
1	21834
1	21835
1	21839
1	21839
1	21839
1	21839
1	21839
1	21839
1	21839
1	21840
1	21840
1	21840
1	21843
1	21843
1	21843
1	21843
1	21843
1	21843
1	21844
1	21844
1	21844
1	21844
1	21844
1	21844
1	21848
1	21848
1	21849
1	21849
1	21849
1	21849
1	21849
1	21852
1	21853
1	21853
1	21853
1	21853
1	21858
1	21858
1	21858
1	21858
1	21862
1	21862
1	21862
1	21862
1	21862
1	21862
1	21864
1	21864
1	21867
1	21867
1	21867
1	21867
1	21867
1	21867
1	21867
1	21868
1	21868
1	21868
1	21868
1	21868
1	21868
1	21868
1	21868
1	21872
1	21872
1	21873
1	21873
1	21873
1	21873
1	21873
1	21873
1	21876
1	21876
1	21876
1	21876
1	21877
1	21877
1	21877
1	21877
1	21877
1	21877
1	21882
1	21882
1	21882
1	21882
1	21882
1	21882
1	21882
1	21886
1	21886
1	21886
1	21886
1	21886
1	21886
1	21886
1	21886
1	21888
1	21888
1	21888
1	21888
1	21891
1	21891
1	21891
1	21891
1	21896
1	21896
1	21896
1	21896
1	21896
1	21896
1	21897
1	21897
1	21897
1	21897
1	21900
1	21900
1	21901
1	21901
1	21901
1	21901
1	21901
1	21901
1	21901
1	21901
1	21901
1	21901
1	21901
1	21906
1	21906
1	21906
1	21906
1	21906
1	21906
1	21906
1	21910
1	21910
1	21910
1	21910
1	21910
1	21910
1	21912
1	21912
1	21912
1	21912
1	21912
1	21912
1	21915
1	21915
1	21915
1	21915
1	21916
1	21916
1	21916
1	21920
1	21920
1	21921
1	21921
1	21921
1	21924
1	21925
1	21925
1	21925
1	21925
1	21925
1	21925
1	21925
1	21925
1	21925
1	21930
1	21930
1	21930
1	21930
1	21934
1	21934
1	21934
1	21934
1	21936
1	21936
1	21939
1	21939
1	21939
1	21939
1	21939
1	21939
1	21939
1	21939
1	21939
1	21939
1	21939
1	21939
1	21939
1	21940
1	21940
1	21940
1	21940
1	21940
1	21944
1	21944
1	21944
1	21944
1	21945
1	21945
1	21945
1	21945
1	21945
1	21945
1	21945
1	21948
1	21949
1	21949
1	21954
1	21954
1	21954
1	21954
1	21954
1	21959
1	21959
1	21959
1	21959
1	21959
1	21959
1	21959
1	21959
1	21959
1	21959
1	21963
1	21963
1	21963
1	21963
1	21963
1	21964
1	21964
1	21964
1	21964
1	21964
1	21968
1	21968
1	21968
1	21968
1	21969
1	21974
1	21974
1	21974
1	21974
1	21974
1	21974
1	21974
1	21978
1	21978
1	21978
1	21978
1	21978
1	21983
1	21983
1	21983
1	21983
1	21984
1	21987
1	21987
1	21987
1	21987
1	21987
1	21987
1	21987
1	21988
1	21988
1	21992
1	21993
1	21993
1	21993
1	21993
1	21997
1	21997
1	21998
1	21998
1	21998
1	21998
1	22002
1	22002
1	22002
1	22002
1	22002
1	22002
1	22007
1	22007
1	22007
1	22007
1	22007
1	22007
1	22007
1	22007
1	22012
1	22012
1	22012
1	22012
1	22012
1	22012
1	22012
1	22012
1	22012
1	22012
1	22012
1	22013
1	22013
1	22016
1	22017
1	22017
1	22017
1	22021
1	22021
1	22021
1	22022
1	22022
1	22022
1	22022
1	22022
1	22022
1	22025
1	22027
1	22027
1	22027
1	22027
1	22027
1	22027
1	22027
1	22027
1	22031
1	22031
1	22031
1	22031
1	22031
1	22036
1	22036
1	22036
1	22036
1	22036
1	22037
1	22037
1	22040
1	22040
1	22040
1	22042
1	22042
1	22045
1	22045
1	22045
1	22046
1	22046
1	22046
1	22046
1	22050
1	22051
1	22051
1	22051
1	22051
1	22051
1	22051
1	22056
1	22056
1	22056
1	22056
1	22056
1	22056
1	22056
1	22056
1	22056
1	22056
1	22056
1	22056
1	22056
1	22056
1	22056
1	22060
1	22060
1	22060
1	22060
1	22060
1	22060
1	22060
1	22060
1	22060
1	22060
1	22060
1	22060
1	22061
1	22061
1	22061
1	22065
1	22065
1	22065
1	22066
1	22066
1	22066
1	22069
1	22069
1	22069
1	22069
1	22071
1	22071
1	22071
1	22071
1	22071
1	22071
1	22074
1	22074
1	22075
1	22075
1	22080
1	22080
1	22080
1	22080
1	22080
1	22080
1	22080
1	22085
1	22085
1	22085
1	22085
1	22085
1	22085
1	22085
1	22085
1	22085
1	22085
1	22085
1	22085
1	22086
1	22089
1	22089
1	22089
1	22089
1	22089
1	22089
1	22089
1	22089
1	22090
1	22094
1	22094
1	22094
1	22094
1	22095
1	22095
1	22095
1	22099
1	22100
1	22100
1	22100
1	22100
1	22100
1	22100
1	22100
1	22100
1	22100
1	22103
1	22104
1	22104
1	22104
1	22104
1	22104
1	22104
1	22104
1	22104
1	22104
1	22109
1	22109
1	22109
1	22109
1	22109
1	22109
1	22110
1	22114
1	22114
1	22114
1	22114
1	22118
1	22118
1	22120
1	22120
1	22120
1	22120
1	22120
1	22120
1	22120
1	22120
1	22120
1	22120
1	22123
1	22123
1	22124
1	22124
1	22124
1	22124
1	22129
1	22129
1	22129
1	22129
1	22129
1	22129
1	22129
1	22134
1	22134
1	22134
1	22134
1	22134
1	22134
1	22134
1	22134
1	22134
1	22134
1	22134
1	22134
1	22134
1	22134
1	22135
1	22138
1	22138
1	22138
1	22138
1	22139
1	22139
1	22139
1	22143
1	22144
1	22144
1	22144
1	22144
1	22148
1	22149
1	22149
1	22149
1	22149
1	22149
1	22149
1	22149
1	22149
1	22152
1	22153
1	22153
1	22153
1	22153
1	22153
1	22153
1	22153
1	22158
1	22158
1	22158
1	22158
1	22158
1	22158
1	22158
1	22158
1	22158
1	22158
1	22158
1	22159
1	22159
1	22159
1	22163
1	22163
1	22163
1	22164
1	22164
1	22169
1	22169
1	22169
1	22169
1	22169
1	22169
1	22172
1	22172
1	22172
1	22173
1	22173
1	22173
1	22173
1	22177
1	22178
1	22178
1	22178
1	22178
1	22178
1	22178
1	22183
1	22183
1	22183
1	22183
1	22183
1	22183
1	22183
1	22187
1	22187
1	22187
1	22187
1	22189
1	22189
1	22192
1	22192
1	22193
1	22193
1	22193
1	22197
1	22197
1	22197
1	22198
1	22198
1	22198
1	22198
1	22198
1	22201
1	22201
1	22201
1	22203
1	22203
1	22203
1	22203
1	22203
1	22203
1	22203
1	22203
1	22203
1	22203
1	22207
1	22207
1	22207
1	22207
1	22207
1	22207
1	22207
1	22212
1	22212
1	22212
1	22212
1	22212
1	22213
1	22213
1	22217
1	22217
1	22217
1	22218
1	22218
1	22218
1	22221
1	22221
1	22221
1	22221
1	22223
1	22223
1	22223
1	22223
1	22226
1	22227
1	22227
1	22227
1	22227
1	22227
1	22232
1	22232
1	22232
1	22232
1	22232
1	22232
1	22232
1	22232
1	22232
1	22232
1	22232
1	22232
1	22232
1	22237
1	22237
1	22237
1	22237
1	22237
1	22237
1	22237
1	22237
1	22242
1	22242
1	22242
1	22242
1	22243
1	22243
1	22246
1	22247
1	22247
1	22251
1	22251
1	22252
1	22252
1	22252
1	22252
1	22252
1	22252
1	22252
1	22252
1	22252
1	22257
1	22257
1	22257
1	22257
1	22257
1	22257
1	22257
1	22257
1	22257
1	22257
1	22262
1	22262
1	22262
1	22262
1	22263
1	22266
1	22266
1	22266
1	22266
1	22266
1	22266
1	22267
1	22267
1	22267
1	22267
1	22267
1	22267
1	22271
1	22271
1	22272
1	22272
1	22272
1	22272
1	22276
1	22276
1	22277
1	22277
1	22277
1	22277
1	22277
1	22277
1	22277
1	22277
1	22277
1	22282
1	22282
1	22282
1	22282
1	22282
1	22282
1	22286
1	22286
1	22286
1	22286
1	22286
1	22286
1	22286
1	22286
1	22286
1	22288
1	22288
1	22288
1	22291
1	22291
1	22291
1	22291
1	22291
1	22291
1	22291
1	22291
1	22291
1	22292
1	22292
1	22292
1	22292
1	22292
1	22296
1	22296
1	22296
1	22296
1	22296
1	22297
1	22297
1	22297
1	22301
1	22301
1	22301
1	22301
1	22302
1	22302
1	22302
1	22302
1	22302
1	22302
1	22302
1	22302
1	22307
1	22307
1	22307
1	22307
1	22307
1	22307
1	22307
1	22307
1	22311
1	22311
1	22311
1	22311
1	22311
1	22311
1	22313
1	22313
1	22316
1	22316
1	22316
1	22316
1	22316
1	22317
1	22317
1	22321
1	22322
1	22322
1	22322
1	22322
1	22326
1	22326
1	22327
1	22327
1	22327
1	22330
1	22332
1	22332
1	22332
1	22332
1	22332
1	22332
1	22332
1	22332
1	22332
1	22332
1	22332
1	22332
1	22336
1	22336
1	22336
1	22336
1	22336
1	22341
1	22341
1	22341
1	22341
1	22341
1	22341
1	22341
1	22341
1	22342
1	22342
1	22342
1	22342
1	22346
1	22346
1	22346
1	22346
1	22347
1	22347
1	22347
1	22351
1	22351
1	22351
1	22351
1	22351
1	22351
1	22352
1	22352
1	22355
1	22357
1	22357
1	22357
1	22357
1	22357
1	22361
1	22361
1	22361
1	22361
1	22361
1	22361
1	22361
1	22361
1	22361
1	22361
1	22361
1	22361
1	22362
1	22362
1	22366
1	22366
1	22366
1	22366
1	22366
1	22366
1	22366
1	22366
1	22366
1	22367
1	22367
1	22367
1	22371
1	22371
1	22371
1	22371
1	22372
1	22372
1	22372
1	22376
1	22376
1	22376
1	22376
1	22377
1	22377
1	22377
1	22377
1	22377
1	22377
1	22377
1	22377
1	22377
1	22382
1	22382
1	22382
1	22382
1	22382
1	22382
1	22382
1	22382
1	22386
1	22386
1	22386
1	22386
1	22386
1	22386
1	22386
1	22386
1	22386
1	22386
1	22386
1	22391
1	22391
1	22391
1	22391
1	22391
1	22391
1	22391
1	22392
1	22396
1	22396
1	22396
1	22397
1	22397
1	22397
1	22397
1	22401
1	22401
1	22401
1	22402
1	22402
1	22402
1	22402
1	22402
1	22402
1	22402
1	22402
1	22405
1	22407
1	22407
1	22407
1	22407
1	22407
1	22407
1	22407
1	22407
1	22407
1	22411
1	22411
1	22411
1	22411
1	22416
1	22416
1	22416
1	22416
1	22416
1	22416
1	22417
1	22417
1	22421
1	22421
1	22421
1	22421
1	22421
1	22421
1	22422
1	22422
1	22426
1	22426
1	22426
1	22426
1	22426
1	22427
1	22427
1	22427
1	22427
1	22431
1	22432
1	22432
1	22437
1	22437
1	22437
1	22437
1	22437
1	22437
1	22437
1	22437
1	22437
1	22437
1	22437
1	22437
1	22437
1	22441
1	22441
1	22441
1	22441
1	22441
1	22443
1	22446
1	22446
1	22446
1	22446
1	22446
1	22446
1	22447
1	22447
1	22451
1	22452
1	22452
1	22452
1	22452
1	22452
1	22452
1	22452
1	22452
1	22456
1	22457
1	22457
1	22457
1	22457
1	22457
1	22457
1	22457
1	22457
1	22462
1	22462
1	22462
1	22462
1	22462
1	22462
1	22467
1	22467
1	22467
1	22467
1	22467
1	22467
1	22467
1	22467
1	22467
1	22467
1	22468
1	22471
1	22471
1	22471
1	22471
1	22471
1	22471
1	22471
1	22471
1	22473
1	22476
1	22476
1	22476
1	22476
1	22476
1	22478
1	22478
1	22478
1	22478
1	22481
1	22481
1	22482
1	22482
1	22482
1	22482
1	22487
1	22487
1	22487
1	22487
1	22487
1	22487
1	22492
1	22492
1	22492
1	22492
1	22492
1	22492
1	22492
1	22492
1	22492
1	22493
1	22497
1	22497
1	22497
1	22497
1	22497
1	22498
1	22498
1	22502
1	22502
1	22502
1	22502
1	22502
1	22502
1	22503
1	22503
1	22503
1	22503
1	22503
1	22503
1	22503
1	22506
1	22506
1	22506
1	22506
1	22508
1	22508
1	22508
1	22508
1	22508
1	22508
1	22508
1	22508
1	22508
1	22513
1	22513
1	22513
1	22513
1	22513
1	22513
1	22517
1	22517
1	22517
1	22517
1	22517
1	22517
1	22517
1	22517
1	22517
1	22517
1	22517
1	22519
1	22519
1	22522
1	22522
1	22522
1	22522
1	22523
1	22523
1	22523
1	22523
1	22523
1	22527
1	22527
1	22527
1	22527
1	22527
1	22528
1	22528
1	22528
1	22528
1	22528
1	22532
1	22532
1	22532
1	22532
1	22533
1	22533
1	22533
1	22533
1	22533
1	22533
1	22538
1	22538
1	22538
1	22538
1	22538
1	22538
1	22538
1	22538
1	22538
1	22538
1	22538
1	22538
1	22543
1	22543
1	22543
1	22543
1	22543
1	22543
1	22544
1	22544
1	22548
1	22548
1	22548
1	22548
1	22548
1	22548
1	22548
1	22548
1	22548
1	22549
1	22549
1	22552
1	22552
1	22552
1	22552
1	22552
1	22552
1	22552
1	22552
1	22554
1	22554
1	22557
1	22557
1	22557
1	22557
1	22559
1	22559
1	22559
1	22559
1	22559
1	22559
1	22559
1	22559
1	22562
1	22562
1	22562
1	22562
1	22563
1	22563
1	22563
1	22563
1	22563
1	22563
1	22568
1	22568
1	22568
1	22568
1	22568
1	22568
1	22568
1	22568
1	22573
1	22573
1	22573
1	22573
1	22573
1	22573
1	22573
1	22574
1	22574
1	22574
1	22578
1	22578
1	22578
1	22578
1	22578
1	22579
1	22579
1	22579
1	22579
1	22583
1	22583
1	22583
1	22583
1	22583
1	22583
1	22584
1	22584
1	22584
1	22584
1	22584
1	22584
1	22584
1	22584
1	22584
1	22588
1	22589
1	22589
1	22589
1	22589
1	22589
1	22594
1	22594
1	22594
1	22594
1	22594
1	22594
1	22594
1	22594
1	22594
1	22594
1	22594
1	22594
1	22599
1	22599
1	22599
1	22599
1	22599
1	22600
1	22603
1	22603
1	22603
1	22603
1	22603
1	22603
1	22605
1	22605
1	22605
1	22605
1	22605
1	22608
1	22608
1	22608
1	22610
1	22610
1	22610
1	22610
1	22610
1	22614
1	22614
1	22614
1	22614
1	22614
1	22614
1	22614
1	22614
1	22614
1	22614
1	22619
1	22619
1	22619
1	22619
1	22619
1	22619
1	22619
1	22619
1	22619
1	22619
1	22619
1	22619
1	22619
1	22624
1	22624
1	22624
1	22624
1	22624
1	22624
1	22624
1	22624
1	22625
1	22629
1	22629
1	22629
1	22629
1	22629
1	22629
1	22629
1	22630
1	22630
1	22634
1	22634
1	22634
1	22635
1	22635
1	22635
1	22635
1	22635
1	22635
1	22635
1	22639
1	22639
1	22639
1	22639
1	22640
1	22640
1	22640
1	22640
1	22640
1	22640
1	22644
1	22645
1	22645
1	22645
1	22645
1	22645
1	22645
1	22645
1	22645
1	22645
1	22645
1	22650
1	22650
1	22650
1	22650
1	22650
1	22651
1	22655
1	22656
1	22656
1	22656
1	22656
1	22660
1	22660
1	22660
1	22661
1	22661
1	22661
1	22661
1	22661
1	22661
1	22665
1	22666
1	22666
1	22666
1	22666
1	22666
1	22666
1	22666
1	22666
1	22669
1	22669
1	22671
1	22671
1	22671
1	22671
1	22671
1	22671
1	22671
1	22676
1	22680
1	22680
1	22680
1	22680
1	22680
1	22680
1	22680
1	22680
1	22682
1	22682
1	22685
1	22685
1	22685
1	22687
1	22687
1	22690
1	22692
1	22692
1	22692
1	22695
1	22696
1	22696
1	22696
1	22696
1	22696
1	22696
1	22696
1	22701
1	22701
1	22701
1	22701
1	22701
1	22701
1	22701
1	22706
1	22706
1	22706
1	22706
1	22706
1	22706
1	22706
1	22706
1	22706
1	22706
1	22708
1	22708
1	22708
1	22711
1	22711
1	22711
1	22711
1	22711
1	22711
1	22712
1	22712
1	22712
1	22712
1	22716
1	22717
1	22717
1	22717
1	22717
1	22717
1	22717
1	22717
1	22717
1	22717
1	22721
1	22722
1	22722
1	22722
1	22722
1	22722
1	22722
1	22727
1	22727
1	22727
1	22727
1	22727
1	22727
1	22727
1	22727
1	22727
1	22727
1	22732
1	22732
1	22732
1	22732
1	22732
1	22733
1	22737
1	22737
1	22737
1	22742
1	22742
1	22742
1	22742
1	22742
1	22743
1	22743
1	22743
1	22743
1	22743
1	22743
1	22743
1	22747
1	22748
1	22748
1	22748
1	22753
1	22753
1	22753
1	22753
1	22753
1	22753
1	22753
1	22758
1	22758
1	22758
1	22758
1	22758
1	22758
1	22758
1	22759
1	22759
1	22763
1	22763
1	22764
1	22764
1	22764
1	22764
1	22764
1	22768
1	22768
1	22768
1	22769
1	22769
1	22769
1	22769
1	22769
1	22769
1	22769
1	22773
1	22773
1	22774
1	22774
1	22774
1	22774
1	22774
1	22779
1	22779
1	22779
1	22779
1	22779
1	22779
1	22779
1	22779
1	22779
1	22779
1	22779
1	22784
1	22784
1	22784
1	22784
1	22784
1	22789
1	22789
1	22789
1	22789
1	22789
1	22789
1	22790
1	22790
1	22790
1	22790
1	22794
1	22794
1	22794
1	22794
1	22795
1	22795
1	22795
1	22795
1	22795
1	22795
1	22800
1	22800
1	22800
1	22800
1	22800
1	22800
1	22800
1	22800
1	22800
1	22804
1	22805
1	22805
1	22805
1	22805
1	22805
1	22805
1	22805
1	22805
1	22810
1	22810
1	22810
1	22810
1	22810
1	22810
1	22811
1	22815
1	22815
1	22815
1	22815
1	22815
1	22815
1	22816
1	22820
1	22821
1	22821
1	22821
1	22821
1	22821
1	22821
1	22825
1	22825
1	22826
1	22826
1	22826
1	22826
1	22831
1	22831
1	22831
1	22831
1	22831
1	22831
1	22831
1	22831
1	22831
1	22831
1	22831
1	22831
1	22836
1	22836
1	22836
1	22836
1	22836
1	22836
1	22836
1	22836
1	22841
1	22841
1	22841
1	22841
1	22841
1	22842
1	22842
1	22846
1	22846
1	22846
1	22846
1	22846
1	22847
1	22847
1	22847
1	22847
1	22847
1	22847
1	22847
1	22847
1	22851
1	22852
1	22852
1	22852
1	22852
1	22852
1	22852
1	22852
1	22856
1	22857
1	22857
1	22857
1	22857
1	22857
1	22857
1	22857
1	22857
1	22857
1	22857
1	22857
1	22857
1	22857
1	22857
1	22862
1	22862
1	22862
1	22862
1	22862
1	22862
1	22862
1	22863
1	22867
1	22867
1	22867
1	22867
1	22867
1	22868
1	22868
1	22872
1	22872
1	22872
1	22872
1	22873
1	22873
1	22873
1	22873
1	22877
1	22877
1	22877
1	22877
1	22877
1	22878
1	22878
1	22882
1	22883
1	22883
1	22883
1	22883
1	22888
1	22888
1	22888
1	22888
1	22888
1	22888
1	22888
1	22888
1	22888
1	22888
1	22888
1	22888
1	22890
1	22893
1	22893
1	22893
1	22893
1	22893
1	22893
1	22893
1	22893
1	22895
1	22898
1	22898
1	22898
1	22898
1	22898
1	22900
1	22900
1	22900
1	22900
1	22900
1	22900
1	22900
1	22903
1	22903
1	22903
1	22905
1	22905
1	22905
1	22905
1	22905
1	22908
1	22910
1	22910
1	22910
1	22910
1	22910
1	22910
1	22910
1	22910
1	22910
1	22910
1	22915
1	22915
1	22915
1	22915
1	22915
1	22916
1	22920
1	22920
1	22920
1	22920
1	22920
1	22920
1	22920
1	22921
1	22921
1	22921
1	22925
1	22925
1	22925
1	22925
1	22926
1	22926
1	22926
1	22930
1	22930
1	22931
1	22931
1	22931
1	22931
1	22931
1	22931
1	22931
1	22931
1	22931
1	22935
1	22935
1	22936
1	22936
1	22936
1	22936
1	22936
1	22936
1	22936
1	22941
1	22941
1	22941
1	22941
1	22941
1	22941
1	22941
1	22941
1	22946
1	22946
1	22946
1	22946
1	22946
1	22946
1	22946
1	22947
1	22947
1	22947
1	22947
1	22951
1	22951
1	22951
1	22951
1	22951
1	22951
1	22951
1	22952
1	22952
1	22952
1	22952
1	22956
1	22956
1	22956
1	22957
1	22957
1	22957
1	22957
1	22957
1	22961
1	22961
1	22962
1	22962
1	22962
1	22962
1	22962
1	22962
1	22962
1	22967
1	22967
1	22967
1	22967
1	22967
1	22967
1	22967
1	22967
1	22967
1	22967
1	22967
1	22967
1	22967
1	22972
1	22972
1	22972
1	22972
1	22972
1	22972
1	22972
1	22972
1	22974
1	22974
1	22977
1	22977
1	22977
1	22977
1	22977
1	22977
1	22977
1	22977
1	22979
1	22979
1	22979
1	22979
1	22982
1	22982
1	22982
1	22982
1	22982
1	22984
1	22984
1	22984
1	22984
1	22984
1	22984
1	22988
1	22988
1	22988
1	22988
1	22988
1	22988
1	22989
1	22989
1	22989
1	22989
1	22989
1	22989
1	22989
1	22989
1	22989
1	22989
1	22989
1	22989
1	22993
1	22994
1	22994
1	22994
1	22994
1	22994
1	22994
1	22994
1	22994
1	22994
1	22994
1	22994
1	22994
1	22994
1	22994
1	22999
1	22999
1	22999
1	22999
1	22999
1	22999
1	22999
1	22999
1	22999
1	23004
1	23004
1	23004
1	23004
1	23004
1	23004
1	23004
1	23004
1	23004
1	23004
1	23005
1	23005
1	23005
1	23005
1	23005
1	23009
1	23009
1	23009
1	23009
1	23010
1	23010
1	23010
1	23010
1	23014
1	23015
1	23015
1	23015
1	23015
1	23015
1	23015
1	23015
1	23015
1	23015
1	23020
1	23020
1	23020
1	23020
1	23020
1	23020
1	23020
1	23020
1	23025
1	23025
1	23025
1	23025
1	23025
1	23025
1	23025
1	23025
1	23027
1	23030
1	23030
1	23030
1	23030
1	23030
1	23032
1	23032
1	23032
1	23036
1	23036
1	23036
1	23036
1	23036
1	23037
1	23037
1	23041
1	23041
1	23041
1	23042
1	23042
1	23042
1	23042
1	23046
1	23047
1	23047
1	23047
1	23047
1	23047
1	23047
1	23047
1	23047
1	23047
1	23047
1	23047
1	23052
1	23052
1	23052
1	23052
1	23052
1	23052
1	23052
1	23057
1	23057
1	23057
1	23057
1	23057
1	23057
1	23058
1	23058
1	23058
1	23058
1	23058
1	23062
1	23062
1	23062
1	23062
1	23063
1	23063
1	23063
1	23063
1	23063
1	23067
1	23067
1	23067
1	23067
1	23067
1	23068
1	23068
1	23068
1	23068
1	23068
1	23068
1	23068
1	23068
1	23068
1	23074
1	23074
1	23074
1	23074
1	23079
1	23079
1	23079
1	23079
1	23079
1	23079
1	23079
1	23079
1	23079
1	23079
1	23079
1	23080
1	23084
1	23084
1	23084
1	23084
1	23084
1	23084
1	23084
1	23085
1	23089
1	23089
1	23089
1	23089
1	23089
1	23089
1	23089
1	23089
1	23089
1	23089
1	23090
1	23094
1	23094
1	23094
1	23094
1	23094
1	23094
1	23095
1	23095
1	23095
1	23095
1	23095
1	23095
1	23099
1	23099
1	23100
1	23100
1	23100
1	23100
1	23100
1	23100
1	23105
1	23105
1	23105
1	23105
1	23105
1	23105
1	23105
1	23105
1	23105
1	23105
1	23105
1	23110
1	23110
1	23110
1	23110
1	23110
1	23110
1	23110
1	23112
1	23112
1	23115
1	23115
1	23115
1	23115
1	23117
1	23117
1	23117
1	23117
1	23117
1	23117
1	23121
1	23121
1	23121
1	23121
1	23122
1	23122
1	23122
1	23122
1	23122
1	23122
1	23122
1	23126
1	23126
1	23127
1	23127
1	23127
1	23127
1	23127
1	23127
1	23127
1	23127
1	23127
1	23127
1	23127
1	23127
1	23132
1	23132
1	23132
1	23132
1	23132
1	23132
1	23132
1	23132
1	23132
1	23137
1	23137
1	23137
1	23137
1	23137
1	23137
1	23137
1	23138
1	23142
1	23142
1	23142
1	23142
1	23142
1	23142
1	23144
1	23144
1	23144
1	23144
1	23144
1	23144
1	23144
1	23147
1	23147
1	23147
1	23147
1	23148
1	23149
1	23149
1	23149
1	23149
1	23149
1	23154
1	23154
1	23154
1	23154
1	23154
1	23154
1	23159
1	23159
1	23159
1	23159
1	23159
1	23159
1	23159
1	23159
1	23159
1	23159
1	23159
1	23159
1	23159
1	23159
1	23164
1	23164
1	23165
1	23165
1	23165
1	23165
1	23165
1	23165
1	23169
1	23169
1	23169
1	23169
1	23169
1	23169
1	23170
1	23174
1	23174
1	23174
1	23174
1	23176
1	23176
1	23176
1	23176
1	23176
1	23176
1	23179
1	23179
1	23179
1	23179
1	23181
1	23181
1	23181
1	23181
1	23181
1	23186
1	23186
1	23186
1	23186
1	23186
1	23186
1	23186
1	23186
1	23186
1	23186
1	23191
1	23191
1	23191
1	23191
1	23191
1	23191
1	23191
1	23192
1	23196
1	23196
1	23196
1	23197
1	23197
1	23197
1	23197
1	23197
1	23197
1	23201
1	23201
1	23201
1	23201
1	23201
1	23201
1	23202
1	23202
1	23202
1	23202
1	23202
1	23206
1	23206
1	23208
1	23208
1	23208
1	23208
1	23208
1	23208
1	23208
1	23208
1	23208
1	23211
1	23211
1	23213
1	23213
1	23213
1	23213
1	23213
1	23213
1	23213
1	23213
1	23213
1	23218
1	23218
1	23218
1	23218
1	23218
1	23218
1	23218
1	23218
1	23218
1	23218
1	23223
1	23223
1	23223
1	23223
1	23223
1	23223
1	23224
1	23224
1	23228
1	23228
1	23228
1	23228
1	23228
1	23228
1	23229
1	23229
1	23229
1	23229
1	23229
1	23233
1	23233
1	23233
1	23233
1	23235
1	23235
1	23235
1	23235
1	23235
1	23235
1	23235
1	23235
1	23238
1	23238
1	23238
1	23240
1	23240
1	23240
1	23240
1	23240
1	23240
1	23245
1	23245
1	23245
1	23245
1	23245
1	23245
1	23245
1	23245
1	23245
1	23246
1	23246
1	23250
1	23250
1	23250
1	23250
1	23250
1	23250
1	23250
1	23250
1	23250
1	23251
1	23251
1	23251
1	23255
1	23255
1	23255
1	23255
1	23256
1	23256
1	23256
1	23256
1	23256
1	23256
1	23256
1	23260
1	23260
1	23260
1	23260
1	23262
1	23262
1	23262
1	23262
1	23262
1	23262
1	23262
1	23262
1	23265
1	23267
1	23267
1	23267
1	23267
1	23267
1	23267
1	23267
1	23267
1	23267
1	23272
1	23272
1	23272
1	23272
1	23272
1	23272
1	23272
1	23272
1	23272
1	23272
1	23272
1	23277
1	23277
1	23277
1	23277
1	23278
1	23278
1	23278
1	23278
1	23282
1	23282
1	23282
1	23282
1	23282
1	23284
1	23284
1	23284
1	23284
1	23284
1	23284
1	23284
1	23284
1	23284
1	23284
1	23289
1	23289
1	23289
1	23289
1	23289
1	23289
1	23289
1	23294
1	23294
1	23294
1	23294
1	23294
1	23294
1	23294
1	23294
1	23299
1	23299
1	23299
1	23299
1	23299
1	23299
1	23299
1	23299
1	23299
1	23304
1	23304
1	23304
1	23304
1	23304
1	23304
1	23304
1	23304
1	23306
1	23306
1	23306
1	23306
1	23306
1	23306
1	23309
1	23309
1	23309
1	23309
1	23309
1	23311
1	23311
1	23311
1	23315
1	23315
1	23315
1	23315
1	23316
1	23316
1	23316
1	23316
1	23316
1	23316
1	23316
1	23316
1	23320
1	23321
1	23321
1	23321
1	23321
1	23321
1	23321
1	23321
1	23321
1	23321
1	23321
1	23326
1	23326
1	23326
1	23326
1	23326
1	23326
1	23326
1	23326
1	23326
1	23332
1	23332
1	23332
1	23332
1	23332
1	23333
1	23337
1	23337
1	23337
1	23337
1	23337
1	23337
1	23337
1	23338
1	23338
1	23338
1	23338
1	23338
1	23338
1	23338
1	23342
1	23342
1	23343
1	23343
1	23343
1	23343
1	23343
1	23347
1	23347
1	23348
1	23348
1	23348
1	23348
1	23348
1	23348
1	23348
1	23354
1	23354
1	23354
1	23354
1	23354
1	23354
1	23354
1	23354
1	23354
1	23359
1	23359
1	23359
1	23359
1	23359
1	23359
1	23359
1	23359
1	23359
1	23364
1	23364
1	23364
1	23364
1	23365
1	23365
1	23369
1	23369
1	23371
1	23371
1	23371
1	23371
1	23371
1	23371
1	23374
1	23374
1	23374
1	23376
1	23376
1	23376
1	23376
1	23376
1	23376
1	23376
1	23376
1	23376
1	23376
1	23381
1	23381
1	23381
1	23381
1	23381
1	23381
1	23381
1	23381
1	23386
1	23386
1	23386
1	23386
1	23386
1	23386
1	23386
1	23387
1	23391
1	23391
1	23391
1	23393
1	23393
1	23393
1	23393
1	23393
1	23393
1	23393
1	23393
1	23393
1	23397
1	23398
1	23398
1	23398
1	23403
1	23403
1	23403
1	23403
1	23403
1	23403
1	23403
1	23403
1	23407
1	23408
1	23408
1	23408
1	23408
1	23408
1	23408
1	23414
1	23414
1	23414
1	23414
1	23414
1	23414
1	23414
1	23414
1	23414
1	23414
1	23415
1	23415
1	23419
1	23419
1	23419
1	23419
1	23419
1	23420
1	23420
1	23420
1	23420
1	23424
1	23424
1	23424
1	23424
1	23424
1	23425
1	23425
1	23425
1	23425
1	23425
1	23425
1	23425
1	23425
1	23425
1	23429
1	23429
1	23431
1	23431
1	23431
1	23431
1	23434
1	23436
1	23436
1	23436
1	23436
1	23436
1	23436
1	23436
1	23436
1	23436
1	23436
1	23436
1	23436
1	23441
1	23441
1	23441
1	23441
1	23441
1	23446
1	23446
1	23446
1	23446
1	23446
1	23446
1	23448
1	23448
1	23452
1	23452
1	23452
1	23453
1	23453
1	23453
1	23453
1	23457
1	23457
1	23457
1	23458
1	23458
1	23458
1	23458
1	23458
1	23458
1	23458
1	23458
1	23462
1	23462
1	23462
1	23463
1	23463
1	23463
1	23463
1	23463
1	23463
1	23469
1	23469
1	23469
1	23469
1	23469
1	23469
1	23469
1	23469
1	23470
1	23470
1	23470
1	23474
1	23474
1	23474
1	23475
1	23475
1	23479
1	23479
1	23479
1	23479
1	23479
1	23479
1	23480
1	23480
1	23480
1	23480
1	23480
1	23484
1	23484
1	23484
1	23486
1	23486
1	23486
1	23486
1	23486
1	23490
1	23490
1	23490
1	23491
1	23491
1	23491
1	23496
1	23496
1	23496
1	23496
1	23496
1	23501
1	23501
1	23501
1	23501
1	23501
1	23501
1	23501
1	23501
1	23501
1	23503
1	23503
1	23503
1	23503
1	23507
1	23507
1	23507
1	23507
1	23507
1	23507
1	23507
1	23507
1	23507
1	23507
1	23507
1	23508
1	23508
1	23508
1	23512
1	23512
1	23512
1	23512
1	23512
1	23513
1	23513
1	23513
1	23513
1	23517
1	23519
1	23519
1	23519
1	23524
1	23524
1	23524
1	23524
1	23524
1	23524
1	23524
1	23524
1	23524
1	23524
1	23524
1	23529
1	23529
1	23529
1	23529
1	23529
1	23529
1	23529
1	23529
1	23529
1	23534
1	23534
1	23534
1	23534
1	23536
1	23540
1	23540
1	23540
1	23541
1	23541
1	23541
1	23541
1	23541
1	23541
1	23545
1	23545
1	23546
1	23546
1	23546
1	23546
1	23546
1	23552
1	23552
1	23552
1	23552
1	23552
1	23552
1	23552
1	23552
1	23552
1	23552
1	23552
1	23552
1	23552
1	23552
1	23552
1	23552
1	23557
1	23557
1	23557
1	23557
1	23562
1	23562
1	23562
1	23562
1	23562
1	23562
1	23562
1	23564
1	23564
1	23564
1	23564
1	23567
1	23567
1	23567
1	23567
1	23569
1	23569
1	23569
1	23573
1	23573
1	23573
1	23573
1	23574
1	23574
1	23574
1	23574
1	23574
1	23574
1	23574
1	23574
1	23574
1	23574
1	23574
1	23574
1	23574
1	23574
1	23579
1	23579
1	23579
1	23579
1	23579
1	23579
1	23579
1	23579
1	23579
1	23579
1	23579
1	23585
1	23585
1	23585
1	23585
1	23585
1	23585
1	23586
1	23590
1	23590
1	23591
1	23591
1	23595
1	23595
1	23595
1	23595
1	23595
1	23595
1	23595
1	23595
1	23597
1	23597
1	23597
1	23597
1	23597
1	23597
1	23601
1	23601
1	23601
1	23601
1	23601
1	23602
1	23602
1	23602
1	23602
1	23602
1	23602
1	23602
1	23602
1	23602
1	23607
1	23607
1	23607
1	23607
1	23607
1	23607
1	23607
1	23607
1	23607
1	23613
1	23613
1	23613
1	23613
1	23613
1	23613
1	23613
1	23613
1	23618
1	23618
1	23618
1	23618
1	23618
1	23619
1	23619
1	23619
1	23619
1	23619
1	23623
1	23623
1	23623
1	23623
1	23625
1	23625
1	23625
1	23625
1	23625
1	23629
1	23629
1	23629
1	23630
1	23630
1	23630
1	23630
1	23630
1	23630
1	23630
1	23630
1	23630
1	23630
1	23630
1	23630
1	23634
1	23635
1	23635
1	23635
1	23635
1	23635
1	23635
1	23635
1	23635
1	23641
1	23641
1	23641
1	23641
1	23641
1	23641
1	23641
1	23641
1	23641
1	23642
1	23646
1	23646
1	23646
1	23646
1	23646
1	23646
1	23646
1	23646
1	23647
1	23647
1	23647
1	23651
1	23651
1	23651
1	23653
1	23653
1	23653
1	23653
1	23657
1	23657
1	23657
1	23658
1	23658
1	23658
1	23658
1	23658
1	23658
1	23662
1	23662
1	23663
1	23663
1	23663
1	23663
1	23663
1	23663
1	23663
1	23669
1	23669
1	23669
1	23669
1	23669
1	23669
1	23669
1	23669
1	23674
1	23674
1	23674
1	23674
1	23674
1	23674
1	23674
1	23674
1	23675
1	23675
1	23675
1	23675
1	23679
1	23679
1	23679
1	23679
1	23679
1	23679
1	23679
1	23679
1	23685
1	23685
1	23685
1	23686
1	23686
1	23686
1	23686
1	23691
1	23691
1	23691
1	23691
1	23691
1	23697
1	23697
1	23697
1	23697
1	23697
1	23697
1	23702
1	23702
1	23702
1	23702
1	23702
1	23702
1	23702
1	23702
1	23703
1	23703
1	23707
1	23707
1	23707
1	23707
1	23707
1	23707
1	23707
1	23709
1	23709
1	23713
1	23713
1	23713
1	23713
1	23713
1	23714
1	23714
1	23714
1	23714
1	23714
1	23714
1	23714
1	23714
1	23719
1	23719
1	23719
1	23719
1	23719
1	23719
1	23719
1	23719
1	23725
1	23725
1	23725
1	23725
1	23725
1	23725
1	23725
1	23725
1	23725
1	23725
1	23730
1	23730
1	23730
1	23730
1	23730
1	23730
1	23731
1	23731
1	23736
1	23736
1	23736
1	23737
1	23737
1	23737
1	23737
1	23741
1	23741
1	23741
1	23741
1	23742
1	23742
1	23746
1	23746
1	23748
1	23748
1	23748
1	23748
1	23748
1	23748
1	23748
1	23748
1	23748
1	23748
1	23748
1	23753
1	23753
1	23753
1	23753
1	23753
1	23753
1	23753
1	23753
1	23753
1	23753
1	23753
1	23753
1	23753
1	23753
1	23753
1	23753
1	23753
1	23758
1	23758
1	23758
1	23758
1	23758
1	23758
1	23758
1	23758
1	23760
1	23764
1	23764
1	23764
1	23764
1	23764
1	23765
1	23765
1	23769
1	23769
1	23769
1	23770
1	23770
1	23770
1	23770
1	23770
1	23775
1	23776
1	23776
1	23776
1	23776
1	23781
1	23781
1	23781
1	23781
1	23781
1	23781
1	23781
1	23781
1	23781
1	23781
1	23787
1	23787
1	23787
1	23787
1	23787
1	23787
1	23787
1	23787
1	23787
1	23788
1	23792
1	23792
1	23792
1	23792
1	23792
1	23792
1	23792
1	23792
1	23792
1	23793
1	23793
1	23797
1	23797
1	23797
1	23797
1	23797
1	23799
1	23799
1	23799
1	23799
1	23799
1	23799
1	23803
1	23803
1	23803
1	23803
1	23803
1	23804
1	23804
1	23804
1	23804
1	23804
1	23804
1	23804
1	23808
1	23808
1	23810
1	23810
1	23810
1	23810
1	23810
1	23810
1	23810
1	23810
1	23810
1	23810
1	23815
1	23815
1	23815
1	23815
1	23815
1	23820
1	23820
1	23820
1	23820
1	23820
1	23820
1	23822
1	23822
1	23826
1	23826
1	23826
1	23826
1	23827
1	23827
1	23827
1	23827
1	23827
1	23827
1	23831
1	23831
1	23833
1	23833
1	23833
1	23833
1	23833
1	23833
1	23833
1	23833
1	23837
1	23838
1	23838
1	23838
1	23838
1	23838
1	23838
1	23838
1	23838
1	23838
1	23838
1	23843
1	23843
1	23843
1	23843
1	23843
1	23843
1	23843
1	23843
1	23849
1	23849
1	23849
1	23849
1	23849
1	23849
1	23849
1	23849
1	23849
1	23849
1	23849
1	23849
1	23849
1	23850
1	23850
1	23854
1	23854
1	23854
1	23854
1	23854
1	23854
1	23854
1	23856
1	23856
1	23860
1	23860
1	23860
1	23860
1	23860
1	23861
1	23861
1	23861
1	23861
1	23861
1	23861
1	23861
1	23861
1	23861
1	23861
1	23865
1	23865
1	23867
1	23867
1	23867
1	23867
1	23867
1	23867
1	23867
1	23867
1	23872
1	23872
1	23872
1	23872
1	23872
1	23872
1	23872
1	23872
1	23872
1	23872
1	23872
1	23872
1	23873
1	23877
1	23877
1	23877
1	23877
1	23877
1	23877
1	23879
1	23879
1	23879
1	23883
1	23883
1	23883
1	23883
1	23884
1	23884
1	23884
1	23884
1	23884
1	23884
1	23884
1	23884
1	23888
1	23888
1	23888
1	23888
1	23888
1	23890
1	23890
1	23890
1	23894
1	23894
1	23895
1	23895
1	23895
1	23895
1	23895
1	23895
1	23901
1	23901
1	23901
1	23901
1	23901
1	23901
1	23902
1	23906
1	23906
1	23907
1	23907
1	23907
1	23911
1	23911
1	23911
1	23911
1	23911
1	23913
1	23913
1	23917
1	23917
1	23917
1	23917
1	23917
1	23918
1	23918
1	23918
1	23922
1	23924
1	23924
1	23924
1	23924
1	23924
1	23924
1	23924
1	23924
1	23924
1	23929
1	23929
1	23929
1	23929
1	23929
1	23929
1	23935
1	23935
1	23935
1	23935
1	23935
1	23935
1	23935
1	23935
1	23936
1	23936
1	23936
1	23936
1	23936
1	23936
1	23940
1	23940
1	23940
1	23940
1	23941
1	23941
1	23941
1	23941
1	23941
1	23946
1	23946
1	23946
1	23946
1	23946
1	23947
1	23947
1	23947
1	23947
1	23947
1	23947
1	23947
1	23947
1	23947
1	23947
1	23951
1	23951
1	23952
1	23952
1	23952
1	23952
1	23952
1	23952
1	23952
1	23956
1	23956
1	23958
1	23958
1	23958
1	23958
1	23958
1	23958
1	23958
1	23958
1	23958
1	23963
1	23963
1	23963
1	23963
1	23965
1	23965
1	23969
1	23969
1	23969
1	23969
1	23969
1	23969
1	23969
1	23969
1	23969
1	23969
1	23969
1	23970
1	23970
1	23970
1	23974
1	23974
1	23974
1	23974
1	23974
1	23974
1	23976
1	23976
1	23976
1	23976
1	23976
1	23976
1	23980
1	23980
1	23980
1	23980
1	23981
1	23981
1	23981
1	23981
1	23981
1	23981
1	23981
1	23987
1	23987
1	23987
1	23987
1	23987
1	23987
1	23992
1	23992
1	23992
1	23992
1	23992
1	23992
1	23992
1	23992
1	23992
1	23994
1	23994
1	23994
1	23998
1	23998
1	23998
1	23998
1	23999
1	23999
1	23999
1	24003
1	24003
1	24004
1	24004
1	24004
1	24004
1	24009
1	24009
1	24010
1	24010
1	24014
1	24015
1	24015
1	24015
1	24015
1	24015
1	24015
1	24015
1	24015
1	24021
1	24021
1	24021
1	24021
1	24021
1	24021
1	24021
1	24021
1	24021
1	24021
1	24021
1	24021
1	24022
1	24022
1	24026
1	24026
1	24026
1	24026
1	24026
1	24026
1	24026
1	24026
1	24026
1	24028
1	24028
1	24032
1	24032
1	24032
1	24033
1	24033
1	24033
1	24033
1	24033
1	24033
1	24038
1	24038
1	24039
1	24039
1	24039
1	24039
1	24039
1	24044
1	24044
1	24044
1	24044
1	24044
1	24044
1	24044
1	24044
1	24050
1	24050
1	24050
1	24050
1	24050
1	24055
1	24055
1	24055
1	24057
1	24057
1	24057
1	24057
1	24057
1	24061
1	24061
1	24061
1	24061
1	24061
1	24062
1	24062
1	24062
1	24066
1	24066
1	24066
1	24068
1	24068
1	24068
1	24068
1	24072
1	24072
1	24073
1	24073
1	24073
1	24073
1	24073
1	24073
1	24073
1	24073
1	24079
1	24079
1	24079
1	24079
1	24079
1	24079
1	24079
1	24079
1	24079
1	24079
1	24084
1	24084
1	24084
1	24084
1	24084
1	24084
1	24084
1	24084
1	24084
1	24084
1	24086
1	24086
1	24086
1	24086
1	24086
1	24090
1	24090
1	24091
1	24091
1	24091
1	24091
1	24096
1	24096
1	24097
1	24097
1	24097
1	24097
1	24102
1	24102
1	24102
1	24102
1	24102
1	24102
1	24102
1	24102
1	24102
1	24102
1	24102
1	24108
1	24108
1	24108
1	24108
1	24108
1	24108
1	24108
1	24108
1	24108
1	24114
1	24114
1	24114
1	24114
1	24114
1	24114
1	24114
1	24114
1	24114
1	24114
1	24114
1	24114
1	24115
1	24119
1	24119
1	24119
1	24119
1	24119
1	24119
1	24119
1	24119
1	24119
1	24120
1	24120
1	24120
1	24120
1	24125
1	24125
1	24126
1	24126
1	24126
1	24126
1	24130
1	24132
1	24132
1	24132
1	24132
1	24132
1	24132
1	24132
1	24132
1	24132
1	24132
1	24137
1	24137
1	24137
1	24137
1	24137
1	24137
1	24137
1	24137
1	24137
1	24137
1	24137
1	24137
1	24137
1	24143
1	24143
1	24143
1	24143
1	24143
1	24143
1	24143
1	24144
1	24148
1	24148
1	24148
1	24148
1	24150
1	24150
1	24150
1	24150
1	24154
1	24154
1	24155
1	24155
1	24155
1	24155
1	24155
1	24155
1	24155
1	24155
1	24159
1	24161
1	24161
1	24161
1	24161
1	24161
1	24161
1	24166
1	24166
1	24166
1	24166
1	24166
1	24166
1	24166
1	24166
1	24166
1	24166
1	24166
1	24166
1	24172
1	24172
1	24172
1	24172
1	24172
1	24172
1	24173
1	24173
1	24177
1	24177
1	24177
1	24177
1	24177
1	24177
1	24179
1	24179
1	24179
1	24179
1	24183
1	24183
1	24183
1	24183
1	24183
1	24183
1	24184
1	24184
1	24184
1	24184
1	24184
1	24184
1	24189
1	24190
1	24190
1	24190
1	24190
1	24190
1	24190
1	24190
1	24190
1	24190
1	24190
1	24196
1	24196
1	24196
1	24196
1	24196
1	24196
1	24196
1	24196
1	24196
1	24196
1	24196
1	24196
1	24196
1	24196
1	24201
1	24201
1	24201
1	24201
1	24201
1	24201
1	24201
1	24201
1	24201
1	24201
1	24207
1	24207
1	24207
1	24207
1	24208
1	24208
1	24212
1	24212
1	24212
1	24212
1	24212
1	24212
1	24214
1	24214
1	24214
1	24214
1	24218
1	24218
1	24218
1	24218
1	24219
1	24219
1	24219
1	24225
1	24225
1	24225
1	24225
1	24225
1	24231
1	24231
1	24231
1	24231
1	24231
1	24236
1	24236
1	24236
1	24236
1	24236
1	24236
1	24236
1	24236
1	24236
1	24238
1	24238
1	24238
1	24238
1	24238
1	24242
1	24242
1	24242
1	24242
1	24242
1	24243
1	24243
1	24243
1	24243
1	24243
1	24247
1	24247
1	24247
1	24247
1	24249
1	24249
1	24249
1	24249
1	24249
1	24249
1	24249
1	24249
1	24254
1	24254
1	24254
1	24254
1	24254
1	24254
1	24254
1	24254
1	24254
1	24260
1	24260
1	24260
1	24260
1	24260
1	24260
1	24260
1	24260
1	24260
1	24260
1	24260
1	24260
1	24260
1	24260
1	24260
1	24260
1	24261
1	24266
1	24266
1	24266
1	24266
1	24266
1	24266
1	24266
1	24266
1	24267
1	24267
1	24271
1	24271
1	24271
1	24273
1	24273
1	24273
1	24273
1	24273
1	24273
1	24277
1	24277
1	24277
1	24277
1	24278
1	24278
1	24278
1	24278
1	24278
1	24278
1	24284
1	24284
1	24284
1	24284
1	24284
1	24289
1	24289
1	24289
1	24289
1	24289
1	24289
1	24289
1	24289
1	24289
1	24289
1	24291
1	24295
1	24295
1	24295
1	24295
1	24295
1	24295
1	24295
1	24295
1	24296
1	24296
1	24301
1	24301
1	24301
1	24301
1	24301
1	24301
1	24302
1	24302
1	24302
1	24302
1	24306
1	24306
1	24308
1	24308
1	24308
1	24308
1	24308
1	24308
1	24308
1	24308
1	24308
1	24312
1	24312
1	24312
1	24313
1	24313
1	24313
1	24313
1	24313
1	24313
1	24313
1	24313
1	24313
1	24313
1	24313
1	24319
1	24319
1	24319
1	24319
1	24319
1	24319
1	24319
1	24325
1	24325
1	24325
1	24325
1	24325
1	24326
1	24326
1	24326
1	24330
1	24330
1	24330
1	24330
1	24330
1	24332
1	24332
1	24332
1	24332
1	24332
1	24336
1	24336
1	24336
1	24336
1	24336
1	24336
1	24337
1	24337
1	24337
1	24337
1	24337
1	24337
1	24337
1	24337
1	24337
1	24337
1	24337
1	24342
1	24343
1	24343
1	24343
1	24343
1	24343
1	24343
1	24343
1	24343
1	24343
1	24349
1	24349
1	24349
1	24349
1	24349
1	24349
1	24349
1	24349
1	24349
1	24354
1	24354
1	24354
1	24354
1	24354
1	24354
1	24354
1	24354
1	24354
1	24356
1	24356
1	24360
1	24360
1	24360
1	24360
1	24360
1	24360
1	24360
1	24360
1	24361
1	24361
1	24361
1	24361
1	24366
1	24366
1	24366
1	24366
1	24366
1	24367
1	24367
1	24367
1	24367
1	24367
1	24367
1	24367
1	24371
1	24371
1	24373
1	24373
1	24373
1	24373
1	24378
1	24378
1	24378
1	24378
1	24378
1	24378
1	24378
1	24378
1	24378
1	24378
1	24384
1	24384
1	24384
1	24384
1	24384
1	24384
1	24384
1	24385
1	24385
1	24385
1	24385
1	24390
1	24390
1	24390
1	24390
1	24390
1	24390
1	24390
1	24390
1	24391
1	24391
1	24391
1	24395
1	24395
1	24395
1	24395
1	24397
1	24397
1	24397
1	24397
1	24401
1	24401
1	24403
1	24403
1	24403
1	24403
1	24403
1	24403
1	24403
1	24408
1	24408
1	24408
1	24408
1	24408
1	24408
1	24408
1	24408
1	24414
1	24414
1	24414
1	24414
1	24414
1	24414
1	24415
1	24415
1	24420
1	24420
1	24420
1	24420
1	24421
1	24421
1	24421
1	24421
1	24425
1	24425
1	24427
1	24427
1	24427
1	24427
1	24427
1	24431
1	24431
1	24431
1	24431
1	24431
1	24432
1	24432
1	24432
1	24432
1	24432
1	24432
1	24432
1	24432
1	24437
1	24438
1	24438
1	24438
1	24438
1	24444
1	24444
1	24444
1	24444
1	24444
1	24444
1	24444
1	24444
1	24445
1	24449
1	24449
1	24449
1	24449
1	24449
1	24449
1	24451
1	24451
1	24451
1	24455
1	24455
1	24455
1	24455
1	24455
1	24455
1	24455
1	24455
1	24455
1	24455
1	24457
1	24457
1	24457
1	24457
1	24457
1	24457
1	24461
1	24462
1	24462
1	24462
1	24462
1	24462
1	24462
1	24462
1	24462
1	24462
1	24467
1	24468
1	24468
1	24468
1	24468
1	24468
1	24468
1	24468
1	24468
1	24474
1	24474
1	24474
1	24474
1	24474
1	24474
1	24479
1	24479
1	24479
1	24479
1	24479
1	24479
1	24481
1	24481
1	24485
1	24485
1	24485
1	24485
1	24485
1	24487
1	24487
1	24487
1	24487
1	24491
1	24491
1	24491
1	24492
1	24492
1	24492
1	24492
1	24492
1	24492
1	24492
1	24492
1	24497
1	24498
1	24498
1	24498
1	24498
1	24498
1	24498
1	24498
1	24498
1	24498
1	24498
1	24504
1	24504
1	24504
1	24504
1	24504
1	24504
1	24504
1	24504
1	24504
1	24504
1	24504
1	24504
1	24504
1	24509
1	24509
1	24509
1	24509
1	24511
1	24511
1	24515
1	24515
1	24515
1	24515
1	24515
1	24515
1	24515
1	24515
1	24517
1	24517
1	24517
1	24517
1	24517
1	24517
1	24517
1	24522
1	24522
1	24522
1	24522
1	24522
1	24522
1	24522
1	24522
1	24527
1	24527
1	24528
1	24528
1	24528
1	24528
1	24528
1	24528
1	24528
1	24528
1	24528
1	24534
1	24534
1	24534
1	24534
1	24534
1	24534
1	24534
1	24534
1	24540
1	24540
1	24540
1	24540
1	24540
1	24540
1	24540
1	24540
1	24540
1	24540
1	24540
1	24541
1	24545
1	24545
1	24545
1	24545
1	24545
1	24545
1	24545
1	24545
1	24547
1	24547
1	24547
1	24547
1	24551
1	24551
1	24551
1	24551
1	24551
1	24551
1	24551
1	24553
1	24553
1	24553
1	24553
1	24557
1	24558
1	24558
1	24558
1	24558
1	24558
1	24558
1	24558
1	24558
1	24558
1	24563
1	24563
1	24564
1	24564
1	24564
1	24564
1	24564
1	24564
1	24564
1	24564
1	24564
1	24564
1	24564
1	24564
1	24564
1	24564
1	24564
1	24570
1	24570
1	24570
1	24570
1	24570
1	24570
1	24570
1	24570
1	24570
1	24570
1	24570
1	24571
1	24571
1	24571
1	24576
1	24576
1	24576
1	24576
1	24576
1	24576
1	24576
1	24581
1	24581
1	24581
1	24581
1	24581
1	24581
1	24583
1	24583
1	24583
1	24583
1	24583
1	24583
1	24583
1	24587
1	24587
1	24587
1	24588
1	24588
1	24588
1	24588
1	24588
1	24588
1	24588
1	24588
1	24588
1	24588
1	24588
1	24588
1	24593
1	24594
1	24594
1	24594
1	24594
1	24594
1	24594
1	24594
1	24600
1	24600
1	24600
1	24600
1	24601
1	24601
1	24606
1	24606
1	24606
1	24606
1	24606
1	24606
1	24606
1	24606
1	24606
1	24607
1	24607
1	24607
1	24607
1	24612
1	24612
1	24612
1	24612
1	24612
1	24612
1	24612
1	24612
1	24612
1	24613
1	24613
1	24613
1	24613
1	24613
1	24617
1	24617
1	24619
1	24619
1	24619
1	24619
1	24619
1	24619
1	24623
1	24623
1	24625
1	24625
1	24625
1	24625
1	24625
1	24625
1	24625
1	24625
1	24630
1	24630
1	24630
1	24630
1	24630
1	24630
1	24630
1	24630
1	24632
1	24632
1	24636
1	24636
1	24636
1	24636
1	24636
1	24636
1	24636
1	24636
1	24636
1	24638
1	24638
1	24638
1	24638
1	24642
1	24642
1	24642
1	24642
1	24643
1	24643
1	24643
1	24643
1	24643
1	24643
1	24648
1	24648
1	24648
1	24648
1	24648
1	24649
1	24649
1	24649
1	24649
1	24649
1	24649
1	24655
1	24655
1	24655
1	24655
1	24655
1	24655
1	24655
1	24655
1	24655
1	24655
1	24655
1	24655
1	24655
1	24655
1	24661
1	24661
1	24661
1	24661
1	24661
1	24661
1	24661
1	24661
1	24661
1	24662
1	24667
1	24667
1	24667
1	24668
1	24668
1	24672
1	24672
1	24672
1	24672
1	24672
1	24672
1	24672
1	24674
1	24674
1	24674
1	24674
1	24674
1	24674
1	24678
1	24678
1	24678
1	24678
1	24678
1	24680
1	24680
1	24680
1	24680
1	24684
1	24685
1	24685
1	24685
1	24685
1	24685
1	24685
1	24685
1	24685
1	24685
1	24685
1	24685
1	24691
1	24691
1	24691
1	24691
1	24691
1	24691
1	24691
1	24691
1	24691
1	24691
1	24691
1	24691
1	24691
1	24693
1	24697
1	24697
1	24697
1	24697
1	24697
1	24697
1	24703
1	24703
1	24703
1	24703
1	24703
1	24704
1	24704
1	24704
1	24709
1	24709
1	24709
1	24709
1	24709
1	24709
1	24710
1	24710
1	24710
1	24710
1	24710
1	24710
1	24716
1	24716
1	24716
1	24716
1	24716
1	24716
1	24716
1	24716
1	24716
1	24722
1	24722
1	24722
1	24728
1	24728
1	24728
1	24728
1	24728
1	24728
1	24728
1	24728
1	24728
1	24729
1	24733
1	24733
1	24733
1	24733
1	24733
1	24733
1	24735
1	24735
1	24735
1	24735
1	24735
1	24739
1	24739
1	24739
1	24741
1	24741
1	24741
1	24741
1	24747
1	24747
1	24747
1	24747
1	24747
1	24747
1	24747
1	24747
1	24752
1	24752
1	24752
1	24752
1	24752
1	24752
1	24752
1	24752
1	24752
1	24752
1	24758
1	24758
1	24758
1	24758
1	24758
1	24758
1	24758
1	24758
1	24758
1	24758
1	24764
1	24764
1	24764
1	24764
1	24764
1	24764
1	24764
1	24764
1	24764
1	24764
1	24766
1	24766
1	24766
1	24766
1	24766
1	24770
1	24770
1	24770
1	24770
1	24770
1	24770
1	24771
1	24771
1	24771
1	24771
1	24771
1	24776
1	24776
1	24776
1	24777
1	24777
1	24777
1	24777
1	24777
1	24777
1	24783
1	24783
1	24783
1	24783
1	24783
1	24783
1	24783
1	24783
1	24783
1	24783
1	24783
1	24789
1	24789
1	24790
1	24790
1	24790
1	24790
1	24790
1	24795
1	24795
1	24795
1	24795
1	24795
1	24795
1	24796
1	24796
1	24796
1	24796
1	24796
1	24796
1	24796
1	24796
1	24796
1	24796
1	24796
1	24796
1	24801
1	24801
1	24801
1	24801
1	24801
1	24801
1	24802
1	24802
1	24802
1	24802
1	24802
1	24802
1	24802
1	24802
1	24807
1	24808
1	24808
1	24808
1	24808
1	24808
1	24808
1	24808
1	24808
1	24808
1	24808
1	24808
1	24808
1	24808
1	24808
1	24808
1	24808
1	24814
1	24814
1	24814
1	24814
1	24814
1	24814
1	24814
1	24814
1	24814
1	24814
1	24820
1	24820
1	24820
1	24820
1	24820
1	24820
1	24820
1	24820
1	24820
1	24820
1	24820
1	24820
1	24820
1	24820
1	24821
1	24826
1	24826
1	24826
1	24826
1	24826
1	24826
1	24827
1	24827
1	24827
1	24827
1	24832
1	24832
1	24832
1	24833
1	24833
1	24833
1	24833
1	24839
1	24839
1	24839
1	24839
1	24839
1	24839
1	24839
1	24839
1	24839
1	24839
1	24839
1	24845
1	24845
1	24845
1	24845
1	24845
1	24845
1	24845
1	24845
1	24845
1	24851
1	24851
1	24851
1	24851
1	24851
1	24851
1	24851
1	24851
1	24851
1	24852
1	24857
1	24857
1	24857
1	24857
1	24857
1	24857
1	24857
1	24857
1	24857
1	24857
1	24857
1	24857
1	24857
1	24858
1	24858
1	24858
1	24863
1	24863
1	24863
1	24863
1	24863
1	24863
1	24864
1	24864
1	24864
1	24864
1	24864
1	24868
1	24870
1	24870
1	24870
1	24870
1	24870
1	24870
1	24874
1	24874
1	24876
1	24876
1	24876
1	24876
1	24876
1	24876
1	24876
1	24876
1	24876
1	24876
1	24882
1	24882
1	24882
1	24882
1	24882
1	24882
1	24882
1	24882
1	24882
1	24882
1	24883
1	24888
1	24888
1	24888
1	24888
1	24888
1	24888
1	24888
1	24888
1	24889
1	24889
1	24893
1	24893
1	24893
1	24893
1	24893
1	24895
1	24895
1	24899
1	24899
1	24899
1	24899
1	24899
1	24901
1	24901
1	24901
1	24901
1	24901
1	24907
1	24907
1	24907
1	24907
1	24907
1	24907
1	24913
1	24913
1	24913
1	24913
1	24913
1	24913
1	24919
1	24919
1	24919
1	24919
1	24919
1	24919
1	24919
1	24920
1	24920
1	24925
1	24925
1	24925
1	24926
1	24926
1	24926
1	24926
1	24930
1	24930
1	24932
1	24932
1	24932
1	24932
1	24932
1	24932
1	24936
1	24938
1	24938
1	24938
1	24938
1	24938
1	24938
1	24938
1	24938
1	24944
1	24944
1	24944
1	24944
1	24944
1	24944
1	24944
1	24944
1	24950
1	24950
1	24950
1	24950
1	24950
1	24950
1	24950
1	24950
1	24950
1	24950
1	24950
1	24950
1	24951
1	24956
1	24956
1	24956
1	24956
1	24956
1	24956
1	24956
1	24956
1	24956
1	24957
1	24957
1	24957
1	24957
1	24957
1	24962
1	24962
1	24963
1	24963
1	24963
1	24963
1	24963
1	24963
1	24963
1	24963
1	24963
1	24963
1	24963
1	24963
1	24963
1	24963
1	24963
1	24968
1	24968
1	24969
1	24969
1	24969
1	24969
1	24969
1	24969
1	24969
1	24969
1	24969
1	24969
1	24969
1	24969
1	24969
1	24969
1	24969
1	24969
1	24975
1	24975
1	24975
1	24975
1	24975
1	24975
1	24975
1	24975
1	24975
1	24975
1	24981
1	24981
1	24981
1	24981
1	24981
1	24982
1	24982
1	24987
1	24987
1	24987
1	24987
1	24987
1	24987
1	24987
1	24988
1	24993
1	24994
1	24994
1	24994
1	24994
1	24994
1	24999
1	24999
1	24999
1	24999
1	24999
1	24999
1	25000
1	25000
1	25000
1	25000
1	25000
1	25000
1	25000
1	25000
1	25000
1	25000
1	25000
1	25000
1	25000
1	25006
1	25006
1	25006
1	25006
1	25006
1	25006
1	25006
1	25006
1	25006
1	25006
1	25006
1	25006
1	25012
1	25012
1	25012
1	25014
1	25014
1	25014
1	25018
1	25018
1	25018
1	25018
1	25018
1	25018
1	25018
1	25018
1	25020
1	25024
1	25024
1	25024
1	25026
1	25026
1	25026
1	25026
1	25026
1	25026
1	25026
1	25030
1	25032
1	25032
1	25032
1	25032
1	25032
1	25032
1	25032
1	25032
1	25032
1	25036
1	25038
1	25038
1	25038
1	25038
1	25038
1	25038
1	25038
1	25038
1	25038
1	25038
1	25044
1	25044
1	25044
1	25044
1	25044
1	25044
1	25044
1	25044
1	25044
1	25044
1	25045
1	25050
1	25050
1	25050
1	25050
1	25050
1	25050
1	25050
1	25051
1	25051
1	25053
1	25056
1	25056
1	25056
1	25056
1	25056
1	25056
1	25056
1	25056
1	25056
1	25057
1	25057
1	25057
1	25057
1	25062
1	25062
1	25063
1	25063
1	25063
1	25063
1	25068
1	25069
1	25069
1	25069
1	25069
1	25069
1	25069
1	25069
1	25069
1	25069
1	25069
1	25069
1	25075
1	25075
1	25075
1	25075
1	25075
1	25075
1	25075
1	25075
1	25075
1	25075
1	25075
1	25077
1	25081
1	25081
1	25081
1	25081
1	25081
1	25081
1	25081
1	25081
1	25081
1	25081
1	25081
1	25083
1	25087
1	25087
1	25087
1	25087
1	25087
1	25089
1	25089
1	25089
1	25089
1	25089
1	25089
1	25089
1	25093
1	25093
1	25093
1	25093
1	25093
1	25093
1	25093
1	25093
1	25093
1	25095
1	25095
1	25095
1	25095
1	25095
1	25095
1	25101
1	25101
1	25101
1	25101
1	25101
1	25101
1	25101
1	25101
1	25101
1	25101
1	25101
1	25107
1	25107
1	25107
1	25107
1	25107
1	25107
1	25107
1	25107
1	25107
1	25108
1	25113
1	25113
1	25113
1	25113
1	25113
1	25113
1	25113
1	25114
1	25114
1	25114
1	25119
1	25119
1	25119
1	25119
1	25119
1	25119
1	25120
1	25120
1	25120
1	25120
1	25126
1	25126
1	25126
1	25126
1	25126
1	25131
1	25132
1	25132
1	25132
1	25132
1	25132
1	25132
1	25132
1	25132
1	25132
1	25132
1	25138
1	25138
1	25138
1	25138
1	25138
1	25138
1	25138
1	25138
1	25138
1	25138
1	25144
1	25144
1	25144
1	25144
1	25144
1	25144
1	25146
1	25150
1	25150
1	25152
1	25152
1	25152
1	25156
1	25158
1	25158
1	25158
1	25158
1	25158
1	25158
1	25158
1	25158
1	25158
1	25162
1	25162
1	25164
1	25164
1	25164
1	25164
1	25164
1	25164
1	25164
1	25164
1	25170
1	25170
1	25170
1	25170
1	25170
1	25170
1	25170
1	25170
1	25170
1	25170
1	25170
1	25170
1	25170
1	25170
1	25170
1	25176
1	25176
1	25176
1	25176
1	25176
1	25176
1	25177
1	25182
1	25182
1	25182
1	25182
1	25182
1	25182
1	25183
1	25183
1	25183
1	25183
1	25183
1	25183
1	25183
1	25183
1	25188
1	25190
1	25190
1	25190
1	25190
1	25190
1	25190
1	25190
1	25190
1	25190
1	25190
1	25190
1	25190
1	25194
1	25194
1	25194
1	25194
1	25196
1	25196
1	25196
1	25196
1	25196
1	25196
1	25196
1	25196
1	25202
1	25202
1	25202
1	25202
1	25202
1	25202
1	25202
1	25202
1	25202
1	25202
1	25208
1	25208
1	25208
1	25208
1	25208
1	25209
1	25209
1	25209
1	25214
1	25214
1	25214
1	25214
1	25214
1	25214
1	25215
1	25215
1	25215
1	25215
1	25215
1	25215
1	25220
1	25220
1	25220
1	25220
1	25220
1	25220
1	25220
1	25221
1	25221
1	25221
1	25221
1	25221
1	25226
1	25226
1	25227
1	25227
1	25227
1	25227
1	25227
1	25227
1	25227
1	25233
1	25233
1	25233
1	25233
1	25233
1	25233
1	25233
1	25233
1	25233
1	25233
1	25233
1	25240
1	25240
1	25240
1	25240
1	25240
1	25240
1	25240
1	25241
1	25241
1	25246
1	25246
1	25246
1	25246
1	25247
1	25247
1	25247
1	25247
1	25252
1	25252
1	25253
1	25253
1	25253
1	25253
1	25253
1	25258
1	25259
1	25259
1	25259
1	25259
1	25259
1	25259
1	25259
1	25259
1	25264
1	25265
1	25265
1	25265
1	25265
1	25265
1	25265
1	25265
1	25265
1	25265
1	25265
1	25265
1	25271
1	25271
1	25271
1	25271
1	25271
1	25271
1	25271
1	25273
1	25278
1	25278
1	25278
1	25278
1	25278
1	25279
1	25279
1	25284
1	25284
1	25284
1	25284
1	25284
1	25284
1	25284
1	25284
1	25285
1	25285
1	25285
1	25285
1	25285
1	25285
1	25285
1	25290
1	25290
1	25290
1	25290
1	25291
1	25291
1	25291
1	25291
1	25291
1	25291
1	25297
1	25297
1	25297
1	25297
1	25297
1	25297
1	25297
1	25297
1	25297
1	25303
1	25303
1	25303
1	25303
1	25303
1	25303
1	25303
1	25303
1	25310
1	25310
1	25310
1	25311
1	25311
1	25316
1	25316
1	25316
1	25316
1	25316
1	25316
1	25316
1	25316
1	25316
1	25317
1	25317
1	25317
1	25322
1	25322
1	25322
1	25322
1	25322
1	25323
1	25323
1	25323
1	25323
1	25323
1	25323
1	25328
1	25329
1	25329
1	25329
1	25329
1	25336
1	25336
1	25336
1	25336
1	25336
1	25336
1	25336
1	25336
1	25336
1	25342
1	25342
1	25342
1	25342
1	25342
1	25342
1	25342
1	25342
1	25342
1	25343
1	25343
1	25343
1	25348
1	25348
1	25348
1	25348
1	25349
1	25349
1	25349
1	25349
1	25354
1	25354
1	25354
1	25354
1	25355
1	25355
1	25355
1	25360
1	25362
1	25362
1	25362
1	25362
1	25362
1	25362
1	25362
1	25362
1	25368
1	25368
1	25368
1	25368
1	25368
1	25368
1	25368
1	25368
1	25368
1	25368
1	25368
1	25368
1	25368
1	25368
1	25368
1	25368
1	25368
1	25368
1	25369
1	25374
1	25374
1	25374
1	25374
1	25374
1	25374
1	25374
1	25374
1	25375
1	25375
1	25380
1	25380
1	25380
1	25380
1	25380
1	25380
1	25382
1	25382
1	25382
1	25382
1	25382
1	25382
1	25386
1	25386
1	25386
1	25388
1	25388
1	25388
1	25388
1	25388
1	25388
1	25388
1	25394
1	25394
1	25394
1	25394
1	25394
1	25394
1	25394
1	25394
1	25394
1	25394
1	25400
1	25400
1	25400
1	25400
1	25400
1	25400
1	25400
1	25400
1	25400
1	25400
1	25400
1	25400
1	25400
1	25400
1	25406
1	25406
1	25406
1	25406
1	25406
1	25408
1	25408
1	25408
1	25408
1	25408
1	25408
1	25412
1	25412
1	25412
1	25412
1	25412
1	25412
1	25412
1	25414
1	25414
1	25414
1	25414
1	25414
1	25414
1	25414
1	25414
1	25418
1	25418
1	25418
1	25418
1	25420
1	25420
1	25420
1	25420
1	25420
1	25425
1	25426
1	25426
1	25426
1	25426
1	25426
1	25426
1	25426
1	25426
1	25432
1	25432
1	25432
1	25432
1	25439
1	25439
1	25439
1	25439
1	25439
1	25439
1	25439
1	25439
1	25439
1	25439
1	25440
1	25440
1	25440
1	25445
1	25445
1	25445
1	25445
1	25445
1	25446
1	25446
1	25451
1	25451
1	25451
1	25451
1	25452
1	25452
1	25452
1	25457
1	25459
1	25459
1	25459
1	25459
1	25459
1	25459
1	25459
1	25463
1	25465
1	25465
1	25465
1	25465
1	25465
1	25465
1	25465
1	25465
1	25471
1	25471
1	25471
1	25471
1	25471
1	25471
1	25471
1	25471
1	25471
1	25471
1	25471
1	25473
1	25473
1	25477
1	25477
1	25477
1	25477
1	25477
1	25477
1	25477
1	25477
1	25479
1	25479
1	25483
1	25483
1	25483
1	25483
1	25483
1	25483
1	25483
1	25485
1	25485
1	25485
1	25485
1	25490
1	25490
1	25490
1	25491
1	25491
1	25491
1	25491
1	25491
1	25491
1	25491
1	25491
1	25497
1	25497
1	25497
1	25497
1	25497
1	25497
1	25497
1	25497
1	25497
1	25497
1	25503
1	25503
1	25503
1	25503
1	25503
1	25503
1	25503
1	25503
1	25503
1	25503
1	25503
1	25503
1	25505
1	25510
1	25510
1	25510
1	25510
1	25510
1	25510
1	25510
1	25510
1	25510
1	25511
1	25511
1	25516
1	25516
1	25517
1	25517
1	25517
1	25517
1	25517
1	25517
1	25522
1	25522
1	25522
1	25522
1	25522
1	25522
1	25524
1	25524
1	25524
1	25524
1	25524
1	25524
1	25524
1	25524
1	25524
1	25524
1	25528
1	25528
1	25528
1	25530
1	25530
1	25530
1	25536
1	25536
1	25536
1	25536
1	25536
1	25536
1	25536
1	25536
1	25536
1	25536
1	25538
1	25538
1	25538
1	25542
1	25542
1	25542
1	25542
1	25542
1	25544
1	25544
1	25544
1	25544
1	25544
1	25544
1	25549
1	25549
1	25549
1	25549
1	25549
1	25549
1	25549
1	25550
1	25550
1	25550
1	25550
1	25550
1	25550
1	25555
1	25555
1	25556
1	25556
1	25556
1	25556
1	25556
1	25556
1	25561
1	25561
1	25561
1	25561
1	25561
1	25563
1	25563
1	25563
1	25563
1	25563
1	25569
1	25569
1	25569
1	25569
1	25569
1	25569
1	25569
1	25569
1	25569
1	25569
1	25569
1	25569
1	25569
1	25569
1	25569
1	25575
1	25575
1	25575
1	25575
1	25575
1	25577
1	25577
1	25577
1	25577
1	25581
1	25581
1	25581
1	25581
1	25583
1	25583
1	25583
1	25583
1	25583
1	25588
1	25588
1	25588
1	25588
1	25589
1	25589
1	25589
1	25589
1	25589
1	25589
1	25589
1	25589
1	25594
1	25595
1	25595
1	25595
1	25595
1	25595
1	25595
1	25595
1	25595
1	25595
1	25595
1	25595
1	25595
1	25602
1	25602
1	25602
1	25602
1	25602
1	25602
1	25602
1	25602
1	25602
1	25602
1	25602
1	25602
1	25602
1	25608
1	25608
1	25608
1	25608
1	25608
1	25608
1	25608
1	25608
1	25608
1	25608
1	25608
1	25609
1	25609
1	25609
1	25609
1	25614
1	25614
1	25614
1	25614
1	25616
1	25616
1	25616
1	25616
1	25616
1	25616
1	25620
1	25620
1	25620
1	25620
1	25622
1	25622
1	25622
1	25622
1	25622
1	25622
1	25622
1	25622
1	25622
1	25622
1	25627
1	25628
1	25628
1	25628
1	25628
1	25628
1	25628
1	25628
1	25628
1	25628
1	25628
1	25634
1	25634
1	25634
1	25634
1	25641
1	25641
1	25641
1	25641
1	25641
1	25641
1	25641
1	25641
1	25641
1	25641
1	25642
1	25647
1	25647
1	25647
1	25647
1	25649
1	25649
1	25649
1	25653
1	25653
1	25653
1	25655
1	25655
1	25655
1	25655
1	25655
1	25655
1	25655
1	25655
1	25655
1	25655
1	25655
1	25655
1	25660
1	25660
1	25660
1	25660
1	25660
1	25660
1	25660
1	25661
1	25661
1	25661
1	25661
1	25661
1	25661
1	25661
1	25661
1	25661
1	25661
1	25661
1	25661
1	25661
1	25667
1	25667
1	25667
1	25667
1	25667
1	25667
1	25667
1	25667
1	25667
1	25667
1	25667
1	25667
1	25674
1	25674
1	25674
1	25674
1	25674
1	25674
1	25674
1	25675
1	25675
1	25675
1	25680
1	25680
1	25680
1	25680
1	25682
1	25682
1	25682
1	25682
1	25686
1	25686
1	25686
1	25688
1	25688
1	25688
1	25688
1	25688
1	25693
1	25693
1	25693
1	25693
1	25694
1	25694
1	25694
1	25694
1	25694
1	25694
1	25694
1	25694
1	25694
1	25694
1	25694
1	25700
1	25700
1	25700
1	25700
1	25700
1	25700
1	25700
1	25700
1	25700
1	25700
1	25700
1	25700
1	25700
1	25700
1	25707
1	25707
1	25707
1	25707
1	25707
1	25707
1	25707
1	25707
1	25707
1	25707
1	25707
1	25708
1	25708
1	25708
1	25713
1	25713
1	25713
1	25713
1	25715
1	25719
1	25719
1	25719
1	25721
1	25721
1	25721
1	25721
1	25721
1	25726
1	25726
1	25726
1	25726
1	25727
1	25727
1	25727
1	25727
1	25727
1	25727
1	25727
1	25727
1	25727
1	25727
1	25727
1	25734
1	25734
1	25734
1	25734
1	25734
1	25734
1	25734
1	25734
1	25734
1	25740
1	25740
1	25740
1	25740
1	25740
1	25740
1	25740
1	25740
1	25740
1	25740
1	25740
1	25740
1	25740
1	25740
1	25740
1	25741
1	25746
1	25746
1	25746
1	25746
1	25746
1	25752
1	25752
1	25752
1	25752
1	25752
1	25752
1	25752
1	25752
1	25754
1	25754
1	25754
1	25754
1	25754
1	25754
1	25754
1	25754
1	25754
1	25759
1	25759
1	25759
1	25759
1	25760
1	25760
1	25760
1	25760
1	25760
1	25760
1	25765
1	25765
1	25767
1	25767
1	25767
1	25767
1	25767
1	25767
1	25767
1	25767
1	25767
1	25767
1	25767
1	25767
1	25773
1	25773
1	25773
1	25773
1	25773
1	25773
1	25773
1	25773
1	25773
1	25773
1	25779
1	25779
1	25779
1	25779
1	25779
1	25779
1	25779
1	25779
1	25781
1	25781
1	25781
1	25786
1	25786
1	25787
1	25787
1	25787
1	25787
1	25787
1	25792
1	25792
1	25792
1	25792
1	25794
1	25794
1	25794
1	25794
1	25794
1	25794
1	25794
1	25794
1	25794
1	25794
1	25798
1	25798
1	25798
1	25800
1	25800
1	25800
1	25800
1	25800
1	25800
1	25800
1	25806
1	25806
1	25806
1	25806
1	25806
1	25806
1	25806
1	25806
1	25806
1	25806
1	25806
1	25808
1	25813
1	25813
1	25813
1	25813
1	25813
1	25813
1	25813
1	25813
1	25814
1	25814
1	25814
1	25814
1	25819
1	25819
1	25819
1	25819
1	25819
1	25819
1	25819
1	25821
1	25821
1	25821
1	25821
1	25821
1	25825
1	25825
1	25825
1	25825
1	25827
1	25827
1	25827
1	25827
1	25827
1	25827
1	25827
1	25827
1	25827
1	25832
1	25832
1	25833
1	25833
1	25833
1	25833
1	25833
1	25833
1	25840
1	25840
1	25840
1	25840
1	25840
1	25840
1	25840
1	25840
1	25840
1	25840
1	25840
1	25846
1	25846
1	25846
1	25846
1	25846
1	25846
1	25848
1	25848
1	25852
1	25852
1	25852
1	25854
1	25854
1	25854
1	25854
1	25859
1	25859
1	25859
1	25859
1	25859
1	25860
1	25860
1	25860
1	25860
1	25860
1	25860
1	25860
1	25865
1	25865
1	25867
1	25867
1	25867
1	25867
1	25867
1	25867
1	25867
1	25867
1	25867
1	25867
1	25867
1	25867
1	25867
1	25873
1	25873
1	25873
1	25873
1	25873
1	25873
1	25873
1	25873
1	25873
1	25873
1	25873
1	25873
1	25880
1	25880
1	25880
1	25880
1	25880
1	25880
1	25880
1	25880
1	25880
1	25880
1	25880
1	25880
1	25880
1	25881
1	25881
1	25881
1	25886
1	25886
1	25886
1	25886
1	25888
1	25888
1	25888
1	25888
1	25888
1	25888
1	25892
1	25892
1	25892
1	25894
1	25894
1	25894
1	25894
1	25894
1	25894
1	25894
1	25900
1	25900
1	25900
1	25900
1	25900
1	25907
1	25907
1	25907
1	25907
1	25907
1	25907
1	25907
1	25907
1	25907
1	25907
1	25907
1	25907
1	25907
1	25907
1	25913
1	25913
1	25913
1	25913
1	25913
1	25913
1	25913
1	25913
1	25913
1	25913
1	25913
1	25913
1	25913
1	25915
1	25915
1	25920
1	25920
1	25920
1	25920
1	25920
1	25921
1	25921
1	25921
1	25921
1	25921
1	25921
1	25921
1	25926
1	25926
1	25926
1	25926
1	25926
1	25926
1	25928
1	25928
1	25928
1	25928
1	25928
1	25928
1	25928
1	25928
1	25928
1	25928
1	25928
1	25932
1	25934
1	25934
1	25934
1	25934
1	25934
1	25934
1	25934
1	25934
1	25934
1	25934
1	25934
1	25934
1	25934
1	25934
1	25934
1	25940
1	25940
1	25940
1	25940
1	25940
1	25940
1	25947
1	25947
1	25947
1	25947
1	25947
1	25947
1	25947
1	25953
1	25953
1	25953
1	25953
1	25953
1	25953
1	25953
1	25953
1	25953
1	25955
1	25955
1	25955
1	25955
1	25955
1	25960
1	25960
1	25960
1	25960
1	25960
1	25961
1	25961
1	25961
1	25961
1	25961
1	25961
1	25964
1	25966
1	25966
1	25966
1	25968
1	25968
1	25968
1	25968
1	25968
1	25968
1	25968
1	25968
1	25968
1	25968
1	25968
1	25968
1	25974
1	25974
1	25974
1	25974
1	25974
1	25981
1	25981
1	25981
1	25981
1	25981
1	25981
1	25981
1	25981
1	25981
1	25982
1	25987
1	25987
1	25987
1	25987
1	25987
1	25987
1	25987
1	25987
1	25987
1	25987
1	25987
1	25987
1	25987
1	25987
1	25987
1	25987
1	25987
1	25989
1	25989
1	25989
1	25989
1	25993
1	25993
1	25993
1	25993
1	25993
1	25993
1	25993
1	25995
1	25995
1	25995
1	25995
1	26000
1	26000
1	26002
1	26002
1	26002
1	26002
1	26002
1	26002
1	26002
1	26002
1	26002
1	26002
1	26002
1	26008
1	26008
1	26008
1	26008
1	26008
1	26008
1	26008
1	26014
1	26014
1	26014
1	26014
1	26014
1	26014
1	26016
1	26016
1	26021
1	26021
1	26021
1	26021
1	26021
1	26021
1	26022
1	26022
1	26022
1	26022
1	26027
1	26027
1	26027
1	26027
1	26027
1	26027
1	26027
1	26029
1	26029
1	26029
1	26029
1	26029
1	26029
1	26029
1	26034
1	26034
1	26035
1	26035
1	26035
1	26040
1	26040
1	26040
1	26042
1	26042
1	26042
1	26042
1	26042
1	26042
1	26042
1	26042
1	26048
1	26048
1	26048
1	26048
1	26048
1	26048
1	26048
1	26048
1	26055
1	26055
1	26055
1	26055
1	26055
1	26055
1	26055
1	26055
1	26055
1	26055
1	26055
1	26055
1	26055
1	26056
1	26056
1	26056
1	26056
1	26061
1	26061
1	26063
1	26063
1	26063
1	26063
1	26063
1	26063
1	26063
1	26068
1	26068
1	26068
1	26068
1	26068
1	26068
1	26069
1	26069
1	26069
1	26069
1	26069
1	26074
1	26076
1	26076
1	26076
1	26076
1	26076
1	26076
1	26076
1	26082
1	26082
1	26082
1	26082
1	26082
1	26082
1	26082
1	26082
1	26082
1	26082
1	26082
1	26082
1	26082
1	26082
1	26082
1	26082
1	26082
1	26082
1	26084
1	26089
1	26089
1	26089
1	26089
1	26089
1	26089
1	26089
1	26089
1	26089
1	26089
1	26090
1	26090
1	26095
1	26095
1	26095
1	26095
1	26095
1	26097
1	26097
1	26097
1	26097
1	26102
1	26102
1	26102
1	26102
1	26102
1	26102
1	26102
1	26103
1	26103
1	26103
1	26103
1	26103
1	26103
1	26103
1	26108
1	26108
1	26108
1	26110
1	26110
1	26110
1	26110
1	26110
1	26110
1	26110
1	26110
1	26110
1	26110
1	26110
1	26110
1	26110
1	26116
1	26116
1	26116
1	26116
1	26116
1	26116
1	26116
1	26116
1	26116
1	26116
1	26116
1	26123
1	26123
1	26123
1	26123
1	26123
1	26123
1	26123
1	26123
1	26123
1	26123
1	26125
1	26125
1	26125
1	26129
1	26129
1	26129
1	26129
1	26129
1	26129
1	26129
1	26131
1	26131
1	26136
1	26136
1	26136
1	26136
1	26136
1	26138
1	26138
1	26138
1	26138
1	26138
1	26138
1	26138
1	26144
1	26144
1	26144
1	26144
1	26144
1	26151
1	26151
1	26151
1	26151
1	26151
1	26151
1	26151
1	26151
1	26151
1	26157
1	26157
1	26157
1	26157
1	26157
1	26157
1	26157
1	26157
1	26157
1	26157
1	26157
1	26157
1	26159
1	26159
1	26164
1	26164
1	26164
1	26164
1	26165
1	26165
1	26165
1	26165
1	26165
1	26165
1	26170
1	26170
1	26170
1	26172
1	26172
1	26172
1	26172
1	26177
1	26177
1	26177
1	26178
1	26178
1	26178
1	26178
1	26178
1	26178
1	26178
1	26178
1	26178
1	26178
1	26178
1	26178
1	26178
1	26178
1	26185
1	26185
1	26185
1	26185
1	26191
1	26191
1	26191
1	26191
1	26191
1	26191
1	26193
1	26198
1	26198
1	26198
1	26198
1	26198
1	26200
1	26200
1	26203
1	26205
1	26205
1	26205
1	26205
1	26205
1	26205
1	26206
1	26206
1	26206
1	26211
1	26211
1	26213
1	26213
1	26213
1	26213
1	26213
1	26213
1	26213
1	26219
1	26219
1	26219
1	26219
1	26219
1	26219
1	26219
1	26219
1	26226
1	26226
1	26226
1	26226
1	26226
1	26226
1	26226
1	26226
1	26226
1	26226
1	26226
1	26226
1	26226
1	26226
1	26228
1	26228
1	26228
1	26232
1	26232
1	26232
1	26232
1	26232
1	26232
1	26232
1	26232
1	26232
1	26232
1	26232
1	26232
1	26232
1	26234
1	26234
1	26239
1	26239
1	26239
1	26239
1	26239
1	26239
1	26239
1	26241
1	26241
1	26241
1	26241
1	26241
1	26241
1	26246
1	26246
1	26247
1	26247
1	26247
1	26247
1	26247
1	26247
1	26247
1	26247
1	26254
1	26254
1	26254
1	26254
1	26254
1	26254
1	26254
1	26254
1	26260
1	26260
1	26260
1	26260
1	26260
1	26260
1	26260
1	26260
1	26260
1	26260
1	26260
1	26260
1	26260
1	26260
1	26260
1	26260
1	26262
1	26262
1	26267
1	26267
1	26267
1	26267
1	26267
1	26267
1	26269
1	26269
1	26274
1	26274
1	26275
1	26275
1	26275
1	26275
1	26280
1	26280
1	26282
1	26282
1	26282
1	26282
1	26282
1	26282
1	26282
1	26282
1	26282
1	26287
1	26287
1	26287
1	26288
1	26288
1	26288
1	26288
1	26288
1	26288
1	26288
1	26288
1	26288
1	26295
1	26295
1	26295
1	26295
1	26295
1	26295
1	26295
1	26295
1	26295
1	26295
1	26295
1	26295
1	26295
1	26297
1	26302
1	26302
1	26302
1	26302
1	26302
1	26302
1	26302
1	26302
1	26302
1	26302
1	26302
1	26302
1	26302
1	26302
1	26303
1	26308
1	26308
1	26308
1	26308
1	26308
1	26308
1	26308
1	26308
1	26308
1	26308
1	26308
1	26308
1	26308
1	26308
1	26308
1	26310
1	26310
1	26310
1	26310
1	26310
1	26315
1	26315
1	26316
1	26316
1	26316
1	26316
1	26316
1	26316
1	26316
1	26316
1	26321
1	26321
1	26323
1	26323
1	26323
1	26323
1	26323
1	26323
1	26323
1	26323
1	26323
1	26330
1	26330
1	26330
1	26330
1	26330
1	26330
1	26330
1	26330
1	26336
1	26336
1	26336
1	26336
1	26336
1	26336
1	26336
1	26336
1	26336
1	26338
1	26338
1	26338
1	26343
1	26343
1	26343
1	26343
1	26343
1	26343
1	26343
1	26343
1	26344
1	26344
1	26344
1	26349
1	26349
1	26349
1	26349
1	26349
1	26351
1	26351
1	26351
1	26351
1	26351
1	26351
1	26351
1	26356
1	26356
1	26356
1	26356
1	26358
1	26358
1	26358
1	26358
1	26358
1	26358
1	26358
1	26358
1	26358
1	26358
1	26364
1	26364
1	26364
1	26364
1	26364
1	26364
1	26364
1	26364
1	26364
1	26364
1	26371
1	26371
1	26371
1	26371
1	26371
1	26371
1	26371
1	26373
1	26373
1	26378
1	26378
1	26378
1	26378
1	26378
1	26378
1	26378
1	26378
1	26379
1	26384
1	26384
1	26384
1	26386
1	26386
1	26386
1	26386
1	26386
1	26391
1	26391
1	26391
1	26391
1	26391
1	26391
1	26391
1	26393
1	26393
1	26393
1	26393
1	26393
1	26393
1	26393
1	26393
1	26393
1	26393
1	26393
1	26398
1	26399
1	26399
1	26399
1	26399
1	26399
1	26399
1	26399
1	26399
1	26399
1	26406
1	26406
1	26406
1	26406
1	26406
1	26406
1	26406
1	26406
1	26406
1	26412
1	26412
1	26412
1	26412
1	26412
1	26414
1	26414
1	26414
1	26414
1	26414
1	26414
1	26414
1	26419
1	26419
1	26419
1	26419
1	26421
1	26421
1	26421
1	26426
1	26426
1	26426
1	26426
1	26426
1	26427
1	26427
1	26427
1	26427
1	26427
1	26434
1	26434
1	26434
1	26434
1	26434
1	26434
1	26434
1	26434
1	26434
1	26434
1	26434
1	26434
1	26441
1	26441
1	26441
1	26441
1	26441
1	26441
1	26441
1	26442
1	26442
1	26447
1	26447
1	26447
1	26447
1	26447
1	26447
1	26447
1	26447
1	26447
1	26447
1	26447
1	26449
1	26449
1	26454
1	26454
1	26454
1	26454
1	26454
1	26456
1	26456
1	26456
1	26456
1	26456
1	26461
1	26461
1	26461
1	26461
1	26461
1	26461
1	26462
1	26462
1	26462
1	26462
1	26462
1	26462
1	26462
1	26462
1	26462
1	26469
1	26469
1	26469
1	26469
1	26469
1	26469
1	26469
1	26476
1	26476
1	26476
1	26476
1	26476
1	26476
1	26476
1	26476
1	26476
1	26476
1	26478
1	26483
1	26483
1	26483
1	26483
1	26483
1	26483
1	26483
1	26483
1	26483
1	26483
1	26483
1	26483
1	26483
1	26483
1	26483
1	26483
1	26483
1	26484
1	26484
1	26484
1	26484
1	26484
1	26484
1	26489
1	26489
1	26489
1	26489
1	26489
1	26489
1	26489
1	26489
1	26489
1	26491
1	26491
1	26491
1	26496
1	26496
1	26496
1	26496
1	26496
1	26498
1	26498
1	26498
1	26498
1	26498
1	26498
1	26498
1	26498
1	26498
1	26498
1	26498
1	26498
1	26498
1	26503
1	26504
1	26504
1	26504
1	26504
1	26504
1	26504
1	26504
1	26504
1	26504
1	26504
1	26504
1	26511
1	26511
1	26511
1	26511
1	26511
1	26511
1	26511
1	26511
1	26511
1	26511
1	26513
1	26513
1	26518
1	26518
1	26518
1	26518
1	26518
1	26518
1	26518
1	26518
1	26518
1	26518
1	26518
1	26518
1	26519
1	26524
1	26524
1	26524
1	26524
1	26524
1	26524
1	26524
1	26524
1	26524
1	26524
1	26526
1	26526
1	26526
1	26531
1	26531
1	26531
1	26531
1	26531
1	26531
1	26531
1	26531
1	26531
1	26531
1	26533
1	26533
1	26533
1	26533
1	26533
1	26533
1	26533
1	26533
1	26533
1	26538
1	26540
1	26540
1	26540
1	26540
1	26540
1	26540
1	26540
1	26540
1	26540
1	26540
1	26540
1	26546
1	26546
1	26546
1	26546
1	26546
1	26546
1	26546
1	26546
1	26546
1	26546
1	26546
1	26546
1	26546
1	26553
1	26553
1	26553
1	26553
1	26553
1	26553
1	26553
1	26553
1	26553
1	26553
1	26553
1	26553
1	26553
1	26555
1	26555
1	26560
1	26560
1	26560
1	26560
1	26560
1	26560
1	26560
1	26561
1	26561
1	26561
1	26561
1	26561
1	26566
1	26566
1	26566
1	26566
1	26566
1	26566
1	26568
1	26568
1	26568
1	26568
1	26568
1	26568
1	26568
1	26568
1	26568
1	26568
1	26568
1	26573
1	26573
1	26575
1	26575
1	26575
1	26575
1	26575
1	26575
1	26582
1	26582
1	26582
1	26582
1	26582
1	26582
1	26582
1	26582
1	26588
1	26588
1	26588
1	26588
1	26588
1	26588
1	26588
1	26588
1	26588
1	26590
1	26595
1	26595
1	26595
1	26595
1	26595
1	26595
1	26597
1	26597
1	26597
1	26597
1	26597
1	26602
1	26602
1	26602
1	26603
1	26603
1	26603
1	26603
1	26603
1	26603
1	26603
1	26609
1	26609
1	26609
1	26609
1	26609
1	26610
1	26610
1	26610
1	26610
1	26610
1	26610
1	26610
1	26610
1	26610
1	26610
1	26610
1	26617
1	26617
1	26617
1	26617
1	26617
1	26617
1	26617
1	26617
1	26617
1	26617
1	26617
1	26624
1	26624
1	26624
1	26624
1	26624
1	26624
1	26624
1	26624
1	26624
1	26624
1	26624
1	26624
1	26624
1	26625
1	26625
1	26631
1	26631
1	26631
1	26631
1	26632
1	26632
1	26632
1	26632
1	26637
1	26637
1	26637
1	26639
1	26639
1	26639
1	26639
1	26639
1	26639
1	26644
1	26644
1	26644
1	26644
1	26646
1	26646
1	26646
1	26646
1	26646
1	26646
1	26646
1	26646
1	26646
1	26646
1	26646
1	26646
1	26653
1	26653
1	26653
1	26653
1	26653
1	26653
1	26653
1	26653
1	26653
1	26653
1	26653
1	26659
1	26659
1	26659
1	26659
1	26659
1	26659
1	26659
1	26661
1	26661
1	26661
1	26666
1	26666
1	26666
1	26666
1	26666
1	26666
1	26666
1	26668
1	26668
1	26673
1	26673
1	26673
1	26673
1	26673
1	26675
1	26675
1	26675
1	26680
1	26680
1	26681
1	26681
1	26681
1	26681
1	26681
1	26681
1	26681
1	26681
1	26681
1	26681
1	26681
1	26688
1	26688
1	26688
1	26688
1	26688
1	26688
1	26688
1	26688
1	26688
1	26688
1	26695
1	26695
1	26695
1	26695
1	26695
1	26695
1	26695
1	26697
1	26697
1	26702
1	26702
1	26702
1	26702
1	26702
1	26702
1	26702
1	26702
1	26702
1	26702
1	26703
1	26703
1	26703
1	26709
1	26709
1	26709
1	26709
1	26709
1	26709
1	26709
1	26709
1	26710
1	26710
1	26710
1	26710
1	26715
1	26715
1	26717
1	26717
1	26717
1	26717
1	26717
1	26717
1	26717
1	26717
1	26722
1	26722
1	26724
1	26724
1	26724
1	26724
1	26724
1	26724
1	26724
1	26731
1	26731
1	26731
1	26731
1	26731
1	26731
1	26737
1	26737
1	26737
1	26737
1	26737
1	26737
1	26739
1	26744
1	26744
1	26744
1	26744
1	26744
1	26744
1	26744
1	26744
1	26744
1	26746
1	26746
1	26746
1	26751
1	26751
1	26751
1	26751
1	26751
1	26753
1	26753
1	26753
1	26753
1	26753
1	26760
1	26760
1	26760
1	26760
1	26760
1	26760
1	26760
1	26760
1	26760
1	26760
1	26760
1	26760
1	26760
1	26766
1	26766
1	26766
1	26766
1	26766
1	26766
1	26766
1	26766
1	26766
1	26766
1	26773
1	26773
1	26773
1	26773
1	26773
1	26773
1	26773
1	26773
1	26773
1	26773
1	26773
1	26775
1	26775
1	26775
1	26775
1	26780
1	26780
1	26780
1	26780
1	26782
1	26782
1	26782
1	26782
1	26782
1	26782
1	26787
1	26789
1	26789
1	26789
1	26789
1	26789
1	26789
1	26789
1	26789
1	26789
1	26789
1	26789
1	26794
1	26794
1	26794
1	26794
1	26794
1	26794
1	26796
1	26796
1	26796
1	26796
1	26796
1	26796
1	26802
1	26802
1	26802
1	26802
1	26802
1	26802
1	26802
1	26802
1	26802
1	26802
1	26802
1	26802
1	26802
1	26802
1	26804
1	26809
1	26809
1	26809
1	26809
1	26809
1	26809
1	26809
1	26809
1	26809
1	26809
1	26809
1	26809
1	26811
1	26811
1	26811
1	26811
1	26816
1	26816
1	26816
1	26816
1	26816
1	26816
1	26818
1	26823
1	26823
1	26823
1	26823
1	26823
1	26823
1	26823
1	26825
1	26825
1	26825
1	26825
1	26825
1	26825
1	26832
1	26832
1	26832
1	26832
1	26832
1	26832
1	26832
1	26832
1	26832
1	26832
1	26832
1	26832
1	26838
1	26838
1	26838
1	26838
1	26838
1	26838
1	26838
1	26838
1	26838
1	26838
1	26838
1	26845
1	26845
1	26845
1	26845
1	26845
1	26845
1	26845
1	26847
1	26847
1	26852
1	26852
1	26852
1	26852
1	26852
1	26852
1	26854
1	26854
1	26854
1	26854
1	26854
1	26854
1	26859
1	26859
1	26859
1	26859
1	26859
1	26859
1	26859
1	26861
1	26861
1	26861
1	26861
1	26861
1	26861
1	26866
1	26866
1	26868
1	26868
1	26868
1	26868
1	26868
1	26868
1	26868
1	26868
1	26868
1	26868
1	26875
1	26875
1	26875
1	26875
1	26875
1	26875
1	26875
1	26875
1	26875
1	26875
1	26875
1	26875
1	26875
1	26875
1	26875
1	26881
1	26881
1	26881
1	26881
1	26881
1	26883
1	26883
1	26883
1	26888
1	26888
1	26888
1	26888
1	26888
1	26888
1	26888
1	26888
1	26890
1	26890
1	26890
1	26890
1	26890
1	26890
1	26895
1	26895
1	26895
1	26897
1	26897
1	26897
1	26897
1	26897
1	26902
1	26902
1	26904
1	26904
1	26904
1	26904
1	26904
1	26904
1	26904
1	26904
1	26904
1	26909
1	26911
1	26911
1	26911
1	26911
1	26911
1	26918
1	26918
1	26918
1	26918
1	26918
1	26918
1	26918
1	26918
1	26918
1	26918
1	26918
1	26919
1	26925
1	26925
1	26925
1	26925
1	26925
1	26925
1	26925
1	26925
1	26926
1	26926
1	26926
1	26926
1	26926
1	26931
1	26931
1	26931
1	26933
1	26933
1	26933
1	26933
1	26938
1	26938
1	26938
1	26940
1	26940
1	26940
1	26940
1	26940
1	26940
1	26947
1	26947
1	26947
1	26947
1	26947
1	26947
1	26947
1	26947
1	26947
1	26947
1	26947
1	26947
1	26947
1	26954
1	26954
1	26954
1	26954
1	26954
1	26954
1	26956
1	26956
1	26956
1	26956
1	26961
1	26961
1	26961
1	26961
1	26961
1	26961
1	26961
1	26961
1	26961
1	26963
1	26963
1	26963
1	26963
1	26963
1	26963
1	26963
1	26968
1	26968
1	26968
1	26968
1	26968
1	26970
1	26970
1	26970
1	26970
1	26970
1	26975
1	26975
1	26975
1	26976
1	26976
1	26976
1	26976
1	26976
1	26976
1	26976
1	26982
1	26982
1	26982
1	26983
1	26983
1	26983
1	26983
1	26983
1	26983
1	26983
1	26983
1	26983
1	26983
1	26990
1	26990
1	26990
1	26990
1	26990
1	26990
1	26990
1	26990
1	26990
1	26990
1	26990
1	26990
1	26990
1	26997
1	26997
1	26997
1	26997
1	26997
1	26999
1	26999
1	26999
1	26999
1	27004
1	27004
1	27004
1	27004
1	27004
1	27004
1	27004
1	27004
1	27006
1	27006
1	27011
1	27011
1	27011
1	27013
1	27013
1	27013
1	27013
1	27013
1	27013
1	27013
1	27018
1	27018
1	27018
1	27020
1	27020
1	27020
1	27020
1	27020
1	27020
1	27020
1	27020
1	27020
1	27027
1	27027
1	27027
1	27027
1	27027
1	27027
1	27027
1	27027
1	27027
1	27029
1	27029
1	27029
1	27029
1	27029
1	27034
1	27034
1	27034
1	27034
1	27034
1	27034
1	27034
1	27034
1	27036
1	27036
1	27036
1	27041
1	27041
1	27041
1	27041
1	27041
1	27041
1	27041
1	27043
1	27043
1	27043
1	27043
1	27043
1	27048
1	27048
1	27048
1	27048
1	27048
1	27050
1	27050
1	27050
1	27050
1	27050
1	27050
1	27050
1	27050
1	27050
1	27050
1	27050
1	27057
1	27057
1	27057
1	27057
1	27057
1	27057
1	27057
1	27057
1	27057
1	27057
1	27057
1	27064
1	27064
1	27064
1	27064
1	27064
1	27064
1	27064
1	27064
1	27064
1	27065
1	27071
1	27071
1	27071
1	27071
1	27071
1	27071
1	27071
1	27071
1	27072
1	27077
1	27077
1	27077
1	27077
1	27077
1	27079
1	27079
1	27079
1	27084
1	27084
1	27084
1	27084
1	27084
1	27086
1	27086
1	27086
1	27086
1	27086
1	27086
1	27086
1	27086
1	27086
1	27091
1	27091
1	27091
1	27091
1	27093
1	27093
1	27093
1	27093
1	27093
1	27093
1	27093
1	27093
1	27093
1	27093
1	27093
1	27093
1	27093
1	27100
1	27100
1	27100
1	27100
1	27100
1	27100
1	27100
1	27107
1	27107
1	27107
1	27107
1	27107
1	27107
1	27109
1	27109
1	27109
1	27109
1	27114
1	27114
1	27114
1	27114
1	27114
1	27114
1	27114
1	27116
1	27116
1	27116
1	27116
1	27116
1	27116
1	27121
1	27121
1	27121
1	27121
1	27121
1	27121
1	27121
1	27121
1	27121
1	27123
1	27123
1	27123
1	27123
1	27128
1	27128
1	27128
1	27128
1	27130
1	27130
1	27130
1	27130
1	27130
1	27130
1	27130
1	27130
1	27130
1	27130
1	27137
1	27137
1	27137
1	27137
1	27137
1	27137
1	27137
1	27137
1	27137
1	27137
1	27137
1	27144
1	27144
1	27144
1	27144
1	27144
1	27144
1	27144
1	27144
1	27144
1	27144
1	27144
1	27144
1	27146
1	27146
1	27151
1	27151
1	27151
1	27151
1	27153
1	27153
1	27158
1	27158
1	27160
1	27160
1	27160
1	27160
1	27160
1	27160
1	27160
1	27160
1	27160
1	27160
1	27160
1	27165
1	27165
1	27165
1	27165
1	27167
1	27167
1	27167
1	27167
1	27167
1	27167
1	27167
1	27172
1	27174
1	27174
1	27174
1	27174
1	27174
1	27174
1	27174
1	27174
1	27174
1	27174
1	27174
1	27174
1	27174
1	27174
1	27181
1	27181
1	27181
1	27181
1	27181
1	27181
1	27181
1	27181
1	27181
1	27183
1	27188
1	27188
1	27188
1	27188
1	27188
1	27188
1	27188
1	27188
1	27195
1	27195
1	27195
1	27195
1	27195
1	27195
1	27195
1	27197
1	27197
1	27197
1	27197
1	27197
1	27197
1	27197
1	27197
1	27197
1	27202
1	27202
1	27202
1	27202
1	27202
1	27204
1	27204
1	27204
1	27204
1	27204
1	27204
1	27204
1	27204
1	27204
1	27211
1	27211
1	27211
1	27211
1	27211
1	27211
1	27211
1	27211
1	27211
1	27218
1	27218
1	27218
1	27218
1	27218
1	27218
1	27218
1	27218
1	27218
1	27218
1	27218
1	27218
1	27218
1	27220
1	27225
1	27225
1	27225
1	27227
1	27227
1	27232
1	27232
1	27232
1	27232
1	27232
1	27232
1	27232
1	27232
1	27232
1	27234
1	27234
1	27234
1	27234
1	27234
1	27234
1	27234
1	27239
1	27239
1	27239
1	27241
1	27241
1	27241
1	27241
1	27241
1	27241
1	27241
1	27241
1	27241
1	27246
1	27248
1	27248
1	27248
1	27248
1	27248
1	27248
1	27248
1	27248
1	27248
1	27248
1	27248
1	27248
1	27248
1	27248
1	27248
1	27255
1	27255
1	27255
1	27255
1	27255
1	27255
1	27255
1	27255
1	27255
1	27255
1	27262
1	27262
1	27262
1	27262
1	27262
1	27262
1	27262
1	27262
1	27264
1	27264
1	27264
1	27269
1	27269
1	27269
1	27269
1	27269
1	27269
1	27271
1	27271
1	27271
1	27271
1	27271
1	27276
1	27276
1	27276
1	27276
1	27276
1	27278
1	27278
1	27278
1	27278
1	27278
1	27278
1	27278
1	27285
1	27285
1	27285
1	27285
1	27285
1	27285
1	27292
1	27292
1	27292
1	27292
1	27292
1	27292
1	27292
1	27292
1	27292
1	27292
1	27292
1	27300
1	27300
1	27300
1	27300
1	27300
1	27300
1	27300
1	27301
1	27307
1	27307
1	27307
1	27307
1	27307
1	27307
1	27307
1	27307
1	27308
1	27308
1	27308
1	27308
1	27308
1	27308
1	27314
1	27314
1	27314
1	27314
1	27316
1	27316
1	27316
1	27316
1	27316
1	27316
1	27321
1	27323
1	27323
1	27323
1	27323
1	27323
1	27323
1	27323
1	27323
1	27323
1	27323
1	27323
1	27323
1	27323
1	27323
1	27323
1	27323
1	27330
1	27330
1	27330
1	27330
1	27330
1	27330
1	27330
1	27330
1	27330
1	27332
1	27337
1	27337
1	27337
1	27337
1	27337
1	27337
1	27337
1	27337
1	27339
1	27339
1	27339
1	27344
1	27344
1	27344
1	27344
1	27344
1	27344
1	27344
1	27344
1	27344
1	27344
1	27344
1	27344
1	27344
1	27344
1	27344
1	27346
1	27346
1	27346
1	27346
1	27346
1	27351
1	27351
1	27351
1	27353
1	27353
1	27353
1	27353
1	27353
1	27353
1	27353
1	27353
1	27353
1	27358
1	27358
1	27358
1	27358
1	27360
1	27360
1	27360
1	27360
1	27360
1	27360
1	27367
1	27367
1	27367
1	27367
1	27367
1	27367
1	27367
1	27367
1	27367
1	27367
1	27367
1	27367
1	27367
1	27367
1	27367
1	27374
1	27374
1	27374
1	27374
1	27374
1	27374
1	27374
1	27374
1	27374
1	27374
1	27376
1	27376
1	27376
1	27376
1	27382
1	27382
1	27382
1	27382
1	27382
1	27382
1	27382
1	27382
1	27382
1	27383
1	27383
1	27383
1	27389
1	27390
1	27390
1	27390
1	27390
1	27390
1	27396
1	27396
1	27398
1	27398
1	27398
1	27398
1	27398
1	27398
1	27398
1	27398
1	27398
1	27398
1	27398
1	27398
1	27405
1	27405
1	27405
1	27405
1	27405
1	27405
1	27405
1	27405
1	27405
1	27405
1	27405
1	27405
1	27405
1	27405
1	27405
1	27405
1	27405
1	27405
1	27412
1	27412
1	27412
1	27412
1	27412
1	27412
1	27412
1	27412
1	27414
1	27419
1	27419
1	27419
1	27419
1	27419
1	27419
1	27419
1	27419
1	27419
1	27419
1	27419
1	27421
1	27421
1	27421
1	27426
1	27426
1	27426
1	27426
1	27426
1	27428
1	27428
1	27428
1	27428
1	27428
1	27428
1	27428
1	27428
1	27428
1	27433
1	27433
1	27433
1	27435
1	27435
1	27435
1	27435
1	27435
1	27435
1	27435
1	27435
1	27435
1	27441
1	27442
1	27442
1	27442
1	27442
1	27442
1	27442
1	27442
1	27442
1	27442
1	27442
1	27442
1	27450
1	27450
1	27450
1	27450
1	27450
1	27450
1	27451
1	27451
1	27457
1	27457
1	27457
1	27457
1	27457
1	27457
1	27457
1	27459
1	27459
1	27459
1	27464
1	27464
1	27464
1	27466
1	27466
1	27466
1	27466
1	27466
1	27466
1	27471
1	27471
1	27471
1	27471
1	27473
1	27473
1	27473
1	27473
1	27473
1	27473
1	27473
1	27473
1	27473
1	27480
1	27480
1	27480
1	27480
1	27480
1	27480
1	27480
1	27480
1	27480
1	27480
1	27487
1	27487
1	27487
1	27487
1	27487
1	27487
1	27487
1	27487
1	27487
1	27487
1	27487
1	27487
1	27487
1	27487
1	27487
1	27487
1	27487
1	27489
1	27489
1	27495
1	27495
1	27495
1	27495
1	27495
1	27495
1	27496
1	27496
1	27496
1	27496
1	27502
1	27502
1	27502
1	27504
1	27504
1	27504
1	27509
1	27509
1	27509
1	27511
1	27511
1	27511
1	27511
1	27511
1	27511
1	27511
1	27511
1	27511
1	27511
1	27516
1	27516
1	27516
1	27516
1	27518
1	27518
1	27518
1	27518
1	27518
1	27518
1	27518
1	27518
1	27518
1	27518
1	27518
1	27518
1	27518
1	27525
1	27525
1	27525
1	27525
1	27525
1	27525
1	27525
1	27525
1	27525
1	27525
1	27525
1	27525
1	27525
1	27525
1	27527
1	27533
1	27533
1	27533
1	27533
1	27533
1	27533
1	27533
1	27534
1	27534
1	27534
1	27540
1	27540
1	27540
1	27540
1	27540
1	27542
1	27542
1	27542
1	27547
1	27547
1	27547
1	27547
1	27549
1	27549
1	27549
1	27549
1	27549
1	27549
1	27549
1	27549
1	27549
1	27549
1	27554
1	27554
1	27554
1	27554
1	27556
1	27556
1	27556
1	27556
1	27556
1	27556
1	27556
1	27556
1	27556
1	27556
1	27556
1	27556
1	27556
1	27556
1	27563
1	27563
1	27563
1	27563
1	27563
1	27563
1	27563
1	27563
1	27563
1	27563
1	27571
1	27571
1	27571
1	27571
1	27571
1	27571
1	27571
1	27571
1	27571
1	27572
1	27572
1	27578
1	27578
1	27578
1	27580
1	27580
1	27580
1	27580
1	27580
1	27580
1	27580
1	27585
1	27585
1	27585
1	27585
1	27585
1	27587
1	27587
1	27587
1	27587
1	27587
1	27587
1	27587
1	27587
1	27587
1	27592
1	27594
1	27594
1	27594
1	27594
1	27601
1	27601
1	27601
1	27601
1	27601
1	27601
1	27601
1	27601
1	27601
1	27601
1	27603
1	27603
1	27609
1	27609
1	27609
1	27609
1	27609
1	27609
1	27609
1	27609
1	27609
1	27609
1	27609
1	27609
1	27610
1	27616
1	27616
1	27616
1	27616
1	27616
1	27616
1	27616
1	27616
1	27618
1	27618
1	27623
1	27623
1	27623
1	27623
1	27625
1	27625
1	27625
1	27625
1	27625
1	27625
1	27630
1	27630
1	27630
1	27630
1	27632
1	27632
1	27632
1	27632
1	27632
1	27632
1	27632
1	27632
1	27632
1	27640
1	27640
1	27640
1	27640
1	27640
1	27640
1	27640
1	27647
1	27647
1	27647
1	27647
1	27647
1	27647
1	27647
1	27647
1	27649
1	27649
1	27649
1	27649
1	27654
1	27654
1	27654
1	27654
1	27654
1	27654
1	27654
1	27656
1	27661
1	27661
1	27663
1	27663
1	27663
1	27663
1	27663
1	27663
1	27663
1	27663
1	27669
1	27669
1	27671
1	27671
1	27671
1	27671
1	27671
1	27671
1	27676
1	27678
1	27678
1	27678
1	27678
1	27678
1	27685
1	27685
1	27685
1	27685
1	27685
1	27685
1	27685
1	27685
1	27685
1	27685
1	27685
1	27685
1	27685
1	27685
1	27687
1	27692
1	27692
1	27692
1	27692
1	27694
1	27694
1	27694
1	27694
1	27694
1	27700
1	27700
1	27702
1	27702
1	27702
1	27702
1	27702
1	27702
1	27707
1	27707
1	27709
1	27709
1	27709
1	27709
1	27709
1	27709
1	27709
1	27709
1	27716
1	27716
1	27716
1	27716
1	27716
1	27716
1	27716
1	27716
1	27716
1	27716
1	27716
1	27716
1	27716
1	27716
1	27716
1	27716
1	27716
1	27724
1	27724
1	27724
1	27724
1	27724
1	27724
1	27724
1	27724
1	27724
1	27724
1	27724
1	27724
1	27724
1	27724
1	27724
1	27725
1	27731
1	27731
1	27731
1	27731
1	27731
1	27731
1	27731
1	27731
1	27731
1	27731
1	27733
1	27733
1	27738
1	27738
1	27738
1	27740
1	27740
1	27740
1	27740
1	27740
1	27746
1	27746
1	27746
1	27747
1	27747
1	27747
1	27747
1	27747
1	27747
1	27747
1	27747
1	27747
1	27747
1	27747
1	27747
1	27747
1	27755
1	27755
1	27755
1	27755
1	27755
1	27755
1	27755
1	27755
1	27755
1	27755
1	27755
1	27755
1	27755
1	27762
1	27762
1	27762
1	27762
1	27762
1	27762
1	27762
1	27762
1	27762
1	27762
1	27769
1	27769
1	27769
1	27771
1	27771
1	27771
1	27771
1	27771
1	27777
1	27777
1	27777
1	27777
1	27779
1	27779
1	27779
1	27779
1	27779
1	27779
1	27784
1	27784
1	27784
1	27786
1	27786
1	27786
1	27786
1	27786
1	27786
1	27786
1	27786
1	27786
1	27793
1	27793
1	27793
1	27793
1	27793
1	27793
1	27793
1	27801
1	27801
1	27801
1	27801
1	27801
1	27801
1	27801
1	27801
1	27801
1	27801
1	27801
1	27801
1	27801
1	27801
1	27808
1	27808
1	27808
1	27808
1	27808
1	27808
1	27808
1	27808
1	27808
1	27808
1	27810
1	27810
1	27810
1	27810
1	27816
1	27816
1	27816
1	27816
1	27816
1	27816
1	27817
1	27817
1	27817
1	27817
1	27817
1	27817
1	27817
1	27817
1	27823
1	27823
1	27825
1	27825
1	27825
1	27825
1	27825
1	27825
1	27825
1	27825
1	27825
1	27825
1	27830
1	27830
1	27832
1	27832
1	27832
1	27832
1	27840
1	27840
1	27840
1	27840
1	27840
1	27840
1	27840
1	27840
1	27847
1	27847
1	27847
1	27849
1	27849
1	27849
1	27849
1	27854
1	27854
1	27854
1	27854
1	27854
1	27856
1	27862
1	27862
1	27862
1	27862
1	27862
1	27864
1	27864
1	27864
1	27864
1	27864
1	27864
1	27869
1	27869
1	27869
1	27871
1	27871
1	27871
1	27871
1	27871
1	27871
1	27871
1	27871
1	27871
1	27871
1	27871
1	27878
1	27878
1	27878
1	27878
1	27878
1	27878
1	27878
1	27878
1	27878
1	27878
1	27878
1	27878
1	27878
1	27878
1	27878
1	27878
1	27878
1	27878
1	27878
1	27878
1	27878
1	27878
1	27886
1	27886
1	27886
1	27886
1	27886
1	27886
1	27886
1	27888
1	27888
1	27888
1	27893
1	27893
1	27893
1	27895
1	27895
1	27895
1	27901
1	27901
1	27901
1	27901
1	27901
1	27901
1	27903
1	27903
1	27903
1	27903
1	27903
1	27903
1	27903
1	27903
1	27908
1	27908
1	27908
1	27910
1	27910
1	27910
1	27910
1	27910
1	27910
1	27910
1	27910
1	27910
1	27917
1	27917
1	27917
1	27917
1	27917
1	27917
1	27917
1	27917
1	27917
1	27925
1	27925
1	27925
1	27925
1	27925
1	27925
1	27925
1	27925
1	27925
1	27925
1	27925
1	27932
1	27932
1	27932
1	27932
1	27932
1	27934
1	27934
1	27934
1	27940
1	27940
1	27940
1	27940
1	27940
1	27940
1	27940
1	27940
1	27940
1	27940
1	27942
1	27942
1	27942
1	27942
1	27942
1	27942
1	27942
1	27942
1	27942
1	27942
1	27942
1	27947
1	27947
1	27947
1	27947
1	27949
1	27949
1	27949
1	27949
1	27949
1	27949
1	27949
1	27949
1	27949
1	27949
1	27956
1	27956
1	27956
1	27956
1	27956
1	27956
1	27956
1	27964
1	27964
1	27964
1	27964
1	27966
1	27966
1	27971
1	27971
1	27971
1	27971
1	27971
1	27971
1	27971
1	27971
1	27973
1	27973
1	27973
1	27973
1	27973
1	27979
1	27979
1	27979
1	27979
1	27981
1	27981
1	27981
1	27981
1	27981
1	27981
1	27981
1	27981
1	27981
1	27981
1	27986
1	27986
1	27986
1	27988
1	27988
1	27988
1	27988
1	27988
1	27988
1	27988
1	27988
1	27988
1	27988
1	27988
1	27988
1	27988
1	27988
1	27988
1	27988
1	27988
1	27994
1	27996
1	27996
1	27996
1	27996
1	27996
1	27996
1	27996
1	27996
1	27996
1	27996
1	28003
1	28003
1	28003
1	28003
1	28003
1	28003
1	28003
1	28003
1	28003
1	28005
1	28005
1	28005
1	28011
1	28011
1	28011
1	28011
1	28011
1	28011
1	28011
1	28011
1	28012
1	28018
1	28018
1	28018
1	28018
1	28018
1	28018
1	28018
1	28018
1	28018
1	28018
1	28018
1	28018
1	28020
1	28020
1	28020
1	28026
1	28027
1	28027
1	28027
1	28027
1	28027
1	28027
1	28027
1	28027
1	28035
1	28035
1	28035
1	28035
1	28035
1	28035
1	28035
1	28035
1	28035
1	28035
1	28035
1	28042
1	28042
1	28042
1	28042
1	28042
1	28042
1	28042
1	28042
1	28042
1	28042
1	28042
1	28042
1	28042
1	28042
1	28042
1	28042
1	28042
1	28044
1	28050
1	28050
1	28050
1	28050
1	28050
1	28050
1	28050
1	28050
1	28050
1	28050
1	28050
1	28050
1	28050
1	28052
1	28052
1	28052
1	28052
1	28057
1	28057
1	28057
1	28057
1	28059
1	28059
1	28059
1	28059
1	28059
1	28059
1	28065
1	28065
1	28065
1	28065
1	28065
1	28067
1	28067
1	28067
1	28067
1	28067
1	28067
1	28067
1	28072
1	28072
1	28074
1	28074
1	28074
1	28074
1	28074
1	28074
1	28074
1	28074
1	28074
1	28074
1	28074
1	28082
1	28082
1	28082
1	28082
1	28082
1	28082
1	28082
1	28082
1	28082
1	28082
1	28082
1	28082
1	28082
1	28084
1	28089
1	28089
1	28089
1	28089
1	28089
1	28089
1	28089
1	28089
1	28089
1	28089
1	28089
1	28089
1	28089
1	28089
1	28089
1	28089
1	28089
1	28091
1	28091
1	28091
1	28091
1	28091
1	28097
1	28097
1	28099
1	28099
1	28099
1	28099
1	28099
1	28099
1	28104
1	28106
1	28106
1	28106
1	28106
1	28106
1	28106
1	28106
1	28106
1	28106
1	28112
1	28114
1	28114
1	28114
1	28114
1	28114
1	28114
1	28114
1	28121
1	28121
1	28121
1	28121
1	28121
1	28121
1	28121
1	28121
1	28121
1	28121
1	28121
1	28129
1	28129
1	28129
1	28129
1	28129
1	28129
1	28129
1	28136
1	28136
1	28136
1	28136
1	28138
1	28138
1	28138
1	28138
1	28138
1	28138
1	28138
1	28138
1	28138
1	28144
1	28146
1	28146
1	28146
1	28146
1	28146
1	28146
1	28146
1	28146
1	28146
1	28146
1	28152
1	28152
1	28152
1	28152
1	28153
1	28153
1	28153
1	28153
1	28153
1	28153
1	28153
1	28153
1	28153
1	28153
1	28161
1	28161
1	28161
1	28161
1	28161
1	28161
1	28161
1	28161
1	28161
1	28161
1	28161
1	28161
1	28161
1	28161
1	28161
1	28161
1	28169
1	28169
1	28169
1	28169
1	28169
1	28169
1	28169
1	28169
1	28169
1	28170
1	28170
1	28170
1	28176
1	28176
1	28176
1	28176
1	28176
1	28176
1	28176
1	28176
1	28176
1	28176
1	28178
1	28178
1	28178
1	28178
1	28178
1	28178
1	28178
1	28178
1	28184
1	28184
1	28184
1	28186
1	28186
1	28186
1	28186
1	28186
1	28186
1	28186
1	28186
1	28186
1	28186
1	28186
1	28191
1	28191
1	28191
1	28193
1	28193
1	28193
1	28193
1	28193
1	28193
1	28193
1	28193
1	28193
1	28201
1	28201
1	28201
1	28201
1	28201
1	28201
1	28201
1	28201
1	28201
1	28201
1	28201
1	28208
1	28208
1	28208
1	28208
1	28210
1	28210
1	28216
1	28216
1	28216
1	28216
1	28216
1	28216
1	28216
1	28216
1	28216
1	28216
1	28218
1	28218
1	28218
1	28218
1	28218
1	28218
1	28218
1	28224
1	28224
1	28224
1	28224
1	28224
1	28225
1	28225
1	28225
1	28225
1	28225
1	28225
1	28231
1	28231
1	28231
1	28233
1	28233
1	28233
1	28233
1	28233
1	28233
1	28233
1	28233
1	28233
1	28241
1	28241
1	28241
1	28241
1	28241
1	28241
1	28241
1	28241
1	28241
1	28241
1	28241
1	28241
1	28241
1	28248
1	28248
1	28248
1	28248
1	28248
1	28248
1	28248
1	28248
1	28250
1	28250
1	28250
1	28250
1	28250
1	28250
1	28256
1	28256
1	28256
1	28256
1	28256
1	28256
1	28256
1	28258
1	28258
1	28258
1	28258
1	28258
1	28258
1	28264
1	28264
1	28264
1	28264
1	28264
1	28264
1	28264
1	28264
1	28265
1	28265
1	28265
1	28265
1	28265
1	28265
1	28265
1	28271
1	28273
1	28273
1	28273
1	28273
1	28273
1	28273
1	28273
1	28273
1	28273
1	28273
1	28273
1	28273
1	28279
1	28279
1	28281
1	28281
1	28281
1	28281
1	28281
1	28281
1	28281
1	28281
1	28281
1	28281
1	28281
1	28281
1	28281
1	28281
1	28281
1	28281
1	28281
1	28288
1	28288
1	28288
1	28288
1	28288
1	28288
1	28288
1	28288
1	28288
1	28288
1	28288
1	28288
1	28288
1	28290
1	28296
1	28296
1	28296
1	28296
1	28296
1	28296
1	28296
1	28296
1	28296
1	28296
1	28298
1	28298
1	28298
1	28298
1	28304
1	28304
1	28304
1	28305
1	28305
1	28305
1	28305
1	28311
1	28311
1	28313
1	28313
1	28313
1	28313
1	28313
1	28313
1	28319
1	28321
1	28321
1	28321
1	28321
1	28321
1	28321
1	28321
1	28328
1	28328
1	28328
1	28328
1	28328
1	28328
1	28328
1	28328
1	28328
1	28328
1	28328
1	28328
1	28328
1	28328
1	28328
1	28330
1	28330
1	28336
1	28336
1	28336
1	28336
1	28336
1	28336
1	28336
1	28336
1	28336
1	28336
1	28336
1	28336
1	28336
1	28338
1	28338
1	28344
1	28344
1	28344
1	28344
1	28344
1	28344
1	28344
1	28344
1	28346
1	28346
1	28346
1	28346
1	28346
1	28346
1	28346
1	28351
1	28351
1	28351
1	28351
1	28351
1	28351
1	28353
1	28353
1	28353
1	28353
1	28359
1	28361
1	28361
1	28361
1	28361
1	28361
1	28361
1	28361
1	28361
1	28361
1	28361
1	28369
1	28369
1	28369
1	28369
1	28369
1	28369
1	28369
1	28369
1	28369
1	28369
1	28369
1	28369
1	28369
1	28369
1	28369
1	28369
1	28371
1	28371
1	28371
1	28376
1	28376
1	28376
1	28376
1	28376
1	28376
1	28376
1	28376
1	28376
1	28376
1	28376
1	28376
1	28376
1	28378
1	28378
1	28378
1	28384
1	28384
1	28384
1	28384
1	28384
1	28384
1	28384
1	28384
1	28384
1	28384
1	28384
1	28384
1	28384
1	28386
1	28386
1	28386
1	28386
1	28386
1	28386
1	28386
1	28386
1	28392
1	28392
1	28392
1	28392
1	28392
1	28394
1	28394
1	28394
1	28394
1	28399
1	28399
1	28399
1	28401
1	28401
1	28401
1	28401
1	28401
1	28401
1	28401
1	28401
1	28401
1	28409
1	28409
1	28409
1	28409
1	28409
1	28409
1	28409
1	28409
1	28409
1	28409
1	28409
1	28409
1	28409
1	28417
1	28417
1	28417
1	28417
1	28417
1	28417
1	28417
1	28417
1	28417
1	28417
1	28417
1	28419
1	28419
1	28424
1	28424
1	28424
1	28424
1	28424
1	28424
1	28424
1	28426
1	28426
1	28426
1	28426
1	28426
1	28432
1	28432
1	28432
1	28434
1	28434
1	28434
1	28434
1	28434
1	28434
1	28434
1	28440
1	28442
1	28442
1	28442
1	28442
1	28442
1	28442
1	28442
1	28442
1	28442
1	28442
1	28442
1	28442
1	28442
1	28442
1	28442
1	28442
1	28442
1	28442
1	28449
1	28449
1	28449
1	28449
1	28449
1	28449
1	28449
1	28449
1	28449
1	28449
1	28449
1	28449
1	28449
1	28449
1	28449
1	28457
1	28457
1	28457
1	28457
1	28457
1	28457
1	28457
1	28459
1	28459
1	28465
1	28465
1	28465
1	28465
1	28467
1	28467
1	28467
1	28467
1	28467
1	28473
1	28473
1	28473
1	28475
1	28475
1	28475
1	28475
1	28475
1	28475
1	28482
1	28482
1	28482
1	28482
1	28482
1	28482
1	28482
1	28482
1	28490
1	28490
1	28490
1	28490
1	28490
1	28490
1	28490
1	28490
1	28490
1	28490
1	28490
1	28490
1	28490
1	28498
1	28498
1	28498
1	28498
1	28498
1	28498
1	28498
1	28500
1	28500
1	28500
1	28500
1	28500
1	28500
1	28500
1	28506
1	28506
1	28506
1	28506
1	28507
1	28507
1	28507
1	28507
1	28507
1	28507
1	28507
1	28507
1	28513
1	28513
1	28513
1	28513
1	28513
1	28513
1	28515
1	28515
1	28515
1	28515
1	28515
1	28515
1	28515
1	28515
1	28515
1	28521
1	28521
1	28521
1	28523
1	28523
1	28523
1	28523
1	28523
1	28523
1	28523
1	28523
1	28523
1	28523
1	28531
1	28531
1	28531
1	28531
1	28531
1	28531
1	28531
1	28531
1	28531
1	28531
1	28531
1	28531
1	28539
1	28539
1	28539
1	28539
1	28539
1	28539
1	28539
1	28539
1	28539
1	28539
1	28546
1	28546
1	28546
1	28546
1	28546
1	28546
1	28554
1	28554
1	28554
1	28554
1	28554
1	28554
1	28554
1	28554
1	28556
1	28556
1	28556
1	28556
1	28556
1	28556
1	28556
1	28556
1	28562
1	28562
1	28564
1	28564
1	28564
1	28564
1	28564
1	28564
1	28570
1	28572
1	28572
1	28572
1	28572
1	28572
1	28572
1	28572
1	28572
1	28572
1	28572
1	28572
1	28572
1	28572
1	28572
1	28572
1	28572
1	28572
1	28579
1	28579
1	28579
1	28579
1	28579
1	28579
1	28579
1	28579
1	28579
1	28579
1	28579
1	28579
1	28579
1	28579
1	28587
1	28587
1	28587
1	28587
1	28587
1	28587
1	28587
1	28589
1	28589
1	28589
1	28595
1	28595
1	28595
1	28595
1	28597
1	28597
1	28597
1	28597
1	28597
1	28597
1	28597
1	28597
1	28597
1	28603
1	28603
1	28603
1	28605
1	28605
1	28605
1	28605
1	28605
1	28605
1	28611
1	28612
1	28612
1	28612
1	28612
1	28612
1	28612
1	28612
1	28612
1	28612
1	28612
1	28612
1	28612
1	28612
1	28612
1	28612
1	28620
1	28620
1	28620
1	28620
1	28620
1	28620
1	28620
1	28620
1	28620
1	28620
1	28620
1	28620
1	28620
1	28620
1	28620
1	28620
1	28620
1	28620
1	28620
1	28622
1	28622
1	28622
1	28628
1	28628
1	28628
1	28628
1	28628
1	28628
1	28628
1	28628
1	28628
1	28628
1	28628
1	28628
1	28628
1	28630
1	28630
1	28630
1	28630
1	28630
1	28630
1	28630
1	28636
1	28636
1	28636
1	28636
1	28636
1	28636
1	28636
1	28638
1	28638
1	28638
1	28638
1	28638
1	28638
1	28638
1	28638
1	28638
1	28638
1	28638
1	28638
1	28644
1	28644
1	28644
1	28644
1	28646
1	28646
1	28646
1	28646
1	28646
1	28646
1	28652
1	28652
1	28652
1	28652
1	28654
1	28654
1	28654
1	28654
1	28654
1	28654
1	28654
1	28654
1	28654
1	28654
1	28654
1	28654
1	28661
1	28661
1	28661
1	28661
1	28661
1	28661
1	28661
1	28661
1	28661
1	28661
1	28661
1	28663
1	28663
1	28669
1	28669
1	28669
1	28669
1	28669
1	28669
1	28669
1	28669
1	28671
1	28671
1	28677
1	28677
1	28679
1	28679
1	28679
1	28679
1	28679
1	28679
1	28685
1	28685
1	28685
1	28687
1	28687
1	28687
1	28687
1	28687
1	28687
1	28687
1	28687
1	28693
1	28693
1	28693
1	28693
1	28695
1	28695
1	28695
1	28695
1	28695
1	28695
1	28695
1	28695
1	28695
1	28695
1	28695
1	28695
1	28695
1	28695
1	28695
1	28703
1	28703
1	28703
1	28703
1	28703
1	28703
1	28703
1	28703
1	28703
1	28703
1	28710
1	28710
1	28710
1	28710
1	28710
1	28710
1	28712
1	28712
1	28712
1	28718
1	28718
1	28718
1	28718
1	28718
1	28718
1	28718
1	28720
1	28720
1	28720
1	28720
1	28726
1	28726
1	28726
1	28728
1	28728
1	28728
1	28728
1	28728
1	28728
1	28728
1	28728
1	28728
1	28728
1	28734
1	28734
1	28734
1	28734
1	28736
1	28736
1	28736
1	28736
1	28736
1	28736
1	28736
1	28736
1	28736
1	28736
1	28736
1	28736
1	28744
1	28744
1	28744
1	28744
1	28744
1	28744
1	28744
1	28744
1	28744
1	28744
1	28744
1	28744
1	28744
1	28744
1	28744
1	28744
1	28752
1	28752
1	28752
1	28752
1	28752
1	28752
1	28752
1	28752
1	28752
1	28752
1	28752
1	28752
1	28754
1	28754
1	28754
1	28754
1	28760
1	28760
1	28760
1	28760
1	28760
1	28760
1	28760
1	28760
1	28762
1	28762
1	28768
1	28768
1	28768
1	28768
1	28769
1	28769
1	28769
1	28775
1	28777
1	28777
1	28777
1	28777
1	28777
1	28777
1	28777
1	28777
1	28777
1	28777
1	28777
1	28777
1	28777
1	28785
1	28785
1	28785
1	28785
1	28785
1	28785
1	28785
1	28785
1	28785
1	28785
1	28793
1	28793
1	28793
1	28793
1	28793
1	28793
1	28793
1	28793
1	28793
1	28793
1	28793
1	28795
1	28795
1	28795
1	28801
1	28801
1	28801
1	28801
1	28801
1	28801
1	28801
1	28803
1	28803
1	28803
1	28803
1	28803
1	28803
1	28809
1	28809
1	28809
1	28809
1	28809
1	28809
1	28809
1	28809
1	28809
1	28809
1	28809
1	28811
1	28811
1	28811
1	28811
1	28811
1	28817
1	28817
1	28817
1	28819
1	28819
1	28819
1	28819
1	28819
1	28819
1	28819
1	28819
1	28819
1	28819
1	28819
1	28827
1	28827
1	28827
1	28827
1	28827
1	28827
1	28827
1	28827
1	28827
1	28827
1	28827
1	28827
1	28827
1	28835
1	28835
1	28835
1	28835
1	28835
1	28835
1	28835
1	28835
1	28835
1	28835
1	28835
1	28835
1	28835
1	28835
1	28835
1	28837
1	28837
1	28837
1	28843
1	28843
1	28843
1	28843
1	28843
1	28843
1	28845
1	28845
1	28851
1	28851
1	28851
1	28851
1	28853
1	28853
1	28853
1	28853
1	28853
1	28853
1	28853
1	28853
1	28859
1	28859
1	28859
1	28861
1	28861
1	28861
1	28861
1	28861
1	28861
1	28861
1	28861
1	28867
1	28868
1	28868
1	28868
1	28868
1	28868
1	28868
1	28868
1	28868
1	28868
1	28868
1	28868
1	28868
1	28868
1	28868
1	28876
1	28876
1	28876
1	28876
1	28876
1	28876
1	28876
1	28884
1	28884
1	28884
1	28886
1	28886
1	28886
1	28886
1	28886
1	28892
1	28892
1	28892
1	28892
1	28892
1	28892
1	28892
1	28892
1	28892
1	28892
1	28892
1	28892
1	28894
1	28894
1	28894
1	28894
1	28894
1	28894
1	28894
1	28894
1	28894
1	28894
1	28900
1	28902
1	28902
1	28902
1	28902
1	28902
1	28902
1	28902
1	28902
1	28908
1	28910
1	28910
1	28910
1	28910
1	28910
1	28910
1	28910
1	28910
1	28910
1	28910
1	28910
1	28910
1	28910
1	28910
1	28910
1	28918
1	28918
1	28918
1	28918
1	28918
1	28918
1	28918
1	28918
1	28918
1	28918
1	28918
1	28920
1	28926
1	28926
1	28926
1	28926
1	28926
1	28926
1	28926
1	28926
1	28926
1	28926
1	28926
1	28926
1	28926
1	28926
1	28926
1	28928
1	28928
1	28928
1	28928
1	28934
1	28934
1	28934
1	28934
1	28934
1	28936
1	28936
1	28936
1	28936
1	28936
1	28936
1	28936
1	28936
1	28942
1	28942
1	28942
1	28942
1	28944
1	28944
1	28944
1	28944
1	28944
1	28944
1	28944
1	28944
1	28944
1	28950
1	28952
1	28952
1	28952
1	28952
1	28952
1	28952
1	28952
1	28952
1	28952
1	28952
1	28960
1	28960
1	28960
1	28960
1	28960
1	28960
1	28960
1	28960
1	28960
1	28960
1	28960
1	28960
1	28962
1	28962
1	28968
1	28968
1	28968
1	28968
1	28968
1	28968
1	28968
1	28968
1	28970
1	28970
1	28976
1	28976
1	28976
1	28976
1	28976
1	28976
1	28976
1	28976
1	28978
1	28978
1	28984
1	28984
1	28984
1	28986
1	28986
1	28986
1	28986
1	28986
1	28986
1	28986
1	28986
1	28986
1	28986
1	28986
1	28992
1	28994
1	28994
1	28994
1	28994
1	28994
1	28994
1	28994
1	28994
1	28994
1	28994
1	29002
1	29002
1	29002
1	29002
1	29002
1	29002
1	29002
1	29002
1	29010
1	29010
1	29010
1	29010
1	29010
1	29012
1	29012
1	29018
1	29018
1	29018
1	29018
1	29018
1	29018
1	29020
1	29020
1	29020
1	29020
1	29020
1	29020
1	29020
1	29020
1	29026
1	29026
1	29026
1	29026
1	29028
1	29028
1	29028
1	29028
1	29028
1	29028
1	29028
1	29028
1	29028
1	29034
1	29034
1	29034
1	29036
1	29036
1	29036
1	29036
1	29036
1	29036
1	29036
1	29036
1	29036
1	29036
1	29036
1	29036
1	29036
1	29036
1	29044
1	29044
1	29044
1	29044
1	29044
1	29044
1	29044
1	29044
1	29044
1	29044
1	29044
1	29044
1	29044
1	29044
1	29044
1	29044
1	29044
1	29044
1	29044
1	29044
1	29052
1	29052
1	29052
1	29052
1	29052
1	29052
1	29052
1	29052
1	29052
1	29052
1	29052
1	29052
1	29052
1	29054
1	29054
1	29054
1	29054
1	29061
1	29061
1	29063
1	29063
1	29063
1	29063
1	29063
1	29063
1	29063
1	29063
1	29069
1	29069
1	29069
1	29069
1	29071
1	29071
1	29071
1	29071
1	29071
1	29077
1	29077
1	29079
1	29079
1	29079
1	29079
1	29079
1	29079
1	29079
1	29079
1	29079
1	29087
1	29087
1	29087
1	29087
1	29087
1	29087
1	29087
1	29087
1	29087
1	29087
1	29095
1	29095
1	29095
1	29095
1	29095
1	29095
1	29095
1	29095
1	29103
1	29103
1	29103
1	29105
1	29105
1	29105
1	29105
1	29105
1	29105
1	29105
1	29111
1	29111
1	29111
1	29111
1	29111
1	29113
1	29113
1	29113
1	29113
1	29113
1	29113
1	29113
1	29113
1	29113
1	29119
1	29119
1	29119
1	29119
1	29119
1	29119
1	29119
1	29121
1	29121
1	29121
1	29121
1	29127
1	29129
1	29129
1	29129
1	29129
1	29129
1	29129
1	29129
1	29129
1	29129
1	29129
1	29129
1	29129
1	29129
1	29129
1	29129
1	29129
1	29129
1	29129
1	29137
1	29137
1	29137
1	29137
1	29139
1	29139
1	29139
1	29145
1	29145
1	29145
1	29145
1	29145
1	29145
1	29145
1	29145
1	29145
1	29145
1	29147
1	29147
1	29147
1	29147
1	29153
1	29153
1	29153
1	29155
1	29155
1	29155
1	29155
1	29155
1	29155
1	29162
1	29164
1	29164
1	29164
1	29164
1	29164
1	29164
1	29172
1	29172
1	29172
1	29172
1	29172
1	29172
1	29172
1	29172
1	29172
1	29172
1	29180
1	29180
1	29180
1	29180
1	29180
1	29180
1	29180
1	29180
1	29180
1	29180
1	29180
1	29180
1	29180
1	29188
1	29188
1	29188
1	29188
1	29188
1	29188
1	29188
1	29190
1	29190
1	29190
1	29196
1	29196
1	29196
1	29196
1	29196
1	29196
1	29196
1	29196
1	29198
1	29198
1	29198
1	29198
1	29198
1	29204
1	29204
1	29204
1	29204
1	29204
1	29206
1	29206
1	29206
1	29206
1	29206
1	29206
1	29206
1	29206
1	29206
1	29206
1	29206
1	29206
1	29206
1	29212
1	29214
1	29214
1	29214
1	29214
1	29214
1	29214
1	29214
1	29214
1	29214
1	29222
1	29222
1	29222
1	29222
1	29222
1	29222
1	29222
1	29222
1	29222
1	29222
1	29222
1	29222
1	29222
1	29225
1	29225
1	29225
1	29231
1	29231
1	29231
1	29231
1	29231
1	29231
1	29231
1	29231
1	29231
1	29231
1	29231
1	29231
1	29233
1	29233
1	29233
1	29233
1	29233
1	29239
1	29239
1	29239
1	29239
1	29239
1	29239
1	29239
1	29239
1	29241
1	29241
1	29241
1	29241
1	29241
1	29241
1	29241
1	29247
1	29247
1	29247
1	29247
1	29247
1	29247
1	29247
1	29247
1	29249
1	29249
1	29249
1	29249
1	29249
1	29249
1	29249
1	29255
1	29255
1	29257
1	29257
1	29257
1	29257
1	29257
1	29257
1	29257
1	29257
1	29257
1	29257
1	29257
1	29257
1	29257
1	29265
1	29265
1	29265
1	29265
1	29265
1	29265
1	29265
1	29265
1	29265
1	29265
1	29265
1	29265
1	29265
1	29265
1	29265
1	29265
1	29265
1	29265
1	29273
1	29273
1	29273
1	29273
1	29273
1	29282
1	29282
1	29282
1	29282
1	29282
1	29282
1	29282
1	29282
1	29284
1	29284
1	29290
1	29290
1	29292
1	29292
1	29292
1	29292
1	29292
1	29292
1	29292
1	29292
1	29292
1	29292
1	29292
1	29292
1	29298
1	29300
1	29300
1	29300
1	29300
1	29300
1	29300
1	29300
1	29300
1	29300
1	29300
1	29300
1	29300
1	29300
1	29300
1	29300
1	29300
1	29300
1	29300
1	29308
1	29308
1	29308
1	29308
1	29308
1	29308
1	29308
1	29308
1	29308
1	29316
1	29316
1	29316
1	29316
1	29316
1	29316
1	29316
1	29316
1	29316
1	29318
1	29318
1	29318
1	29318
1	29325
1	29325
1	29325
1	29325
1	29325
1	29327
1	29327
1	29327
1	29327
1	29327
1	29327
1	29327
1	29327
1	29327
1	29333
1	29333
1	29333
1	29333
1	29333
1	29333
1	29333
1	29333
1	29335
1	29335
1	29335
1	29335
1	29335
1	29335
1	29335
1	29335
1	29341
1	29341
1	29341
1	29341
1	29343
1	29343
1	29343
1	29343
1	29343
1	29343
1	29343
1	29351
1	29351
1	29351
1	29351
1	29351
1	29351
1	29351
1	29351
1	29351
1	29351
1	29351
1	29351
1	29351
1	29360
1	29360
1	29360
1	29360
1	29360
1	29360
1	29360
1	29360
1	29360
1	29360
1	29360
1	29360
1	29360
1	29360
1	29362
1	29362
1	29362
1	29362
1	29362
1	29362
1	29368
1	29368
1	29368
1	29368
1	29368
1	29368
1	29368
1	29368
1	29368
1	29368
1	29368
1	29368
1	29370
1	29370
1	29370
1	29370
1	29370
1	29370
1	29376
1	29376
1	29376
1	29376
1	29376
1	29376
1	29376
1	29376
1	29378
1	29378
1	29378
1	29378
1	29378
1	29378
1	29378
1	29378
1	29384
1	29384
1	29384
1	29386
1	29386
1	29386
1	29386
1	29386
1	29386
1	29386
1	29386
1	29386
1	29386
1	29395
1	29395
1	29395
1	29395
1	29395
1	29395
1	29395
1	29395
1	29395
1	29395
1	29395
1	29395
1	29395
1	29395
1	29403
1	29403
1	29403
1	29403
1	29403
1	29403
1	29403
1	29403
1	29403
1	29403
1	29405
1	29405
1	29405
1	29411
1	29411
1	29411
1	29411
1	29413
1	29413
1	29413
1	29413
1	29413
1	29413
1	29413
1	29419
1	29419
1	29419
1	29421
1	29421
1	29421
1	29421
1	29421
1	29421
1	29421
1	29421
1	29428
1	29430
1	29430
1	29430
1	29430
1	29430
1	29430
1	29430
1	29430
1	29430
1	29430
1	29430
1	29430
1	29430
1	29438
1	29438
1	29438
1	29438
1	29438
1	29438
1	29438
1	29438
1	29438
1	29438
1	29438
1	29438
1	29438
1	29438
1	29446
1	29446
1	29446
1	29446
1	29446
1	29454
1	29454
1	29454
1	29454
1	29454
1	29454
1	29454
1	29454
1	29454
1	29454
1	29454
1	29454
1	29454
1	29454
1	29454
1	29454
1	29454
1	29456
1	29456
1	29456
1	29456
1	29456
1	29463
1	29463
1	29463
1	29463
1	29463
1	29463
1	29465
1	29465
1	29465
1	29465
1	29465
1	29465
1	29465
1	29471
1	29471
1	29473
1	29473
1	29473
1	29473
1	29473
1	29473
1	29473
1	29479
1	29479
1	29479
1	29479
1	29481
1	29481
1	29481
1	29481
1	29481
1	29481
1	29481
1	29481
1	29481
1	29481
1	29481
1	29481
1	29481
1	29481
1	29481
1	29481
1	29490
1	29490
1	29490
1	29490
1	29490
1	29490
1	29490
1	29490
1	29492
1	29492
1	29498
1	29498
1	29498
1	29498
1	29498
1	29498
1	29498
1	29498
1	29498
1	29498
1	29498
1	29498
1	29498
1	29498
1	29498
1	29500
1	29500
1	29500
1	29506
1	29506
1	29506
1	29506
1	29506
1	29506
1	29506
1	29506
1	29506
1	29508
1	29508
1	29508
1	29508
1	29508
1	29508
1	29508
1	29508
1	29514
1	29514
1	29514
1	29514
1	29517
1	29517
1	29517
1	29517
1	29517
1	29517
1	29517
1	29517
1	29517
1	29525
1	29525
1	29525
1	29525
1	29525
1	29525
1	29525
1	29525
1	29525
1	29525
1	29525
1	29525
1	29525
1	29525
1	29525
1	29525
1	29525
1	29525
1	29525
1	29533
1	29533
1	29533
1	29533
1	29533
1	29533
1	29533
1	29533
1	29533
1	29533
1	29533
1	29535
1	29542
1	29542
1	29542
1	29542
1	29542
1	29542
1	29542
1	29544
1	29544
1	29550
1	29550
1	29550
1	29550
1	29550
1	29550
1	29550
1	29550
1	29550
1	29550
1	29552
1	29552
1	29552
1	29552
1	29552
1	29552
1	29552
1	29558
1	29558
1	29558
1	29558
1	29560
1	29560
1	29560
1	29560
1	29560
1	29560
1	29567
1	29569
1	29569
1	29569
1	29569
1	29569
1	29569
1	29569
1	29569
1	29569
1	29569
1	29569
1	29569
1	29569
1	29569
1	29569
1	29569
1	29577
1	29577
1	29577
1	29577
1	29577
1	29577
1	29577
1	29577
1	29577
1	29577
1	29577
1	29577
1	29577
1	29577
1	29579
1	29579
1	29585
1	29585
1	29585
1	29585
1	29585
1	29585
1	29585
1	29587
1	29587
1	29587
1	29587
1	29594
1	29594
1	29594
1	29596
1	29596
1	29596
1	29596
1	29596
1	29596
1	29602
1	29602
1	29602
1	29602
1	29602
1	29604
1	29604
1	29604
1	29604
1	29604
1	29604
1	29604
1	29610
1	29612
1	29612
1	29612
1	29612
1	29612
1	29612
1	29612
1	29612
1	29621
1	29621
1	29621
1	29621
1	29621
1	29621
1	29621
1	29621
1	29621
1	29621
1	29621
1	29621
1	29621
1	29621
1	29621
1	29621
1	29621
1	29621
1	29621
1	29629
1	29629
1	29629
1	29629
1	29629
1	29631
1	29631
1	29631
1	29638
1	29638
1	29638
1	29638
1	29638
1	29640
1	29640
1	29640
1	29640
1	29640
1	29640
1	29640
1	29640
1	29640
1	29646
1	29646
1	29646
1	29646
1	29646
1	29646
1	29648
1	29648
1	29648
1	29648
1	29648
1	29648
1	29648
1	29648
1	29654
1	29656
1	29656
1	29656
1	29656
1	29656
1	29656
1	29656
1	29656
1	29656
1	29656
1	29665
1	29665
1	29665
1	29665
1	29665
1	29665
1	29665
1	29665
1	29665
1	29665
1	29665
1	29665
1	29665
1	29665
1	29665
1	29665
1	29665
1	29673
1	29673
1	29673
1	29673
1	29673
1	29673
1	29673
1	29673
1	29673
1	29673
1	29673
1	29673
1	29675
1	29675
1	29682
1	29682
1	29682
1	29682
1	29682
1	29682
1	29682
1	29684
1	29684
1	29684
1	29684
1	29684
1	29684
1	29690
1	29690
1	29690
1	29690
1	29690
1	29692
1	29692
1	29692
1	29692
1	29698
1	29698
1	29698
1	29698
1	29698
1	29700
1	29700
1	29700
1	29700
1	29700
1	29700
1	29700
1	29700
1	29700
1	29700
1	29700
1	29709
1	29709
1	29709
1	29709
1	29709
1	29709
1	29709
1	29709
1	29709
1	29717
1	29717
1	29717
1	29717
1	29717
1	29717
1	29717
1	29717
1	29717
1	29717
1	29717
1	29717
1	29717
1	29717
1	29717
1	29717
1	29717
1	29717
1	29717
1	29719
1	29719
1	29726
1	29726
1	29726
1	29726
1	29726
1	29726
1	29726
1	29726
1	29726
1	29726
1	29726
1	29726
1	29726
1	29728
1	29728
1	29728
1	29728
1	29734
1	29734
1	29734
1	29734
1	29736
1	29736
1	29736
1	29736
1	29736
1	29736
1	29736
1	29736
1	29736
1	29743
1	29743
1	29743
1	29745
1	29745
1	29745
1	29745
1	29745
1	29753
1	29753
1	29753
1	29753
1	29753
1	29753
1	29753
1	29753
1	29753
1	29753
1	29753
1	29753
1	29753
1	29753
1	29753
1	29753
1	29753
1	29753
1	29762
1	29762
1	29762
1	29762
1	29762
1	29762
1	29762
1	29762
1	29762
1	29762
1	29762
1	29762
1	29762
1	29764
1	29764
1	29764
1	29764
1	29764
1	29770
1	29770
1	29770
1	29770
1	29770
1	29770
1	29770
1	29770
1	29770
1	29770
1	29770
1	29772
1	29772
1	29772
1	29772
1	29772
1	29779
1	29779
1	29779
1	29779
1	29779
1	29779
1	29779
1	29779
1	29779
1	29781
1	29781
1	29781
1	29781
1	29781
1	29781
1	29781
1	29781
1	29787
1	29787
1	29787
1	29787
1	29787
1	29789
1	29789
1	29789
1	29789
1	29789
1	29789
1	29789
1	29789
1	29795
1	29798
1	29798
1	29798
1	29798
1	29798
1	29798
1	29798
1	29798
1	29806
1	29806
1	29806
1	29806
1	29806
1	29806
1	29808
1	29808
1	29815
1	29815
1	29815
1	29815
1	29815
1	29815
1	29815
1	29815
1	29815
1	29817
1	29817
1	29817
1	29823
1	29823
1	29823
1	29823
1	29823
1	29823
1	29823
1	29823
1	29823
1	29823
1	29823
1	29823
1	29823
1	29825
1	29825
1	29825
1	29825
1	29825
1	29825
1	29825
1	29825
1	29825
1	29825
1	29831
1	29831
1	29831
1	29831
1	29831
1	29834
1	29834
1	29834
1	29834
1	29834
1	29834
1	29840
1	29840
1	29842
1	29842
1	29842
1	29842
1	29842
1	29842
1	29842
1	29842
1	29842
1	29842
1	29842
1	29842
1	29851
1	29851
1	29851
1	29851
1	29851
1	29851
1	29851
1	29851
1	29851
1	29851
1	29851
1	29859
1	29859
1	29859
1	29859
1	29859
1	29859
1	29859
1	29861
1	29861
1	29861
1	29868
1	29868
1	29868
1	29868
1	29868
1	29868
1	29870
1	29870
1	29870
1	29870
1	29870
1	29876
1	29876
1	29876
1	29876
1	29878
1	29878
1	29878
1	29878
1	29878
1	29878
1	29878
1	29878
1	29878
1	29885
1	29885
1	29887
1	29887
1	29887
1	29887
1	29887
1	29887
1	29887
1	29887
1	29887
1	29887
1	29887
1	29895
1	29895
1	29895
1	29895
1	29895
1	29895
1	29895
1	29895
1	29895
1	29895
1	29895
1	29895
1	29895
1	29895
1	29897
1	29904
1	29904
1	29904
1	29904
1	29904
1	29904
1	29904
1	29904
1	29906
1	29906
1	29906
1	29907
1	29912
1	29912
1	29912
1	29912
1	29912
1	29912
1	29912
1	29914
1	29914
1	29914
1	29921
1	29921
1	29921
1	29921
1	29921
1	29921
1	29921
1	29921
1	29921
1	29921
1	29923
1	29923
1	29923
1	29923
1	29923
1	29923
1	29923
1	29923
1	29923
1	29923
1	29923
1	29929
1	29932
1	29932
1	29932
1	29932
1	29932
1	29932
1	29932
1	29932
1	29940
1	29940
1	29940
1	29940
1	29940
1	29940
1	29940
1	29940
1	29940
1	29940
1	29949
1	29949
1	29949
1	29949
1	29949
1	29949
1	29949
1	29949
1	29949
1	29949
1	29949
1	29949
1	29949
1	29949
1	29949
1	29951
1	29951
1	29951
1	29951
1	29951
1	29951
1	29951
1	29957
1	29957
1	29957
1	29957
1	29957
1	29957
1	29957
1	29957
1	29957
1	29957
1	29959
1	29959
1	29959
1	29966
1	29966
1	29966
1	29966
1	29968
1	29968
1	29968
1	29968
1	29968
1	29968
1	29974
1	29974
1	29974
1	29974
1	29976
1	29976
1	29976
1	29976
1	29976
1	29976
1	29976
1	29976
1	29976
1	29976
1	29976
1	29976
1	29976
1	29976
1	29985
1	29985
1	29985
1	29985
1	29985
1	29985
1	29985
1	29985
1	29985
1	29985
1	29985
1	29985
1	29985
1	29985
1	29985
1	29994
1	29994
1	29994
1	29994
1	29994
1	29994
1	29994
1	29994
1	29994
1	29994
1	29996
1	29996
1	29996
1	29996
1	30002
1	30002
1	30002
1	30002
1	30002
1	30002
1	30002
1	30004
1	30004
1	30011
1	30013
1	30013
1	30013
1	30013
1	30013
1	30019
1	30022
1	30022
1	30022
1	30022
1	30022
1	30022
1	30022
1	30022
1	30022
1	30022
1	30022
1	30022
1	30028
1	30028
1	30030
1	30030
1	30030
1	30030
1	30030
1	30030
1	30030
1	30030
1	30030
1	30030
1	30030
1	30030
1	30030
1	30030
1	30030
1	30030
1	30030
1	30030
1	30039
1	30039
1	30039
1	30039
1	30039
1	30039
1	30039
1	30039
1	30039
1	30039
1	30039
1	30039
1	30039
1	30039
1	30039
1	30039
1	30039
1	30041
1	30041
1	30047
1	30047
1	30047
1	30047
1	30047
1	30047
1	30047
1	30047
1	30047
1	30047
1	30047
1	30047
1	30049
1	30049
1	30049
1	30049
1	30049
1	30049
1	30056
1	30056
1	30056
1	30056
1	30056
1	30056
1	30056
1	30056
1	30056
1	30056
1	30056
1	30058
1	30058
1	30058
1	30058
1	30058
1	30058
1	30058
1	30058
1	30058
1	30058
1	30058
1	30065
1	30065
1	30065
1	30065
1	30067
1	30067
1	30067
1	30067
1	30067
1	30067
1	30067
1	30073
1	30075
1	30075
1	30075
1	30075
1	30075
1	30075
1	30075
1	30075
1	30075
1	30075
1	30075
1	30075
1	30075
1	30075
1	30084
1	30084
1	30084
1	30084
1	30084
1	30084
1	30084
1	30084
1	30084
1	30084
1	30084
1	30084
1	30084
1	30086
1	30093
1	30093
1	30093
1	30093
1	30093
1	30093
1	30093
1	30093
1	30095
1	30095
1	30101
1	30101
1	30101
1	30101
1	30103
1	30103
1	30103
1	30103
1	30103
1	30103
1	30110
1	30110
1	30110
1	30110
1	30110
1	30110
1	30112
1	30112
1	30112
1	30112
1	30112
1	30112
1	30112
1	30112
1	30119
1	30121
1	30121
1	30121
1	30121
1	30121
1	30121
1	30121
1	30121
1	30121
1	30121
1	30121
1	30121
1	30121
1	30121
1	30129
1	30129
1	30129
1	30129
1	30129
1	30129
1	30129
1	30129
1	30129
1	30129
1	30129
1	30129
1	30129
1	30129
1	30129
1	30131
1	30131
1	30138
1	30138
1	30138
1	30138
1	30138
1	30138
1	30138
1	30140
1	30140
1	30140
1	30140
1	30140
1	30147
1	30147
1	30147
1	30147
1	30147
1	30147
1	30147
1	30147
1	30147
1	30147
1	30147
1	30147
1	30149
1	30149
1	30149
1	30149
1	30149
1	30149
1	30149
1	30149
1	30149
1	30155
1	30155
1	30155
1	30157
1	30157
1	30157
1	30157
1	30157
1	30157
1	30157
1	30164
1	30164
1	30164
1	30164
1	30164
1	30166
1	30166
1	30166
1	30166
1	30166
1	30166
1	30166
1	30166
1	30166
1	30166
1	30166
1	30166
1	30166
1	30166
1	30166
1	30175
1	30175
1	30175
1	30175
1	30175
1	30175
1	30175
1	30175
1	30175
1	30175
1	30175
1	30175
1	30175
1	30175
1	30184
1	30184
1	30184
1	30184
1	30184
1	30184
1	30184
1	30184
1	30184
1	30184
1	30184
1	30186
1	30186
1	30192
1	30192
1	30192
1	30192
1	30192
1	30192
1	30194
1	30194
1	30194
1	30194
1	30194
1	30194
1	30201
1	30201
1	30203
1	30203
1	30203
1	30203
1	30203
1	30203
1	30203
1	30203
1	30203
1	30210
1	30210
1	30212
1	30212
1	30212
1	30212
1	30212
1	30212
1	30212
1	30212
1	30212
1	30212
1	30212
1	30212
1	30212
1	30212
1	30212
1	30212
1	30212
1	30212
1	30221
1	30221
1	30221
1	30221
1	30221
1	30221
1	30221
1	30221
1	30221
1	30221
1	30221
1	30229
1	30229
1	30229
1	30229
1	30229
1	30229
1	30229
1	30229
1	30229
1	30229
1	30229
1	30229
1	30229
1	30229
1	30229
1	30231
1	30231
1	30231
1	30231
1	30238
1	30238
1	30238
1	30238
1	30238
1	30240
1	30240
1	30240
1	30240
1	30240
1	30240
1	30240
1	30247
1	30247
1	30247
1	30247
1	30247
1	30247
1	30247
1	30249
1	30249
1	30249
1	30249
1	30249
1	30249
1	30249
1	30249
1	30249
1	30249
1	30249
1	30249
1	30249
1	30249
1	30255
1	30255
1	30255
1	30255
1	30258
1	30258
1	30258
1	30258
1	30258
1	30258
1	30258
1	30258
1	30258
1	30258
1	30258
1	30258
1	30258
1	30258
1	30266
1	30266
1	30266
1	30266
1	30266
1	30266
1	30266
1	30266
1	30266
1	30266
1	30275
1	30275
1	30275
1	30275
1	30275
1	30275
1	30277
1	30277
1	30284
1	30284
1	30284
1	30284
1	30284
1	30284
1	30284
1	30284
1	30284
1	30284
1	30284
1	30284
1	30286
1	30286
1	30286
1	30286
1	30286
1	30286
1	30286
1	30286
1	30293
1	30293
1	30293
1	30293
1	30295
1	30295
1	30295
1	30295
1	30295
1	30295
1	30301
1	30301
1	30301
1	30301
1	30303
1	30303
1	30303
1	30303
1	30303
1	30303
1	30303
1	30312
1	30312
1	30312
1	30312
1	30312
1	30312
1	30312
1	30312
1	30312
1	30312
1	30312
1	30312
1	30312
1	30312
1	30312
1	30321
1	30321
1	30321
1	30321
1	30321
1	30321
1	30321
1	30321
1	30321
1	30321
1	30321
1	30321
1	30323
1	30330
1	30330
1	30330
1	30330
1	30330
1	30330
1	30330
1	30330
1	30330
1	30330
1	30330
1	30332
1	30332
1	30332
1	30339
1	30339
1	30339
1	30339
1	30339
1	30339
1	30341
1	30341
1	30341
1	30341
1	30341
1	30347
1	30347
1	30350
1	30350
1	30350
1	30350
1	30350
1	30350
1	30350
1	30350
1	30350
1	30350
1	30350
1	30350
1	30356
1	30358
1	30358
1	30358
1	30358
1	30358
1	30358
1	30358
1	30358
1	30358
1	30358
1	30358
1	30358
1	30367
1	30367
1	30367
1	30367
1	30367
1	30367
1	30367
1	30367
1	30367
1	30367
1	30367
1	30367
1	30367
1	30367
1	30367
1	30367
1	30367
1	30367
1	30367
1	30369
1	30369
1	30376
1	30376
1	30376
1	30376
1	30376
1	30376
1	30376
1	30376
1	30376
1	30378
1	30378
1	30378
1	30378
1	30378
1	30378
1	30385
1	30385
1	30385
1	30385
1	30385
1	30385
1	30385
1	30387
1	30387
1	30387
1	30387
1	30387
1	30387
1	30387
1	30387
1	30394
1	30394
1	30394
1	30394
1	30396
1	30396
1	30396
1	30396
1	30396
1	30396
1	30396
1	30396
1	30396
1	30396
1	30402
1	30402
1	30405
1	30405
1	30405
1	30405
1	30405
1	30413
1	30413
1	30413
1	30413
1	30413
1	30413
1	30413
1	30413
1	30413
1	30413
1	30413
1	30413
1	30413
1	30413
1	30413
1	30413
1	30413
1	30413
1	30422
1	30422
1	30422
1	30422
1	30422
1	30422
1	30422
1	30422
1	30424
1	30424
1	30424
1	30431
1	30431
1	30431
1	30431
1	30431
1	30431
1	30431
1	30431
1	30433
1	30433
1	30433
1	30433
1	30433
1	30433
1	30440
1	30440
1	30440
1	30440
1	30440
1	30442
1	30442
1	30442
1	30442
1	30442
1	30442
1	30442
1	30442
1	30442
1	30451
1	30451
1	30451
1	30451
1	30451
1	30451
1	30451
1	30451
1	30451
1	30451
1	30451
1	30451
1	30451
1	30451
1	30451
1	30460
1	30460
1	30460
1	30460
1	30460
1	30460
1	30460
1	30460
1	30460
1	30460
1	30460
1	30460
1	30460
1	30460
1	30460
1	30460
1	30462
1	30469
1	30469
1	30469
1	30469
1	30469
1	30469
1	30469
1	30469
1	30469
1	30471
1	30471
1	30471
1	30471
1	30471
1	30477
1	30477
1	30477
1	30477
1	30480
1	30480
1	30480
1	30480
1	30480
1	30480
1	30480
1	30480
1	30486
1	30486
1	30486
1	30486
1	30486
1	30489
1	30489
1	30489
1	30489
1	30489
1	30489
1	30489
1	30489
1	30489
1	30489
1	30489
1	30495
1	30495
1	30497
1	30497
1	30497
1	30497
1	30497
1	30497
1	30497
1	30497
1	30497
1	30497
1	30497
1	30506
1	30506
1	30506
1	30506
1	30506
1	30506
1	30506
1	30506
1	30506
1	30506
1	30506
1	30506
1	30506
1	30506
1	30506
1	30515
1	30515
1	30515
1	30515
1	30515
1	30515
1	30515
1	30515
1	30515
1	30515
1	30515
1	30515
1	30515
1	30515
1	30517
1	30517
1	30517
1	30517
1	30517
1	30524
1	30524
1	30524
1	30524
1	30524
1	30524
1	30524
1	30524
1	30524
1	30524
1	30524
1	30526
1	30526
1	30526
1	30526
1	30526
1	30526
1	30533
1	30533
1	30533
1	30533
1	30535
1	30535
1	30535
1	30535
1	30535
1	30535
1	30535
1	30535
1	30535
1	30535
1	30535
1	30535
1	30535
1	30542
1	30542
1	30542
1	30544
1	30544
1	30544
1	30544
1	30544
1	30544
1	30544
1	30544
1	30544
1	30544
1	30544
1	30544
1	30544
1	30544
1	30544
1	30544
1	30553
1	30553
1	30553
1	30553
1	30553
1	30553
1	30553
1	30553
1	30553
1	30553
1	30553
1	30553
1	30553
1	30553
1	30553
1	30553
1	30555
1	30562
1	30562
1	30562
1	30562
1	30562
1	30562
1	30562
1	30562
1	30562
1	30562
1	30562
1	30562
1	30564
1	30571
1	30571
1	30571
1	30571
1	30571
1	30571
1	30571
1	30571
1	30571
1	30571
1	30573
1	30573
1	30573
1	30573
1	30573
1	30573
1	30580
1	30580
1	30580
1	30580
1	30582
1	30582
1	30582
1	30582
1	30582
1	30582
1	30582
1	30582
1	30582
1	30582
1	30582
1	30582
1	30582
1	30591
1	30591
1	30591
1	30591
1	30591
1	30591
1	30591
1	30591
1	30591
1	30591
1	30591
1	30591
1	30591
1	30600
1	30600
1	30600
1	30600
1	30600
1	30600
1	30600
1	30609
1	30609
1	30609
1	30609
1	30609
1	30609
1	30609
1	30609
1	30609
1	30611
1	30618
1	30618
1	30618
1	30618
1	30618
1	30618
1	30618
1	30618
1	30618
1	30618
1	30618
1	30618
1	30618
1	30620
1	30620
1	30620
1	30620
1	30620
1	30620
1	30627
1	30627
1	30627
1	30627
1	30627
1	30627
1	30627
1	30627
1	30629
1	30629
1	30629
1	30629
1	30629
1	30629
1	30629
1	30629
1	30635
1	30635
1	30635
1	30635
1	30638
1	30638
1	30638
1	30638
1	30638
1	30638
1	30638
1	30638
1	30647
1	30647
1	30647
1	30647
1	30647
1	30647
1	30647
1	30647
1	30647
1	30647
1	30647
1	30647
1	30647
1	30656
1	30656
1	30656
1	30656
1	30656
1	30656
1	30656
1	30656
1	30656
1	30656
1	30656
1	30656
1	30656
1	30656
1	30656
1	30658
1	30658
1	30665
1	30665
1	30665
1	30665
1	30665
1	30665
1	30667
1	30667
1	30674
1	30674
1	30674
1	30674
1	30674
1	30674
1	30674
1	30674
1	30674
1	30676
1	30676
1	30676
1	30676
1	30676
1	30676
1	30676
1	30676
1	30683
1	30685
1	30685
1	30685
1	30685
1	30685
1	30685
1	30685
1	30685
1	30685
1	30685
1	30685
1	30685
1	30692
1	30692
1	30694
1	30694
1	30694
1	30694
1	30694
1	30694
1	30694
1	30694
1	30694
1	30694
1	30694
1	30694
1	30694
1	30694
1	30694
1	30703
1	30703
1	30703
1	30703
1	30703
1	30703
1	30703
1	30703
1	30703
1	30703
1	30703
1	30703
1	30703
1	30703
1	30703
1	30705
1	30705
1	30712
1	30712
1	30712
1	30712
1	30712
1	30712
1	30712
1	30714
1	30714
1	30714
1	30714
1	30714
1	30714
1	30721
1	30721
1	30721
1	30721
1	30721
1	30721
1	30721
1	30723
1	30723
1	30723
1	30723
1	30723
1	30723
1	30730
1	30732
1	30732
1	30732
1	30732
1	30732
1	30732
1	30732
1	30732
1	30732
1	30732
1	30732
1	30732
1	30739
1	30741
1	30741
1	30741
1	30741
1	30741
1	30741
1	30741
1	30741
1	30741
1	30741
1	30741
1	30741
1	30750
1	30750
1	30750
1	30750
1	30750
1	30750
1	30750
1	30750
1	30750
1	30750
1	30750
1	30750
1	30752
1	30759
1	30759
1	30759
1	30759
1	30759
1	30759
1	30759
1	30759
1	30759
1	30759
1	30761
1	30761
1	30761
1	30761
1	30768
1	30768
1	30768
1	30768
1	30770
1	30770
1	30770
1	30770
1	30770
1	30770
1	30770
1	30770
1	30770
1	30770
1	30770
1	30777
1	30777
1	30777
1	30777
1	30779
1	30779
1	30779
1	30779
1	30779
1	30779
1	30779
1	30779
1	30788
1	30788
1	30788
1	30788
1	30788
1	30788
1	30788
1	30788
1	30788
1	30788
1	30788
1	30788
1	30788
1	30788
1	30788
1	30788
1	30788
1	30797
1	30797
1	30797
1	30797
1	30797
1	30797
1	30797
1	30797
1	30797
1	30797
1	30797
1	30797
1	30806
1	30806
1	30806
1	30806
1	30806
1	30806
1	30806
1	30806
1	30806
1	30809
1	30809
1	30809
1	30809
1	30816
1	30816
1	30816
1	30816
1	30816
1	30816
1	30818
1	30818
1	30818
1	30818
1	30818
1	30818
1	30818
1	30818
1	30818
1	30818
1	30818
1	30825
1	30825
1	30825
1	30827
1	30827
1	30827
1	30827
1	30827
1	30827
1	30827
1	30827
1	30827
1	30827
1	30827
1	30827
1	30827
1	30827
1	30834
1	30834
1	30836
1	30836
1	30836
1	30836
1	30836
1	30836
1	30836
1	30836
1	30836
1	30836
1	30845
1	30845
1	30845
1	30845
1	30845
1	30845
1	30845
1	30845
1	30845
1	30845
1	30845
1	30845
1	30845
1	30845
1	30845
1	30845
1	30847
1	30854
1	30854
1	30854
1	30854
1	30854
1	30854
1	30854
1	30854
1	30854
1	30854
1	30854
1	30854
1	30856
1	30856
1	30856
1	30856
1	30863
1	30863
1	30863
1	30863
1	30863
1	30863
1	30863
1	30865
1	30865
1	30865
1	30865
1	30865
1	30865
1	30865
1	30872
1	30872
1	30872
1	30872
1	30872
1	30875
1	30875
1	30875
1	30875
1	30875
1	30875
1	30875
1	30875
1	30875
1	30875
1	30875
1	30875
1	30875
1	30875
1	30875
1	30881
1	30881
1	30881
1	30881
1	30884
1	30884
1	30884
1	30884
1	30884
1	30884
1	30884
1	30884
1	30884
1	30884
1	30884
1	30884
1	30893
1	30893
1	30893
1	30893
1	30893
1	30893
1	30893
1	30893
1	30893
1	30893
1	30893
1	30893
1	30893
1	30893
1	30893
1	30902
1	30902
1	30902
1	30902
1	30902
1	30902
1	30902
1	30904
1	30904
1	30904
1	30911
1	30911
1	30911
1	30911
1	30911
1	30911
1	30911
1	30911
1	30911
1	30913
1	30913
1	30913
1	30913
1	30913
1	30920
1	30920
1	30920
1	30922
1	30922
1	30922
1	30922
1	30922
1	30922
1	30929
1	30929
1	30931
1	30931
1	30931
1	30931
1	30931
1	30931
1	30931
1	30931
1	30931
1	30931
1	30931
1	30931
1	30931
1	30931
1	30941
1	30941
1	30941
1	30941
1	30941
1	30941
1	30941
1	30941
1	30941
1	30941
1	30941
1	30941
1	30941
1	30950
1	30950
1	30950
1	30950
1	30950
1	30950
1	30950
1	30950
1	30950
1	30950
1	30950
1	30950
1	30950
1	30950
1	30950
1	30950
1	30950
1	30950
1	30952
1	30952
1	30959
1	30959
1	30959
1	30959
1	30959
1	30959
1	30961
1	30961
1	30961
1	30961
1	30961
1	30961
1	30961
1	30961
1	30961
1	30968
1	30968
1	30968
1	30968
1	30968
1	30970
1	30970
1	30970
1	30970
1	30970
1	30970
1	30977
1	30977
1	30979
1	30979
1	30979
1	30979
1	30979
1	30979
1	30979
1	30979
1	30979
1	30979
1	30986
1	30989
1	30989
1	30989
1	30989
1	30989
1	30989
1	30989
1	30989
1	30989
1	30989
1	30989
1	30989
1	30998
1	30998
1	30998
1	30998
1	30998
1	30998
1	30998
1	30998
1	30998
1	30998
1	30998
1	30998
1	30998
1	30998
1	30998
1	30998
1	31000
1	31000
1	31007
1	31007
1	31007
1	31007
1	31007
1	31007
1	31007
1	31007
1	31007
1	31007
1	31007
1	31007
1	31009
1	31009
1	31009
1	31009
1	31009
1	31009
1	31016
1	31016
1	31016
1	31016
1	31016
1	31016
1	31016
1	31016
1	31016
1	31016
1	31016
1	31016
1	31016
1	31016
1	31018
1	31018
1	31018
1	31018
1	31018
1	31018
1	31025
1	31025
1	31025
1	31025
1	31025
1	31025
1	31025
1	31028
1	31028
1	31028
1	31028
1	31028
1	31028
1	31028
1	31028
1	31028
1	31037
1	31037
1	31037
1	31037
1	31037
1	31037
1	31037
1	31037
1	31037
1	31037
1	31037
1	31037
1	31037
1	31037
1	31037
1	31037
1	31037
1	31037
1	31046
1	31046
1	31046
1	31046
1	31046
1	31046
1	31046
1	31046
1	31046
1	31046
1	31046
1	31046
1	31046
1	31046
1	31046
1	31046
1	31046
1	31048
1	31048
1	31048
1	31048
1	31048
1	31048
1	31048
1	31055
1	31055
1	31055
1	31055
1	31055
1	31055
1	31055
1	31055
1	31055
1	31055
1	31055
1	31057
1	31057
1	31057
1	31064
1	31064
1	31064
1	31064
1	31064
1	31064
1	31064
1	31064
1	31067
1	31067
1	31067
1	31067
1	31067
1	31067
1	31067
1	31067
1	31074
1	31074
1	31074
1	31074
1	31074
1	31076
1	31076
1	31076
1	31076
1	31076
1	31076
1	31076
1	31076
1	31076
1	31076
1	31076
1	31076
1	31076
1	31076
1	31085
1	31085
1	31085
1	31085
1	31085
1	31085
1	31094
1	31094
1	31094
1	31094
1	31094
1	31094
1	31094
1	31094
1	31094
1	31094
1	31094
1	31097
1	31097
1	31097
1	31103
1	31103
1	31103
1	31103
1	31103
1	31103
1	31103
1	31103
1	31103
1	31103
1	31106
1	31106
1	31106
1	31106
1	31106
1	31106
1	31106
1	31106
1	31106
1	31106
1	31113
1	31113
1	31113
1	31113
1	31113
1	31113
1	31113
1	31115
1	31115
1	31115
1	31115
1	31115
1	31115
1	31115
1	31115
1	31115
1	31122
1	31122
1	31122
1	31122
1	31122
1	31122
1	31124
1	31124
1	31124
1	31124
1	31124
1	31124
1	31124
1	31124
1	31131
1	31133
1	31133
1	31133
1	31133
1	31133
1	31133
1	31133
1	31133
1	31133
1	31133
1	31143
1	31143
1	31143
1	31143
1	31143
1	31143
1	31143
1	31143
1	31145
1	31145
1	31152
1	31152
1	31152
1	31152
1	31152
1	31152
1	31152
1	31152
1	31152
1	31152
1	31152
1	31152
1	31152
1	31152
1	31154
1	31154
1	31154
1	31154
1	31154
1	31154
1	31161
1	31161
1	31161
1	31161
1	31161
1	31161
1	31161
1	31164
1	31164
1	31164
1	31164
1	31164
1	31164
1	31164
1	31164
1	31164
1	31171
1	31171
1	31171
1	31173
1	31173
1	31173
1	31173
1	31173
1	31173
1	31173
1	31173
1	31173
1	31173
1	31173
1	31173
1	31180
1	31182
1	31182
1	31182
1	31182
1	31182
1	31182
1	31182
1	31191
1	31191
1	31191
1	31191
1	31191
1	31191
1	31191
1	31191
1	31191
1	31191
1	31191
1	31191
1	31191
1	31191
1	31191
1	31194
1	31194
1	31194
1	31201
1	31201
1	31201
1	31201
1	31201
1	31201
1	31201
1	31201
1	31201
1	31201
1	31201
1	31201
1	31203
1	31203
1	31203
1	31210
1	31210
1	31210
1	31212
1	31212
1	31212
1	31219
1	31219
1	31219
1	31219
1	31219
1	31219
1	31222
1	31222
1	31222
1	31222
1	31229
1	31229
1	31229
1	31231
1	31231
1	31231
1	31231
1	31231
1	31231
1	31231
1	31231
1	31231
1	31231
1	31231
1	31231
1	31231
1	31231
1	31240
1	31240
1	31240
1	31240
1	31240
1	31240
1	31240
1	31240
1	31240
1	31240
1	31240
1	31240
1	31240
1	31249
1	31249
1	31249
1	31249
1	31249
1	31249
1	31249
1	31249
1	31249
1	31249
1	31252
1	31252
1	31259
1	31259
1	31259
1	31259
1	31259
1	31261
1	31261
1	31261
1	31261
1	31261
1	31268
1	31268
1	31268
1	31268
1	31268
1	31268
1	31270
1	31270
1	31270
1	31270
1	31270
1	31270
1	31270
1	31270
1	31277
1	31280
1	31280
1	31280
1	31280
1	31280
1	31280
1	31280
1	31280
1	31280
1	31280
1	31289
1	31289
1	31289
1	31289
1	31289
1	31289
1	31289
1	31289
1	31289
1	31289
1	31289
1	31289
1	31298
1	31298
1	31298
1	31298
1	31298
1	31298
1	31298
1	31298
1	31301
1	31301
1	31301
1	31301
1	31301
1	31308
1	31308
1	31308
1	31308
1	31308
1	31308
1	31308
1	31308
1	31310
1	31310
1	31310
1	31310
1	31317
1	31317
1	31317
1	31317
1	31317
1	31317
1	31317
1	31319
1	31319
1	31319
1	31319
1	31319
1	31319
1	31319
1	31319
1	31319
1	31319
1	31319
1	31326
1	31329
1	31329
1	31329
1	31329
1	31329
1	31329
1	31329
1	31329
1	31329
1	31329
1	31329
1	31329
1	31329
1	31338
1	31338
1	31338
1	31338
1	31338
1	31338
1	31338
1	31338
1	31338
1	31338
1	31338
1	31338
1	31338
1	31338
1	31338
1	31348
1	31348
1	31348
1	31348
1	31348
1	31348
1	31348
1	31348
1	31348
1	31348
1	31348
1	31348
1	31348
1	31348
1	31348
1	31348
1	31348
1	31348
1	31348
1	31348
1	31350
1	31350
1	31357
1	31357
1	31357
1	31357
1	31357
1	31357
1	31357
1	31357
1	31357
1	31357
1	31359
1	31359
1	31359
1	31359
1	31359
1	31359
1	31359
1	31366
1	31366
1	31366
1	31366
1	31366
1	31366
1	31369
1	31369
1	31369
1	31369
1	31369
1	31369
1	31369
1	31376
1	31376
1	31376
1	31376
1	31378
1	31378
1	31378
1	31378
1	31378
1	31378
1	31378
1	31378
1	31378
1	31378
1	31378
1	31378
1	31378
1	31378
1	31378
1	31378
1	31378
1	31385
1	31385
1	31387
1	31387
1	31387
1	31387
1	31387
1	31387
1	31387
1	31387
1	31387
1	31387
1	31397
1	31397
1	31397
1	31397
1	31397
1	31397
1	31397
1	31397
1	31397
1	31397
1	31399
1	31406
1	31406
1	31406
1	31406
1	31406
1	31406
1	31406
1	31406
1	31406
1	31406
1	31406
1	31406
1	31409
1	31409
1	31416
1	31416
1	31416
1	31416
1	31416
1	31416
1	31416
1	31416
1	31416
1	31416
1	31416
1	31416
1	31416
1	31416
1	31416
1	31418
1	31418
1	31418
1	31418
1	31418
1	31418
1	31418
1	31418
1	31418
1	31418
1	31418
1	31418
1	31418
1	31418
1	31418
1	31418
1	31425
1	31427
1	31427
1	31427
1	31427
1	31427
1	31427
1	31427
1	31427
1	31437
1	31437
1	31437
1	31437
1	31437
1	31437
1	31437
1	31437
1	31437
1	31437
1	31437
1	31437
1	31437
1	31437
1	31437
1	31437
1	31446
1	31446
1	31446
1	31446
1	31446
1	31446
1	31446
1	31446
1	31446
1	31446
1	31446
1	31446
1	31446
1	31446
1	31446
1	31446
1	31446
1	31446
1	31446
1	31446
1	31446
1	31446
1	31446
1	31449
1	31456
1	31456
1	31456
1	31456
1	31456
1	31456
1	31456
1	31456
1	31456
1	31456
1	31456
1	31456
1	31456
1	31456
1	31456
1	31456
1	31458
1	31458
1	31465
1	31465
1	31465
1	31465
1	31465
1	31468
1	31468
1	31468
1	31468
1	31468
1	31468
1	31468
1	31468
1	31475
1	31475
1	31475
1	31475
1	31475
1	31477
1	31477
1	31477
1	31477
1	31477
1	31477
1	31484
1	31484
1	31484
1	31486
1	31486
1	31486
1	31486
1	31486
1	31486
1	31486
1	31486
1	31486
1	31496
1	31496
1	31496
1	31496
1	31496
1	31496
1	31496
1	31496
1	31496
1	31496
1	31496
1	31498
1	31505
1	31505
1	31505
1	31505
1	31505
1	31505
1	31505
1	31505
1	31505
1	31505
1	31505
1	31505
1	31508
1	31508
1	31508
1	31515
1	31515
1	31515
1	31515
1	31515
1	31515
1	31515
1	31515
1	31515
1	31515
1	31517
1	31517
1	31517
1	31517
1	31517
1	31517
1	31524
1	31524
1	31524
1	31527
1	31527
1	31527
1	31527
1	31527
1	31527
1	31527
1	31527
1	31527
1	31527
1	31534
1	31534
1	31534
1	31536
1	31536
1	31536
1	31536
1	31536
1	31536
1	31536
1	31536
1	31536
1	31546
1	31546
1	31546
1	31546
1	31546
1	31546
1	31546
1	31546
1	31546
1	31546
1	31546
1	31548
1	31555
1	31555
1	31555
1	31555
1	31555
1	31555
1	31555
1	31557
1	31557
1	31557
1	31557
1	31557
1	31565
1	31565
1	31565
1	31565
1	31565
1	31565
1	31565
1	31565
1	31565
1	31565
1	31565
1	31565
1	31565
1	31565
1	31567
1	31567
1	31567
1	31567
1	31567
1	31574
1	31574
1	31574
1	31574
1	31574
1	31574
1	31574
1	31574
1	31574
1	31574
1	31574
1	31574
1	31574
1	31574
1	31576
1	31576
1	31576
1	31576
1	31576
1	31576
1	31576
1	31576
1	31576
1	31576
1	31576
1	31576
1	31584
1	31586
1	31586
1	31586
1	31586
1	31586
1	31586
1	31586
1	31586
1	31586
1	31586
1	31586
1	31586
1	31586
1	31586
1	31586
1	31596
1	31596
1	31596
1	31596
1	31596
1	31596
1	31596
1	31596
1	31605
1	31605
1	31605
1	31605
1	31605
1	31605
1	31605
1	31605
1	31605
1	31605
1	31605
1	31607
1	31607
1	31607
1	31607
1	31615
1	31615
1	31615
1	31615
1	31615
1	31615
1	31615
1	31615
1	31615
1	31615
1	31615
1	31617
1	31617
1	31617
1	31617
1	31617
1	31617
1	31617
1	31617
1	31617
1	31617
1	31624
1	31624
1	31624
1	31624
1	31624
1	31624
1	31626
1	31626
1	31626
1	31626
1	31626
1	31626
1	31626
1	31634
1	31634
1	31636
1	31636
1	31636
1	31636
1	31636
1	31636
1	31636
1	31636
1	31636
1	31636
1	31636
1	31646
1	31646
1	31646
1	31646
1	31646
1	31646
1	31646
1	31646
1	31646
1	31646
1	31646
1	31646
1	31646
1	31646
1	31646
1	31646
1	31646
1	31655
1	31655
1	31655
1	31655
1	31655
1	31655
1	31655
1	31655
1	31655
1	31655
1	31655
1	31655
1	31658
1	31658
1	31665
1	31665
1	31665
1	31665
1	31665
1	31665
1	31665
1	31665
1	31665
1	31665
1	31667
1	31667
1	31667
1	31667
1	31667
1	31674
1	31674
1	31674
1	31674
1	31674
1	31674
1	31674
1	31674
1	31677
1	31677
1	31677
1	31677
1	31677
1	31677
1	31684
1	31686
1	31686
1	31686
1	31686
1	31686
1	31686
1	31686
1	31686
1	31686
1	31686
1	31686
1	31696
1	31696
1	31696
1	31696
1	31696
1	31696
1	31696
1	31696
1	31696
1	31696
1	31696
1	31696
1	31696
1	31696
1	31696
1	31696
1	31696
1	31696
1	31696
1	31705
1	31705
1	31705
1	31705
1	31705
1	31705
1	31705
1	31705
1	31705
1	31705
1	31705
1	31705
1	31715
1	31715
1	31715
1	31715
1	31715
1	31715
1	31715
1	31715
1	31717
1	31717
1	31717
1	31717
1	31717
1	31717
1	31725
1	31725
1	31725
1	31725
1	31725
1	31725
1	31727
1	31727
1	31727
1	31727
1	31734
1	31734
1	31734
1	31737
1	31737
1	31737
1	31737
1	31737
1	31737
1	31737
1	31737
1	31737
1	31737
1	31737
1	31737
1	31737
1	31737
1	31746
1	31746
1	31746
1	31746
1	31746
1	31746
1	31746
1	31746
1	31746
1	31746
1	31746
1	31756
1	31756
1	31756
1	31756
1	31756
1	31756
1	31756
1	31756
1	31756
1	31756
1	31756
1	31756
1	31756
1	31756
1	31758
1	31758
1	31758
1	31765
1	31765
1	31765
1	31765
1	31765
1	31765
1	31765
1	31765
1	31765
1	31765
1	31765
1	31765
1	31765
1	31768
1	31768
1	31768
1	31768
1	31768
1	31768
1	31775
1	31775
1	31775
1	31775
1	31775
1	31775
1	31777
1	31777
1	31777
1	31777
1	31777
1	31777
1	31777
1	31785
1	31785
1	31785
1	31785
1	31785
1	31787
1	31787
1	31787
1	31787
1	31787
1	31797
1	31797
1	31797
1	31797
1	31797
1	31797
1	31797
1	31797
1	31797
1	31797
1	31797
1	31797
1	31806
1	31806
1	31806
1	31806
1	31806
1	31806
1	31806
1	31806
1	31806
1	31806
1	31806
1	31806
1	31809
1	31816
1	31816
1	31816
1	31816
1	31816
1	31816
1	31816
1	31816
1	31816
1	31816
1	31816
1	31816
1	31816
1	31816
1	31818
1	31818
1	31818
1	31818
1	31818
1	31818
1	31826
1	31826
1	31826
1	31826
1	31826
1	31826
1	31826
1	31826
1	31826
1	31826
1	31826
1	31826
1	31828
1	31828
1	31828
1	31828
1	31828
1	31828
1	31828
1	31828
1	31828
1	31828
1	31835
1	31835
1	31835
1	31835
1	31835
1	31835
1	31835
1	31838
1	31838
1	31838
1	31838
1	31838
1	31838
1	31838
1	31838
1	31838
1	31845
1	31845
1	31845
1	31847
1	31847
1	31847
1	31847
1	31847
1	31847
1	31847
1	31847
1	31847
1	31847
1	31857
1	31857
1	31857
1	31857
1	31857
1	31857
1	31857
1	31857
1	31857
1	31857
1	31857
1	31857
1	31857
1	31857
1	31857
1	31857
1	31857
1	31857
1	31867
1	31867
1	31867
1	31867
1	31867
1	31867
1	31867
1	31867
1	31869
1	31869
1	31869
1	31869
1	31876
1	31876
1	31876
1	31876
1	31876
1	31876
1	31876
1	31876
1	31876
1	31876
1	31876
1	31876
1	31879
1	31879
1	31879
1	31879
1	31879
1	31879
1	31879
1	31879
1	31879
1	31886
1	31886
1	31886
1	31886
1	31886
1	31886
1	31889
1	31889
1	31889
1	31889
1	31889
1	31889
1	31889
1	31889
1	31889
1	31889
1	31889
1	31889
1	31896
1	31896
1	31898
1	31898
1	31898
1	31898
1	31898
1	31898
1	31898
1	31898
1	31898
1	31898
1	31898
1	31898
1	31898
1	31898
1	31898
1	31898
1	31898
1	31908
1	31908
1	31908
1	31908
1	31908
1	31908
1	31908
1	31908
1	31908
1	31908
1	31908
1	31908
1	31908
1	31908
1	31908
1	31908
1	31908
1	31918
1	31918
1	31918
1	31918
1	31918
1	31918
1	31918
1	31918
1	31918
1	31918
1	31918
1	31918
1	31918
1	31918
1	31918
1	31918
1	31920
1	31920
1	31920
1	31920
1	31920
1	31920
1	31920
1	31920
1	31927
1	31927
1	31927
1	31927
1	31927
1	31927
1	31927
1	31927
1	31927
1	31927
1	31930
1	31930
1	31930
1	31930
1	31930
1	31937
1	31937
1	31937
1	31940
1	31940
1	31940
1	31940
1	31940
1	31940
1	31940
1	31940
1	31940
1	31940
1	31940
1	31940
1	31940
1	31940
1	31947
1	31947
1	31949
1	31949
1	31949
1	31949
1	31949
1	31949
1	31949
1	31949
1	31949
1	31949
1	31949
1	31949
1	31949
1	31959
1	31959
1	31959
1	31959
1	31959
1	31959
1	31959
1	31959
1	31959
1	31959
1	31959
1	31959
1	31959
1	31959
1	31959
1	31969
1	31969
1	31969
1	31969
1	31969
1	31969
1	31969
1	31969
1	31969
1	31969
1	31969
1	31969
1	31969
1	31969
1	31969
1	31971
1	31971
1	31979
1	31979
1	31979
1	31979
1	31979
1	31979
1	31979
1	31979
1	31979
1	31979
1	31979
1	31981
1	31981
1	31981
1	31981
1	31981
1	31981
1	31981
1	31981
1	31988
1	31988
1	31988
1	31988
1	31988
1	31988
1	31991
1	31991
1	31991
1	31991
1	31991
1	31991
1	31991
1	31991
1	31991
1	31991
1	31991
1	31991
1	31998
1	31998
1	31998
1	31998
1	31998
1	32000
1	32000
1	32000
1	32000
1	32000
1	32000
1	32000
1	32000
1	32000
1	32010
1	32010
1	32010
1	32010
1	32010
1	32010
1	32010
1	32010
1	32010
1	32010
1	32010
1	32010
1	32010
1	32010
1	32010
1	32010
1	32020
1	32020
1	32020
1	32020
1	32020
1	32020
1	32020
1	32020
1	32020
1	32020
1	32020
1	32020
1	32020
1	32022
1	32030
1	32030
1	32030
1	32030
1	32030
1	32030
1	32030
1	32030
1	32030
1	32030
1	32030
1	32030
1	32030
1	32030
1	32032
1	32032
1	32032
1	32032
1	32040
1	32040
1	32040
1	32040
1	32040
1	32040
1	32040
1	32040
1	32042
1	32042
1	32042
1	32042
1	32042
1	32042
1	32042
1	32042
1	32042
1	32042
1	32042
1	32042
1	32042
1	32042
1	32049
1	32049
1	32049
1	32049
1	32049
1	32049
1	32052
1	32052
1	32052
1	32052
1	32052
1	32052
1	32052
1	32062
1	32062
1	32062
1	32062
1	32062
1	32062
1	32062
1	32062
1	32062
1	32062
1	32062
1	32062
1	32062
1	32062
1	32062
1	32062
1	32062
1	32062
1	32062
1	32062
1	32062
1	32062
1	32062
1	32071
1	32071
1	32071
1	32071
1	32071
1	32071
1	32071
1	32071
1	32071
1	32071
1	32071
1	32071
1	32071
1	32071
1	32071
1	32071
1	32071
1	32071
1	32071
1	32071
1	32074
1	32074
1	32081
1	32081
1	32081
1	32081
1	32081
1	32081
1	32081
1	32081
1	32081
1	32081
1	32081
1	32081
1	32084
1	32084
1	32084
1	32084
1	32084
1	32084
1	32084
1	32091
1	32091
1	32091
1	32091
1	32091
1	32091
1	32094
1	32094
1	32094
1	32094
1	32094
1	32094
1	32094
1	32094
1	32094
1	32094
1	32094
1	32101
1	32101
1	32101
1	32101
1	32103
1	32103
1	32103
1	32103
1	32103
1	32103
1	32103
1	32103
1	32103
1	32103
1	32113
1	32113
1	32113
1	32113
1	32113
1	32113
1	32113
1	32113
1	32113
1	32123
1	32123
1	32123
1	32123
1	32123
1	32123
1	32123
1	32123
1	32123
1	32123
1	32123
1	32123
1	32125
1	32125
1	32125
1	32133
1	32133
1	32133
1	32133
1	32133
1	32133
1	32133
1	32133
1	32135
1	32135
1	32135
1	32135
1	32135
1	32135
1	32135
1	32143
1	32143
1	32143
1	32143
1	32143
1	32143
1	32143
1	32143
1	32143
1	32143
1	32145
1	32145
1	32145
1	32145
1	32145
1	32145
1	32145
1	32145
1	32145
1	32153
1	32153
1	32153
1	32153
1	32155
1	32155
1	32155
1	32155
1	32155
1	32155
1	32155
1	32155
1	32155
1	32155
1	32155
1	32162
1	32165
1	32165
1	32165
1	32165
1	32165
1	32165
1	32165
1	32165
1	32165
1	32165
1	32165
1	32165
1	32165
1	32175
1	32175
1	32175
1	32175
1	32175
1	32175
1	32175
1	32175
1	32175
1	32175
1	32175
1	32175
1	32175
1	32175
1	32177
1	32177
1	32185
1	32185
1	32185
1	32185
1	32185
1	32185
1	32185
1	32185
1	32185
1	32185
1	32185
1	32187
1	32187
1	32187
1	32187
1	32187
1	32195
1	32195
1	32195
1	32195
1	32195
1	32195
1	32195
1	32195
1	32195
1	32197
1	32197
1	32197
1	32197
1	32197
1	32197
1	32197
1	32197
1	32197
1	32197
1	32204
1	32204
1	32204
1	32204
1	32204
1	32207
1	32207
1	32207
1	32207
1	32207
1	32207
1	32207
1	32207
1	32207
1	32214
1	32214
1	32214
1	32214
1	32214
1	32217
1	32217
1	32217
1	32217
1	32217
1	32217
1	32217
1	32217
1	32217
1	32217
1	32217
1	32217
1	32217
1	32217
1	32217
1	32227
1	32227
1	32227
1	32227
1	32227
1	32227
1	32227
1	32227
1	32227
1	32227
1	32227
1	32227
1	32227
1	32227
1	32227
1	32227
1	32227
1	32227
1	32227
1	32227
1	32227
1	32227
1	32237
1	32237
1	32237
1	32237
1	32237
1	32237
1	32237
1	32237
1	32237
1	32237
1	32239
1	32239
1	32239
1	32239
1	32239
1	32239
1	32239
1	32239
1	32247
1	32247
1	32247
1	32247
1	32247
1	32249
1	32249
1	32249
1	32249
1	32249
1	32249
1	32249
1	32249
1	32256
1	32256
1	32256
1	32256
1	32256
1	32256
1	32256
1	32256
1	32256
1	32256
1	32256
1	32259
1	32259
1	32259
1	32259
1	32259
1	32259
1	32259
1	32259
1	32259
1	32259
1	32259
1	32259
1	32259
1	32259
1	32259
1	32259
1	32266
1	32269
1	32269
1	32269
1	32269
1	32269
1	32269
1	32269
1	32269
1	32279
1	32279
1	32279
1	32279
1	32279
1	32279
1	32279
1	32279
1	32279
1	32279
1	32279
1	32289
1	32289
1	32289
1	32289
1	32289
1	32289
1	32289
1	32289
1	32289
1	32289
1	32289
1	32289
1	32289
1	32291
1	32291
1	32291
1	32299
1	32299
1	32299
1	32299
1	32299
1	32299
1	32299
1	32299
1	32301
1	32301
1	32301
1	32301
1	32301
1	32301
1	32301
1	32309
1	32309
1	32309
1	32309
1	32309
1	32311
1	32311
1	32311
1	32311
1	32311
1	32311
1	32311
1	32319
1	32319
1	32319
1	32319
1	32321
1	32321
1	32321
1	32321
1	32321
1	32321
1	32321
1	32321
1	32321
1	32321
1	32331
1	32331
1	32331
1	32331
1	32331
1	32331
1	32331
1	32331
1	32331
1	32331
1	32331
1	32341
1	32341
1	32341
1	32341
1	32341
1	32341
1	32341
1	32341
1	32341
1	32341
1	32341
1	32341
1	32341
1	32341
1	32341
1	32341
1	32341
1	32343
1	32351
1	32351
1	32351
1	32351
1	32351
1	32351
1	32351
1	32353
1	32353
1	32353
1	32353
1	32353
1	32353
1	32353
1	32353
1	32353
1	32353
1	32353
1	32353
1	32353
1	32361
1	32361
1	32361
1	32361
1	32363
1	32363
1	32363
1	32363
1	32363
1	32363
1	32363
1	32363
1	32371
1	32371
1	32373
1	32373
1	32373
1	32373
1	32373
1	32373
1	32373
1	32373
1	32373
1	32373
1	32383
1	32383
1	32383
1	32383
1	32383
1	32383
1	32383
1	32383
1	32383
1	32383
1	32383
1	32383
1	32383
1	32383
1	32383
1	32383
1	32383
1	32383
1	32383
1	32393
1	32393
1	32393
1	32393
1	32393
1	32393
1	32393
1	32393
1	32393
1	32393
1	32393
1	32393
1	32393
1	32393
1	32393
1	32393
1	32393
1	32393
1	32393
1	32396
1	32396
1	32396
1	32396
1	32396
1	32396
1	32396
1	32396
1	32403
1	32403
1	32403
1	32403
1	32403
1	32403
1	32403
1	32403
1	32403
1	32403
1	32403
1	32403
1	32403
1	32403
1	32403
1	32403
1	32403
1	32403
1	32403
1	32403
1	32403
1	32406
1	32406
1	32406
1	32413
1	32413
1	32413
1	32413
1	32416
1	32416
1	32416
1	32416
1	32416
1	32416
1	32416
1	32424
1	32426
1	32426
1	32426
1	32426
1	32426
1	32426
1	32426
1	32426
1	32426
1	32426
1	32426
1	32436
1	32436
1	32436
1	32436
1	32436
1	32436
1	32436
1	32436
1	32436
1	32436
1	32436
1	32446
1	32446
1	32446
1	32446
1	32446
1	32446
1	32446
1	32446
1	32446
1	32446
1	32446
1	32446
1	32456
1	32456
1	32456
1	32456
1	32456
1	32456
1	32456
1	32456
1	32459
1	32459
1	32459
1	32459
1	32459
1	32459
1	32459
1	32466
1	32466
1	32466
1	32466
1	32466
1	32466
1	32466
1	32469
1	32469
1	32469
1	32469
1	32469
1	32469
1	32469
1	32469
1	32469
1	32469
1	32469
1	32469
1	32469
1	32469
1	32476
1	32476
1	32476
1	32476
1	32476
1	32479
1	32479
1	32479
1	32479
1	32479
1	32479
1	32479
1	32479
1	32479
1	32479
1	32489
1	32489
1	32489
1	32489
1	32489
1	32489
1	32489
1	32489
1	32489
1	32489
1	32489
1	32489
1	32489
1	32489
1	32489
1	32489
1	32489
1	32489
1	32489
1	32499
1	32499
1	32499
1	32499
1	32499
1	32499
1	32499
1	32499
1	32499
1	32509
1	32509
1	32509
1	32509
1	32509
1	32509
1	32509
1	32509
1	32511
1	32511
1	32511
1	32511
1	32519
1	32519
1	32519
1	32519
1	32519
1	32519
1	32519
1	32519
1	32519
1	32519
1	32522
1	32522
1	32522
1	32522
1	32522
1	32522
1	32522
1	32522
1	32522
1	32522
1	32529
1	32529
1	32529
1	32529
1	32529
1	32532
1	32532
1	32532
1	32532
1	32532
1	32532
1	32532
1	32532
1	32532
1	32532
1	32532
1	32532
1	32532
1	32539
1	32539
1	32542
1	32542
1	32542
1	32542
1	32542
1	32542
1	32542
1	32542
1	32542
1	32542
1	32542
1	32542
1	32552
1	32552
1	32552
1	32552
1	32552
1	32552
1	32552
1	32552
1	32552
1	32552
1	32552
1	32552
1	32552
1	32562
1	32562
1	32562
1	32562
1	32562
1	32562
1	32562
1	32562
1	32562
1	32562
1	32562
1	32562
1	32562
1	32562
1	32562
1	32562
1	32564
1	32564
1	32564
1	32564
1	32572
1	32572
1	32572
1	32572
1	32572
1	32572
1	32572
1	32572
1	32572
1	32572
1	32575
1	32575
1	32575
1	32575
1	32575
1	32575
1	32575
1	32575
1	32575
1	32582
1	32582
1	32582
1	32582
1	32582
1	32585
1	32585
1	32585
1	32585
1	32585
1	32585
1	32585
1	32585
1	32585
1	32585
1	32585
1	32585
1	32585
1	32592
1	32595
1	32595
1	32595
1	32595
1	32595
1	32595
1	32595
1	32595
1	32595
1	32595
1	32595
1	32595
1	32595
1	32595
1	32595
1	32595
1	32595
1	32595
1	32595
1	32595
1	32605
1	32605
1	32605
1	32605
1	32605
1	32605
1	32605
1	32605
1	32605
1	32605
1	32605
1	32605
1	32605
1	32605
1	32605
1	32605
1	32605
1	32605
1	32608
1	32615
1	32615
1	32615
1	32615
1	32615
1	32615
1	32615
1	32615
1	32615
1	32615
1	32615
1	32615
1	32615
1	32615
1	32615
1	32615
1	32615
1	32615
1	32618
1	32618
1	32618
1	32618
1	32618
1	32618
1	32625
1	32625
1	32625
1	32625
1	32625
1	32625
1	32625
1	32625
1	32628
1	32628
1	32628
1	32628
1	32628
1	32628
1	32628
1	32628
1	32628
1	32628
1	32628
1	32635
1	32635
1	32635
1	32635
1	32635
1	32638
1	32638
1	32638
1	32638
1	32638
1	32638
1	32638
1	32638
1	32638
1	32638
1	32638
1	32646
1	32646
1	32646
1	32648
1	32648
1	32648
1	32648
1	32648
1	32648
1	32648
1	32648
1	32648
1	32648
1	32648
1	32648
1	32658
1	32658
1	32658
1	32658
1	32658
1	32658
1	32658
1	32658
1	32658
1	32658
1	32658
1	32658
1	32658
1	32668
1	32668
1	32668
1	32668
1	32668
1	32668
1	32668
1	32668
1	32668
1	32668
1	32668
1	32668
1	32668
1	32668
1	32668
1	32668
1	32668
1	32668
1	32668
1	32668
1	32671
1	32671
1	32671
1	32671
1	32671
1	32671
1	32679
1	32679
1	32679
1	32679
1	32679
1	32679
1	32679
1	32679
1	32681
1	32681
1	32681
1	32681
1	32681
1	32681
1	32681
1	32681
1	32689
1	32689
1	32689
1	32691
1	32691
1	32691
1	32691
1	32691
1	32691
1	32691
1	32691
1	32691
1	32699
1	32699
1	32699
1	32699
1	32702
1	32702
1	32702
1	32702
1	32702
1	32702
1	32702
1	32702
1	32702
1	32702
1	32702
1	32712
1	32712
1	32712
1	32712
1	32712
1	32712
1	32712
1	32712
1	32712
1	32722
1	32722
1	32722
1	32722
1	32722
1	32722
1	32722
1	32722
1	32722
1	32722
1	32722
1	32722
1	32722
1	32725
1	32732
1	32732
1	32732
1	32732
1	32732
1	32732
1	32732
1	32732
1	32735
1	32735
1	32735
1	32735
1	32742
1	32742
1	32742
1	32742
1	32742
1	32742
1	32742
1	32742
1	32745
1	32745
1	32745
1	32745
1	32745
1	32745
1	32745
1	32745
1	32745
1	32745
1	32745
1	32745
1	32745
1	32751
1	32753
1	32753
1	32753
1	32755
1	32755
1	32755
1	32755
1	32755
1	32755
1	32755
1	32755
1	32755
1	32755
1	32755
1	32755
1	32765
1	32765
1	32765
1	32765
1	32765
1	32765
1	32765
1	32765
1	32765
1	32765
1	32765
1	32765
1	32765
1	32765
1	32765
1	32765
1	32765
1	32776
1	32776
1	32776
1	32776
1	32776
1	32776
1	32776
1	32776
1	32776
1	32776
1	32776
1	32776
1	32776
1	32776
1	32776
1	32778
1	32786
1	32786
1	32786
1	32786
1	32786
1	32786
1	32786
1	32786
1	32786
1	32786
1	32788
1	32788
1	32788
1	32788
1	32788
1	32788
1	32796
1	32796
1	32796
1	32796
1	32796
1	32796
1	32796
1	32796
1	32799
1	32799
1	32799
1	32799
1	32799
1	32799
1	32799
1	32799
1	32799
1	32799
1	32799
1	32806
1	32806
1	32806
1	32806
1	32806
1	32806
1	32809
1	32809
1	32809
1	32809
1	32809
1	32809
1	32809
1	32809
1	32809
1	32809
1	32809
1	32809
1	32809
1	32809
1	32819
1	32819
1	32819
1	32819
1	32819
1	32819
1	32819
1	32819
1	32819
1	32819
1	32819
1	32819
1	32819
1	32819
1	32819
1	32819
1	32819
1	32819
1	32819
1	32819
1	32830
1	32830
1	32830
1	32830
1	32830
1	32830
1	32830
1	32830
1	32830
1	32830
1	32830
1	32830
1	32830
1	32830
1	32830
1	32830
1	32830
1	32830
1	32830
1	32832
1	32832
1	32832
1	32840
1	32840
1	32840
1	32840
1	32840
1	32840
1	32840
1	32840
1	32840
1	32840
1	32840
1	32840
1	32840
1	32840
1	32842
1	32842
1	32842
1	32850
1	32850
1	32850
1	32850
1	32850
1	32850
1	32850
1	32850
1	32850
1	32853
1	32853
1	32853
1	32853
1	32853
1	32853
1	32853
1	32853
1	32853
1	32853
1	32853
1	32860
1	32860
1	32863
1	32863
1	32863
1	32863
1	32863
1	32863
1	32863
1	32863
1	32863
1	32863
1	32863
1	32873
1	32873
1	32873
1	32873
1	32873
1	32873
1	32873
1	32873
1	32873
1	32873
1	32873
1	32873
1	32873
1	32873
1	32884
1	32884
1	32884
1	32884
1	32884
1	32884
1	32884
1	32884
1	32884
1	32884
1	32884
1	32884
1	32884
1	32884
1	32886
1	32886
1	32886
1	32894
1	32894
1	32894
1	32894
1	32894
1	32894
1	32894
1	32894
1	32894
1	32897
1	32897
1	32897
1	32897
1	32897
1	32897
1	32897
1	32897
1	32897
1	32904
1	32904
1	32904
1	32904
1	32904
1	32904
1	32904
1	32904
1	32904
1	32904
1	32904
1	32904
1	32904
1	32904
1	32907
1	32907
1	32907
1	32907
1	32907
1	32915
1	32915
1	32915
1	32915
1	32917
1	32917
1	32917
1	32917
1	32917
1	32917
1	32917
1	32917
1	32927
1	32927
1	32927
1	32927
1	32927
1	32927
1	32927
1	32927
1	32927
1	32927
1	32927
1	32927
1	32927
1	32927
1	32927
1	32938
1	32938
1	32938
1	32938
1	32938
1	32938
1	32938
1	32938
1	32938
1	32938
1	32938
1	32938
1	32940
1	32948
1	32948
1	32948
1	32948
1	32948
1	32948
1	32948
1	32948
1	32948
1	32948
1	32948
1	32948
1	32948
1	32948
1	32948
1	32951
1	32951
1	32951
1	32951
1	32951
1	32951
1	32959
1	32959
1	32959
1	32959
1	32959
1	32959
1	32959
1	32961
1	32961
1	32961
1	32961
1	32961
1	32961
1	32961
1	32969
1	32969
1	32969
1	32969
1	32969
1	32969
1	32971
1	32971
1	32971
1	32971
1	32971
1	32971
1	32971
1	32971
1	32971
1	32971
1	32971
1	32971
1	32971
1	32971
1	32971
1	32971
1	32971
1	32971
1	32971
1	32979
1	32979
1	32982
1	32982
1	32982
1	32982
1	32982
1	32982
1	32982
1	32982
1	32982
1	32982
1	32982
1	32982
1	32982
1	32982
1	32982
1	32992
1	32992
1	32992
1	32992
1	32992
1	32992
1	32992
1	32992
1	32992
1	32992
1	32992
1	32992
1	32992
1	32992
1	32992
1	32992
1	32995
1	33003
1	33003
1	33003
1	33003
1	33003
1	33003
1	33003
1	33005
1	33005
1	33013
1	33013
1	33013
1	33016
1	33016
1	33016
1	33016
1	33016
1	33016
1	33016
1	33023
1	33023
1	33023
1	33023
1	33023
1	33023
1	33023
1	33023
1	33023
1	33026
1	33026
1	33026
1	33026
1	33026
1	33026
1	33026
1	33026
1	33026
1	33026
1	33026
1	33026
1	33026
1	33026
1	33026
1	33026
1	33026
1	33026
1	33026
1	33034
1	33034
1	33036
1	33036
1	33036
1	33036
1	33036
1	33036
1	33036
1	33036
1	33036
1	33036
1	33036
1	33036
1	33036
1	33036
1	33036
1	33036
1	33036
1	33036
1	33036
1	33036
1	33036
1	33047
1	33047
1	33047
1	33047
1	33047
1	33047
1	33047
1	33047
1	33047
1	33047
1	33047
1	33047
1	33047
1	33047
1	33047
1	33047
1	33049
1	33057
1	33057
1	33057
1	33057
1	33057
1	33057
1	33057
1	33057
1	33057
1	33057
1	33057
1	33057
1	33060
1	33060
1	33060
1	33060
1	33068
1	33068
1	33068
1	33068
1	33068
1	33068
1	33068
1	33068
1	33068
1	33068
1	33068
1	33070
1	33070
1	33070
1	33070
1	33070
1	33070
1	33078
1	33078
1	33078
1	33078
1	33078
1	33078
1	33078
1	33081
1	33081
1	33081
1	33081
1	33081
1	33081
1	33081
1	33081
1	33081
1	33081
1	33081
1	33081
1	33081
1	33081
1	33081
1	33081
1	33089
1	33089
1	33091
1	33091
1	33091
1	33091
1	33091
1	33091
1	33091
1	33102
1	33102
1	33102
1	33102
1	33102
1	33102
1	33102
1	33102
1	33102
1	33102
1	33102
1	33102
1	33102
1	33102
1	33102
1	33102
1	33102
1	33102
1	33102
1	33112
1	33112
1	33112
1	33112
1	33112
1	33112
1	33112
1	33112
1	33112
1	33112
1	33112
1	33115
1	33115
1	33123
1	33123
1	33123
1	33123
1	33123
1	33123
1	33123
1	33123
1	33123
1	33123
1	33123
1	33123
1	33125
1	33125
1	33125
1	33125
1	33125
1	33125
1	33125
1	33125
1	33133
1	33133
1	33133
1	33133
1	33133
1	33136
1	33136
1	33136
1	33136
1	33136
1	33136
1	33136
1	33136
1	33136
1	33136
1	33143
1	33143
1	33143
1	33143
1	33143
1	33143
1	33146
1	33146
1	33146
1	33146
1	33146
1	33146
1	33146
1	33146
1	33146
1	33146
1	33146
1	33146
1	33146
1	33146
1	33146
1	33146
1	33146
1	33146
1	33146
1	33154
1	33157
1	33157
1	33157
1	33157
1	33157
1	33157
1	33157
1	33157
1	33157
1	33157
1	33157
1	33157
1	33157
1	33157
1	33157
1	33157
1	33157
1	33167
1	33167
1	33167
1	33167
1	33167
1	33167
1	33167
1	33170
1	33170
1	33170
1	33170
1	33170
1	33170
1	33178
1	33178
1	33178
1	33178
1	33178
1	33178
1	33178
1	33178
1	33178
1	33178
1	33178
1	33178
1	33178
1	33178
1	33180
1	33180
1	33180
1	33180
1	33180
1	33180
1	33180
1	33180
1	33180
1	33188
1	33188
1	33188
1	33188
1	33191
1	33191
1	33191
1	33191
1	33191
1	33191
1	33191
1	33191
1	33191
1	33191
1	33191
1	33199
1	33199
1	33201
1	33201
1	33201
1	33201
1	33201
1	33201
1	33201
1	33201
1	33201
1	33201
1	33201
1	33201
1	33201
1	33201
1	33201
1	33201
1	33212
1	33212
1	33212
1	33212
1	33212
1	33212
1	33212
1	33212
1	33212
1	33212
1	33212
1	33212
1	33212
1	33212
1	33212
1	33212
1	33212
1	33212
1	33212
1	33222
1	33222
1	33222
1	33222
1	33222
1	33222
1	33222
1	33222
1	33222
1	33222
1	33222
1	33222
1	33222
1	33222
1	33222
1	33222
1	33233
1	33233
1	33233
1	33233
1	33233
1	33233
1	33233
1	33233
1	33233
1	33233
1	33233
1	33233
1	33233
1	33233
1	33233
1	33233
1	33235
1	33235
1	33235
1	33235
1	33235
1	33235
1	33243
1	33243
1	33243
1	33243
1	33243
1	33243
1	33246
1	33246
1	33246
1	33246
1	33246
1	33246
1	33246
1	33246
1	33246
1	33246
1	33246
1	33246
1	33254
1	33254
1	33254
1	33256
1	33256
1	33256
1	33256
1	33256
1	33256
1	33256
1	33256
1	33264
1	33264
1	33267
1	33267
1	33267
1	33267
1	33267
1	33267
1	33267
1	33267
1	33267
1	33267
1	33267
1	33267
1	33267
1	33267
1	33267
1	33267
1	33267
1	33278
1	33278
1	33278
1	33278
1	33278
1	33278
1	33278
1	33278
1	33278
1	33278
1	33278
1	33278
1	33278
1	33278
1	33280
1	33280
1	33280
1	33288
1	33288
1	33288
1	33288
1	33288
1	33288
1	33288
1	33288
1	33288
1	33288
1	33288
1	33288
1	33288
1	33288
1	33288
1	33291
1	33291
1	33291
1	33291
1	33291
1	33291
1	33299
1	33299
1	33299
1	33299
1	33299
1	33299
1	33299
1	33299
1	33301
1	33301
1	33301
1	33301
1	33301
1	33301
1	33301
1	33301
1	33301
1	33301
1	33301
1	33301
1	33301
1	33301
1	33301
1	33301
1	33309
1	33309
1	33309
1	33309
1	33309
1	33309
1	33309
1	33309
1	33309
1	33309
1	33312
1	33312
1	33312
1	33312
1	33312
1	33312
1	33312
1	33312
1	33312
1	33320
1	33323
1	33323
1	33323
1	33323
1	33323
1	33323
1	33323
1	33323
1	33323
1	33323
1	33323
1	33323
1	33323
1	33323
1	33323
1	33323
1	33333
1	33333
1	33333
1	33333
1	33333
1	33333
1	33333
1	33333
1	33333
1	33333
1	33333
1	33333
1	33344
1	33344
1	33344
1	33344
1	33344
1	33344
1	33344
1	33344
1	33344
1	33344
1	33346
1	33346
1	33346
1	33346
1	33346
1	33346
1	33346
1	33354
1	33354
1	33354
1	33354
1	33354
1	33354
1	33354
1	33354
1	33354
1	33354
1	33354
1	33354
1	33354
1	33354
1	33357
1	33357
1	33357
1	33357
1	33357
1	33357
1	33365
1	33365
1	33365
1	33365
1	33368
1	33368
1	33368
1	33368
1	33368
1	33368
1	33368
1	33368
1	33368
1	33368
1	33368
1	33376
1	33376
1	33376
1	33376
1	33376
1	33376
1	33376
1	33376
1	33378
1	33378
1	33378
1	33378
1	33378
1	33378
1	33378
1	33378
1	33378
1	33378
1	33378
1	33378
1	33378
1	33378
1	33378
1	33378
1	33378
1	33378
1	33378
1	33378
1	33389
1	33389
1	33389
1	33389
1	33389
1	33389
1	33389
1	33389
1	33389
1	33389
1	33389
1	33389
1	33389
1	33389
1	33389
1	33391
1	33399
1	33399
1	33399
1	33399
1	33399
1	33399
1	33399
1	33399
1	33402
1	33402
1	33402
1	33402
1	33402
1	33402
1	33410
1	33410
1	33410
1	33410
1	33410
1	33410
1	33410
1	33410
1	33410
1	33410
1	33410
1	33410
1	33410
1	33413
1	33413
1	33413
1	33421
1	33421
1	33421
1	33421
1	33421
1	33423
1	33423
1	33423
1	33423
1	33423
1	33423
1	33423
1	33423
1	33423
1	33431
1	33431
1	33434
1	33434
1	33434
1	33434
1	33434
1	33434
1	33434
1	33434
1	33434
1	33434
1	33434
1	33434
1	33434
1	33434
1	33434
1	33434
1	33434
1	33445
1	33445
1	33445
1	33445
1	33445
1	33445
1	33445
1	33445
1	33445
1	33445
1	33445
1	33445
1	33445
1	33445
1	33447
1	33455
1	33455
1	33455
1	33455
1	33455
1	33455
1	33455
1	33455
1	33455
1	33455
1	33455
1	33455
1	33455
1	33455
1	33455
1	33458
1	33458
1	33458
1	33458
1	33466
1	33466
1	33466
1	33466
1	33466
1	33466
1	33466
1	33466
1	33466
1	33466
1	33466
1	33466
1	33469
1	33469
1	33469
1	33469
1	33469
1	33477
1	33477
1	33477
1	33477
1	33479
1	33479
1	33479
1	33479
1	33479
1	33479
1	33479
1	33479
1	33479
1	33479
1	33487
1	33487
1	33487
1	33487
1	33487
1	33487
1	33490
1	33490
1	33490
1	33490
1	33490
1	33490
1	33490
1	33490
1	33490
1	33490
1	33490
1	33501
1	33501
1	33501
1	33501
1	33501
1	33501
1	33501
1	33501
1	33501
1	33501
1	33501
1	33501
1	33501
1	33501
1	33501
1	33501
1	33501
1	33501
1	33501
1	33501
1	33501
1	33501
1	33501
1	33501
1	33512
1	33512
1	33512
1	33512
1	33512
1	33512
1	33512
1	33512
1	33512
1	33512
1	33512
1	33512
1	33512
1	33512
1	33512
1	33512
1	33514
1	33514
1	33514
1	33514
1	33514
1	33514
1	33522
1	33522
1	33522
1	33522
1	33522
1	33522
1	33522
1	33522
1	33522
1	33522
1	33522
1	33522
1	33522
1	33522
1	33522
1	33522
1	33525
1	33525
1	33525
1	33525
1	33525
1	33533
1	33533
1	33533
1	33533
1	33533
1	33536
1	33536
1	33536
1	33536
1	33536
1	33536
1	33536
1	33536
1	33536
1	33536
1	33536
1	33544
1	33546
1	33546
1	33546
1	33546
1	33546
1	33546
1	33546
1	33546
1	33546
1	33546
1	33546
1	33557
1	33557
1	33557
1	33557
1	33557
1	33557
1	33557
1	33557
1	33557
1	33557
1	33568
1	33568
1	33568
1	33568
1	33568
1	33568
1	33568
1	33568
1	33568
1	33568
1	33568
1	33571
1	33579
1	33579
1	33579
1	33579
1	33579
1	33579
1	33579
1	33579
1	33579
1	33581
1	33581
1	33581
1	33581
1	33581
1	33581
1	33589
1	33589
1	33589
1	33589
1	33589
1	33589
1	33589
1	33589
1	33589
1	33589
1	33589
1	33592
1	33592
1	33592
1	33592
1	33592
1	33600
1	33600
1	33603
1	33603
1	33603
1	33603
1	33603
1	33603
1	33603
1	33603
1	33603
1	33603
1	33603
1	33603
1	33603
1	33603
1	33603
1	33611
1	33614
1	33614
1	33614
1	33614
1	33614
1	33614
1	33614
1	33614
1	33614
1	33614
1	33614
1	33614
1	33614
1	33614
1	33624
1	33624
1	33624
1	33624
1	33624
1	33624
1	33624
1	33624
1	33624
1	33624
1	33627
1	33627
1	33627
1	33635
1	33635
1	33635
1	33635
1	33635
1	33635
1	33635
1	33635
1	33635
1	33635
1	33635
1	33635
1	33635
1	33635
1	33635
1	33635
1	33638
1	33638
1	33638
1	33646
1	33646
1	33646
1	33646
1	33646
1	33646
1	33646
1	33646
1	33646
1	33646
1	33649
1	33649
1	33649
1	33649
1	33649
1	33649
1	33649
1	33649
1	33649
1	33649
1	33649
1	33649
1	33657
1	33657
1	33657
1	33657
1	33657
1	33657
1	33657
1	33659
1	33659
1	33659
1	33659
1	33659
1	33659
1	33659
1	33668
1	33668
1	33668
1	33670
1	33670
1	33670
1	33670
1	33670
1	33670
1	33670
1	33670
1	33670
1	33670
1	33670
1	33670
1	33670
1	33681
1	33681
1	33681
1	33681
1	33681
1	33681
1	33681
1	33681
1	33681
1	33681
1	33684
1	33692
1	33692
1	33692
1	33692
1	33692
1	33692
1	33692
1	33692
1	33692
1	33692
1	33692
1	33692
1	33692
1	33692
1	33692
1	33692
1	33692
1	33695
1	33695
1	33703
1	33703
1	33703
1	33703
1	33703
1	33705
1	33705
1	33705
1	33705
1	33705
1	33705
1	33705
1	33705
1	33714
1	33714
1	33714
1	33714
1	33714
1	33714
1	33714
1	33714
1	33714
1	33714
1	33714
1	33714
1	33714
1	33716
1	33716
1	33716
1	33716
1	33716
1	33716
1	33716
1	33716
1	33716
1	33716
1	33716
1	33716
1	33716
1	33716
1	33716
1	33724
1	33724
1	33724
1	33724
1	33727
1	33727
1	33727
1	33727
1	33727
1	33727
1	33727
1	33727
1	33727
1	33727
1	33727
1	33727
1	33727
1	33727
1	33727
1	33727
1	33738
1	33738
1	33738
1	33738
1	33738
1	33738
1	33738
1	33738
1	33738
1	33738
1	33738
1	33738
1	33738
1	33738
1	33738
1	33738
1	33738
1	33738
1	33738
1	33738
1	33741
1	33749
1	33749
1	33749
1	33749
1	33749
1	33749
1	33749
1	33749
1	33749
1	33749
1	33749
1	33749
1	33749
1	33749
1	33752
1	33752
1	33752
1	33752
1	33752
1	33760
1	33760
1	33760
1	33760
1	33760
1	33760
1	33760
1	33762
1	33762
1	33762
1	33762
1	33762
1	33762
1	33771
1	33771
1	33771
1	33771
1	33771
1	33771
1	33771
1	33773
1	33773
1	33773
1	33773
1	33773
1	33773
1	33773
1	33773
1	33773
1	33773
1	33773
1	33773
1	33781
1	33784
1	33784
1	33784
1	33784
1	33784
1	33784
1	33784
1	33784
1	33784
1	33795
1	33795
1	33795
1	33795
1	33795
1	33795
1	33795
1	33795
1	33795
1	33795
1	33795
1	33795
1	33795
1	33795
1	33795
1	33795
1	33798
1	33806
1	33806
1	33806
1	33806
1	33806
1	33806
1	33806
1	33806
1	33806
1	33806
1	33806
1	33806
1	33806
1	33809
1	33809
1	33809
1	33809
1	33809
1	33817
1	33817
1	33817
1	33817
1	33817
1	33817
1	33817
1	33817
1	33817
1	33817
1	33820
1	33820
1	33820
1	33820
1	33820
1	33820
1	33820
1	33820
1	33820
1	33820
1	33820
1	33820
1	33828
1	33828
1	33828
1	33828
1	33828
1	33828
1	33828
1	33828
1	33828
1	33828
1	33830
1	33830
1	33830
1	33830
1	33830
1	33830
1	33830
1	33830
1	33830
1	33830
1	33830
1	33839
1	33839
1	33839
1	33841
1	33841
1	33841
1	33841
1	33841
1	33841
1	33841
1	33841
1	33841
1	33841
1	33841
1	33841
1	33841
1	33841
1	33841
1	33841
1	33841
1	33841
1	33852
1	33852
1	33852
1	33852
1	33852
1	33852
1	33852
1	33852
1	33852
1	33852
1	33852
1	33852
1	33852
1	33852
1	33852
1	33852
1	33852
1	33852
1	33852
1	33863
1	33863
1	33863
1	33863
1	33863
1	33863
1	33863
1	33866
1	33866
1	33866
1	33866
1	33874
1	33874
1	33874
1	33874
1	33874
1	33874
1	33874
1	33874
1	33874
1	33874
1	33874
1	33874
1	33874
1	33874
1	33877
1	33877
1	33877
1	33885
1	33885
1	33885
1	33885
1	33885
1	33885
1	33885
1	33888
1	33888
1	33888
1	33888
1	33888
1	33888
1	33888
1	33888
1	33888
1	33888
1	33888
1	33896
1	33896
1	33896
1	33899
1	33899
1	33899
1	33899
1	33899
1	33899
1	33899
1	33899
1	33899
1	33899
1	33910
1	33910
1	33910
1	33910
1	33910
1	33910
1	33910
1	33910
1	33910
1	33910
1	33910
1	33910
1	33910
1	33910
1	33910
1	33910
1	33910
1	33910
1	33910
1	33921
1	33921
1	33921
1	33921
1	33921
1	33921
1	33921
1	33921
1	33921
1	33921
1	33921
1	33921
1	33921
1	33921
1	33921
1	33921
1	33921
1	33921
1	33921
1	33921
1	33921
1	33921
1	33924
1	33924
1	33932
1	33932
1	33932
1	33932
1	33932
1	33932
1	33932
1	33932
1	33932
1	33932
1	33932
1	33932
1	33932
1	33932
1	33932
1	33932
1	33932
1	33932
1	33932
1	33932
1	33934
1	33934
1	33934
1	33934
1	33934
1	33934
1	33934
1	33943
1	33943
1	33943
1	33943
1	33943
1	33943
1	33943
1	33943
1	33943
1	33943
1	33943
1	33945
1	33945
1	33945
1	33945
1	33945
1	33945
1	33945
1	33945
1	33945
1	33954
1	33954
1	33956
1	33956
1	33956
1	33956
1	33956
1	33956
1	33956
1	33956
1	33956
1	33956
1	33956
1	33956
1	33956
1	33956
1	33965
1	33967
1	33967
1	33967
1	33967
1	33967
1	33967
1	33967
1	33967
1	33967
1	33967
1	33967
1	33967
1	33967
1	33967
1	33967
1	33967
1	33967
1	33967
1	33967
1	33967
1	33967
1	33967
1	33967
1	33967
1	33967
1	33978
1	33978
1	33978
1	33978
1	33978
1	33978
1	33978
1	33978
1	33978
1	33978
1	33978
1	33978
1	33978
1	33978
1	33978
1	33978
1	33978
1	33978
1	33978
1	33978
1	33978
1	33978
1	33981
1	33989
1	33989
1	33989
1	33989
1	33989
1	33989
1	33989
1	33989
1	33989
1	33989
1	33989
1	33989
1	33989
1	33989
1	33992
1	33992
1	33992
1	33992
1	34001
1	34001
1	34001
1	34001
1	34001
1	34001
1	34001
1	34001
1	34003
1	34003
1	34003
1	34003
1	34003
1	34003
1	34003
1	34003
1	34003
1	34003
1	34003
1	34003
1	34003
1	34012
1	34012
1	34012
1	34014
1	34014
1	34014
1	34014
1	34014
1	34014
1	34014
1	34014
1	34014
1	34014
1	34014
1	34014
1	34014
1	34014
1	34014
1	34014
1	34014
1	34014
1	34014
1	34025
1	34025
1	34025
1	34025
1	34025
1	34025
1	34025
1	34025
1	34025
1	34025
1	34025
1	34025
1	34025
1	34036
1	34036
1	34036
1	34036
1	34036
1	34036
1	34036
1	34036
1	34036
1	34036
1	34036
1	34036
1	34036
1	34036
1	34036
1	34036
1	34036
1	34036
1	34036
1	34039
1	34039
1	34047
1	34047
1	34047
1	34047
1	34047
1	34047
1	34047
1	34047
1	34047
1	34047
1	34047
1	34050
1	34050
1	34050
1	34050
1	34058
1	34058
1	34058
1	34058
1	34058
1	34061
1	34061
1	34061
1	34061
1	34061
1	34070
1	34070
1	34070
1	34070
1	34072
1	34072
1	34072
1	34072
1	34072
1	34072
1	34072
1	34072
1	34072
1	34072
1	34081
1	34083
1	34083
1	34083
1	34083
1	34083
1	34083
1	34083
1	34083
1	34083
1	34083
1	34083
1	34083
1	34083
1	34083
1	34083
1	34083
1	34083
1	34083
1	34083
1	34083
1	34083
1	34094
1	34094
1	34094
1	34094
1	34094
1	34094
1	34094
1	34094
1	34094
1	34094
1	34106
1	34106
1	34106
1	34106
1	34106
1	34106
1	34106
1	34106
1	34106
1	34106
1	34106
1	34106
1	34108
1	34108
1	34108
1	34108
1	34108
1	34117
1	34117
1	34117
1	34117
1	34117
1	34117
1	34117
1	34117
1	34119
1	34119
1	34119
1	34119
1	34119
1	34119
1	34119
1	34119
1	34119
1	34128
1	34128
1	34128
1	34128
1	34131
1	34131
1	34131
1	34131
1	34131
1	34131
1	34131
1	34131
1	34131
1	34131
1	34131
1	34131
1	34131
1	34131
1	34131
1	34131
1	34131
1	34142
1	34142
1	34142
1	34142
1	34142
1	34142
1	34142
1	34142
1	34142
1	34142
1	34142
1	34142
1	34142
1	34142
1	34142
1	34142
1	34142
1	34142
1	34142
1	34153
1	34153
1	34153
1	34153
1	34153
1	34153
1	34153
1	34153
1	34153
1	34153
1	34153
1	34153
1	34153
1	34153
1	34153
1	34153
1	34153
1	34153
1	34153
1	34153
1	34153
1	34153
1	34153
1	34156
1	34164
1	34164
1	34164
1	34164
1	34164
1	34164
1	34164
1	34164
1	34164
1	34164
1	34164
1	34167
1	34167
1	34167
1	34175
1	34175
1	34175
1	34175
1	34175
1	34175
1	34175
1	34175
1	34175
1	34175
1	34175
1	34175
1	34175
1	34178
1	34178
1	34178
1	34178
1	34178
1	34178
1	34178
1	34178
1	34178
1	34178
1	34178
1	34186
1	34186
1	34186
1	34186
1	34189
1	34189
1	34189
1	34189
1	34189
1	34189
1	34189
1	34189
1	34189
1	34189
1	34189
1	34189
1	34189
1	34189
1	34189
1	34189
1	34189
1	34189
1	34189
1	34189
1	34189
1	34197
1	34200
1	34200
1	34200
1	34200
1	34200
1	34200
1	34200
1	34200
1	34200
1	34200
1	34200
1	34211
1	34211
1	34211
1	34211
1	34211
1	34211
1	34211
1	34211
1	34211
1	34211
1	34211
1	34211
1	34211
1	34211
1	34211
1	34211
1	34222
1	34222
1	34222
1	34222
1	34222
1	34222
1	34222
1	34222
1	34222
1	34222
1	34222
1	34222
1	34222
1	34222
1	34222
1	34222
1	34222
1	34225
1	34225
1	34225
1	34225
1	34234
1	34234
1	34234
1	34236
1	34236
1	34236
1	34236
1	34236
1	34236
1	34236
1	34236
1	34236
1	34236
1	34236
1	34236
1	34236
1	34236
1	34245
1	34245
1	34245
1	34245
1	34245
1	34245
1	34245
1	34245
1	34245
1	34245
1	34245
1	34248
1	34248
1	34248
1	34248
1	34248
1	34256
1	34256
1	34256
1	34256
1	34259
1	34259
1	34259
1	34259
1	34259
1	34259
1	34259
1	34259
1	34259
1	34259
1	34259
1	34259
1	34270
1	34270
1	34270
1	34270
1	34270
1	34270
1	34270
1	34270
1	34270
1	34270
1	34270
1	34270
1	34270
1	34270
1	34270
1	34281
1	34281
1	34281
1	34281
1	34281
1	34281
1	34281
1	34281
1	34281
1	34281
1	34281
1	34281
1	34281
1	34281
1	34281
1	34281
1	34281
1	34281
1	34284
1	34284
1	34284
1	34292
1	34292
1	34292
1	34292
1	34292
1	34292
1	34292
1	34292
1	34292
1	34292
1	34292
1	34292
1	34292
1	34292
1	34292
1	34292
1	34292
1	34292
1	34292
1	34295
1	34295
1	34295
1	34295
1	34295
1	34295
1	34295
1	34295
1	34295
1	34295
1	34295
1	34295
1	34295
1	34304
1	34304
1	34304
1	34304
1	34304
1	34304
1	34304
1	34304
1	34304
1	34306
1	34306
1	34306
1	34306
1	34306
1	34306
1	34306
1	34315
1	34315
1	34315
1	34315
1	34318
1	34318
1	34318
1	34318
1	34318
1	34318
1	34318
1	34318
1	34318
1	34318
1	34318
1	34318
1	34318
1	34318
1	34318
1	34318
1	34329
1	34329
1	34329
1	34329
1	34329
1	34329
1	34329
1	34329
1	34329
1	34329
1	34329
1	34329
1	34329
1	34329
1	34329
1	34340
1	34340
1	34340
1	34340
1	34340
1	34340
1	34340
1	34340
1	34340
1	34340
1	34340
1	34340
1	34340
1	34340
1	34340
1	34340
1	34340
1	34340
1	34340
1	34343
1	34343
1	34343
1	34343
1	34351
1	34351
1	34351
1	34351
1	34351
1	34351
1	34351
1	34351
1	34351
1	34351
1	34351
1	34354
1	34354
1	34354
1	34354
1	34354
1	34363
1	34363
1	34365
1	34365
1	34365
1	34365
1	34365
1	34365
1	34365
1	34374
1	34374
1	34374
1	34374
1	34374
1	34377
1	34377
1	34377
1	34377
1	34377
1	34377
1	34377
1	34377
1	34377
1	34377
1	34377
1	34377
1	34377
1	34377
1	34377
1	34377
1	34377
1	34388
1	34388
1	34388
1	34388
1	34388
1	34388
1	34388
1	34388
1	34388
1	34388
1	34388
1	34388
1	34388
1	34388
1	34388
1	34388
1	34388
1	34388
1	34388
1	34399
1	34399
1	34399
1	34399
1	34399
1	34399
1	34399
1	34399
1	34399
1	34399
1	34399
1	34399
1	34399
1	34399
1	34399
1	34399
1	34399
1	34399
1	34402
1	34402
1	34411
1	34411
1	34411
1	34411
1	34411
1	34411
1	34411
1	34411
1	34411
1	34411
1	34411
1	34411
1	34411
1	34411
1	34411
1	34411
1	34413
1	34413
1	34413
1	34413
1	34413
1	34422
1	34422
1	34422
1	34422
1	34422
1	34422
1	34422
1	34422
1	34422
1	34422
1	34422
1	34422
1	34422
1	34422
1	34422
1	34425
1	34425
1	34425
1	34425
1	34425
1	34425
1	34425
1	34425
1	34425
1	34425
1	34425
1	34425
1	34425
1	34425
1	34425
1	34425
1	34433
1	34433
1	34433
1	34436
1	34436
1	34436
1	34436
1	34436
1	34436
1	34436
1	34436
1	34436
1	34436
1	34436
1	34436
1	34436
1	34436
1	34436
1	34436
1	34436
1	34444
1	34447
1	34447
1	34447
1	34447
1	34447
1	34447
1	34447
1	34447
1	34447
1	34447
1	34447
1	34447
1	34447
1	34447
1	34447
1	34447
1	34447
1	34447
1	34447
1	34447
1	34447
1	34447
1	34447
1	34459
1	34459
1	34459
1	34459
1	34459
1	34459
1	34459
1	34459
1	34459
1	34459
1	34459
1	34459
1	34459
1	34459
1	34461
1	34461
1	34461
1	34461
1	34461
1	34461
1	34470
1	34470
1	34470
1	34470
1	34470
1	34470
1	34470
1	34470
1	34470
1	34470
1	34470
1	34470
1	34470
1	34470
1	34470
1	34470
1	34470
1	34470
1	34470
1	34473
1	34473
1	34473
1	34473
1	34481
1	34481
1	34481
1	34481
1	34481
1	34481
1	34481
1	34481
1	34481
1	34484
1	34484
1	34484
1	34484
1	34493
1	34493
1	34493
1	34493
1	34493
1	34493
1	34493
1	34493
1	34493
1	34495
1	34495
1	34495
1	34495
1	34495
1	34495
1	34495
1	34495
1	34495
1	34495
1	34495
1	34495
1	34495
1	34504
1	34504
1	34507
1	34507
1	34507
1	34507
1	34507
1	34507
1	34507
1	34507
1	34507
1	34507
1	34507
1	34507
1	34507
1	34507
1	34507
1	34507
1	34507
1	34507
1	34507
1	34507
1	34507
1	34507
1	34518
1	34518
1	34518
1	34518
1	34518
1	34518
1	34518
1	34518
1	34518
1	34518
1	34518
1	34521
1	34521
1	34521
1	34530
1	34530
1	34530
1	34530
1	34530
1	34530
1	34530
1	34530
1	34532
1	34532
1	34532
1	34532
1	34532
1	34532
1	34541
1	34541
1	34541
1	34541
1	34541
1	34541
1	34541
1	34541
1	34541
1	34544
1	34544
1	34544
1	34544
1	34544
1	34544
1	34544
1	34544
1	34544
1	34552
1	34552
1	34552
1	34552
1	34552
1	34552
1	34555
1	34555
1	34555
1	34555
1	34555
1	34555
1	34555
1	34555
1	34564
1	34567
1	34567
1	34567
1	34567
1	34567
1	34567
1	34567
1	34567
1	34567
1	34567
1	34567
1	34567
1	34567
1	34567
1	34567
1	34567
1	34567
1	34567
1	34578
1	34578
1	34578
1	34578
1	34578
1	34578
1	34578
1	34578
1	34578
1	34578
1	34578
1	34578
1	34578
1	34578
1	34578
1	34589
1	34589
1	34589
1	34589
1	34589
1	34589
1	34589
1	34589
1	34589
1	34589
1	34592
1	34592
1	34592
1	34592
1	34601
1	34601
1	34601
1	34601
1	34601
1	34601
1	34601
1	34601
1	34601
1	34601
1	34601
1	34601
1	34601
1	34604
1	34604
1	34604
1	34612
1	34612
1	34612
1	34615
1	34615
1	34615
1	34615
1	34615
1	34615
1	34615
1	34615
1	34615
1	34615
1	34615
1	34615
1	34615
1	34615
1	34624
1	34624
1	34624
1	34624
1	34626
1	34626
1	34626
1	34626
1	34626
1	34626
1	34626
1	34626
1	34626
1	34626
1	34626
1	34626
1	34626
1	34638
1	34638
1	34638
1	34638
1	34638
1	34638
1	34638
1	34638
1	34638
1	34638
1	34638
1	34638
1	34638
1	34638
1	34638
1	34638
1	34638
1	34638
1	34641
1	34641
1	34641
1	34649
1	34649
1	34649
1	34649
1	34649
1	34649
1	34649
1	34649
1	34649
1	34649
1	34649
1	34649
1	34649
1	34649
1	34649
1	34649
1	34649
1	34652
1	34652
1	34652
1	34661
1	34661
1	34661
1	34661
1	34661
1	34661
1	34661
1	34661
1	34661
1	34661
1	34661
1	34664
1	34664
1	34664
1	34664
1	34664
1	34664
1	34664
1	34664
1	34672
1	34672
1	34672
1	34672
1	34672
1	34672
1	34675
1	34675
1	34675
1	34675
1	34675
1	34675
1	34675
1	34675
1	34675
1	34675
1	34675
1	34675
1	34675
1	34675
1	34675
1	34687
1	34687
1	34687
1	34687
1	34687
1	34687
1	34687
1	34687
1	34687
1	34687
1	34687
1	34687
1	34698
1	34698
1	34698
1	34698
1	34698
1	34698
1	34698
1	34698
1	34698
1	34698
1	34698
1	34698
1	34698
1	34698
1	34698
1	34698
1	34698
1	34698
1	34698
1	34698
1	34710
1	34710
1	34710
1	34710
1	34710
1	34710
1	34710
1	34710
1	34710
1	34710
1	34712
1	34712
1	34712
1	34712
1	34712
1	34712
1	34712
1	34721
1	34721
1	34721
1	34721
1	34721
1	34721
1	34721
1	34724
1	34724
1	34724
1	34724
1	34724
1	34724
1	34724
1	34733
1	34733
1	34733
1	34733
1	34733
1	34733
1	34733
1	34733
1	34735
1	34735
1	34735
1	34735
1	34735
1	34735
1	34735
1	34735
1	34735
1	34735
1	34735
1	34744
1	34744
1	34744
1	34744
1	34744
1	34744
1	34747
1	34747
1	34747
1	34747
1	34747
1	34747
1	34747
1	34747
1	34747
1	34747
1	34747
1	34747
1	34747
1	34747
1	34747
1	34747
1	34756
1	34758
1	34758
1	34758
1	34758
1	34758
1	34758
1	34758
1	34758
1	34758
1	34758
1	34758
1	34758
1	34758
1	34758
1	34758
1	34758
1	34758
1	34758
1	34770
1	34770
1	34770
1	34770
1	34770
1	34770
1	34770
1	34770
1	34770
1	34770
1	34770
1	34770
1	34770
1	34770
1	34770
1	34773
1	34782
1	34782
1	34782
1	34782
1	34782
1	34782
1	34782
1	34782
1	34782
1	34782
1	34782
1	34782
1	34782
1	34782
1	34782
1	34782
1	34784
1	34784
1	34784
1	34784
1	34784
1	34784
1	34784
1	34784
1	34784
1	34784
1	34784
1	34793
1	34793
1	34793
1	34793
1	34793
1	34793
1	34793
1	34793
1	34793
1	34793
1	34793
1	34793
1	34793
1	34796
1	34796
1	34796
1	34796
1	34796
1	34796
1	34796
1	34796
1	34796
1	34796
1	34796
1	34796
1	34796
1	34796
1	34805
1	34805
1	34805
1	34805
1	34805
1	34808
1	34808
1	34808
1	34808
1	34808
1	34808
1	34808
1	34808
1	34808
1	34808
1	34808
1	34808
1	34808
1	34808
1	34808
1	34808
1	34808
1	34808
1	34808
1	34808
1	34808
1	34808
1	34816
1	34819
1	34819
1	34819
1	34819
1	34819
1	34819
1	34819
1	34819
1	34819
1	34819
1	34819
1	34819
1	34819
1	34819
1	34819
1	34819
1	34819
1	34819
1	34819
1	34819
1	34819
1	34819
1	34819
1	34819
1	34819
1	34819
1	34819
1	34819
1	34819
1	34819
1	34819
1	34831
1	34831
1	34831
1	34831
1	34831
1	34831
1	34831
1	34831
1	34831
1	34831
1	34831
1	34831
1	34831
1	34831
1	34831
1	34834
1	34834
1	34834
1	34834
1	34842
1	34842
1	34842
1	34842
1	34842
1	34842
1	34842
1	34842
1	34842
1	34842
1	34842
1	34842
1	34842
1	34842
1	34845
1	34845
1	34845
1	34845
1	34845
1	34845
1	34845
1	34854
1	34854
1	34854
1	34854
1	34854
1	34854
1	34854
1	34854
1	34854
1	34854
1	34857
1	34857
1	34857
1	34857
1	34857
1	34857
1	34857
1	34857
1	34857
1	34857
1	34857
1	34857
1	34857
1	34865
1	34865
1	34865
1	34865
1	34865
1	34868
1	34868
1	34868
1	34868
1	34868
1	34868
1	34868
1	34868
1	34868
1	34868
1	34868
1	34868
1	34880
1	34880
1	34880
1	34880
1	34880
1	34880
1	34880
1	34880
1	34880
1	34880
1	34880
1	34880
1	34880
1	34880
1	34880
1	34880
1	34880
1	34880
1	34891
1	34891
1	34891
1	34891
1	34891
1	34891
1	34891
1	34891
1	34891
1	34891
1	34891
1	34891
1	34891
1	34891
1	34891
1	34891
1	34894
1	34894
1	34894
1	34894
1	34903
1	34903
1	34903
1	34903
1	34903
1	34903
1	34903
1	34903
1	34903
1	34903
1	34903
1	34903
1	34903
1	34903
1	34903
1	34903
1	34906
1	34906
1	34906
1	34906
1	34906
1	34906
1	34906
1	34915
1	34915
1	34915
1	34915
1	34915
1	34915
1	34915
1	34915
1	34915
1	34915
1	34915
1	34915
1	34918
1	34918
1	34918
1	34918
1	34918
1	34918
1	34918
1	34918
1	34918
1	34926
1	34926
1	34929
1	34929
1	34929
1	34929
1	34929
1	34929
1	34929
1	34929
1	34929
1	34929
1	34929
1	34929
1	34929
1	34929
1	34929
1	34938
1	34941
1	34941
1	34941
1	34941
1	34941
1	34941
1	34941
1	34941
1	34941
1	34941
1	34941
1	34941
1	34941
1	34941
1	34941
1	34941
1	34941
1	34941
1	34941
1	34941
1	34953
1	34953
1	34953
1	34953
1	34953
1	34953
1	34953
1	34953
1	34953
1	34953
1	34953
1	34953
1	34953
1	34953
1	34953
1	34953
1	34953
1	34953
1	34953
1	34953
1	34953
1	34953
1	34953
1	34953
1	34953
1	34953
1	34953
1	34955
1	34955
1	34964
1	34964
1	34964
1	34964
1	34964
1	34964
1	34964
1	34964
1	34964
1	34964
1	34964
1	34964
1	34964
1	34964
1	34964
1	34964
1	34967
1	34967
1	34967
1	34967
1	34967
1	34967
1	34976
1	34976
1	34976
1	34976
1	34976
1	34976
1	34976
1	34976
1	34976
1	34979
1	34979
1	34979
1	34979
1	34979
1	34979
1	34979
1	34979
1	34979
1	34979
1	34979
1	34988
1	34988
1	34988
1	34988
1	34988
1	34988
1	34988
1	34988
1	34990
1	34990
1	34990
1	34990
1	34990
1	34990
1	34990
1	34990
1	34990
1	34990
1	34990
1	34999
1	34999
1	34999
1	34999
1	35002
1	35002
1	35002
1	35002
1	35002
1	35002
1	35002
1	35002
1	35002
1	35002
1	35014
1	35014
1	35014
1	35014
1	35014
1	35014
1	35014
1	35014
1	35014
1	35014
1	35014
1	35014
1	35014
1	35014
1	35017
1	35017
1	35026
1	35026
1	35026
1	35026
1	35026
1	35026
1	35026
1	35028
1	35028
1	35028
1	35028
1	35037
1	35037
1	35037
1	35037
1	35037
1	35037
1	35037
1	35037
1	35037
1	35037
1	35040
1	35040
1	35040
1	35040
1	35040
1	35040
1	35040
1	35040
1	35040
1	35040
1	35049
1	35049
1	35049
1	35049
1	35049
1	35049
1	35052
1	35052
1	35052
1	35052
1	35052
1	35052
1	35052
1	35052
1	35052
1	35052
1	35052
1	35052
1	35052
1	35052
1	35052
1	35052
1	35052
1	35052
1	35061
1	35061
1	35061
1	35064
1	35064
1	35064
1	35064
1	35064
1	35064
1	35064
1	35064
1	35064
1	35064
1	35064
1	35064
1	35064
1	35064
1	35064
1	35064
1	35075
1	35075
1	35075
1	35075
1	35075
1	35075
1	35075
1	35075
1	35078
1	35087
1	35087
1	35087
1	35087
1	35087
1	35087
1	35087
1	35087
1	35087
1	35087
1	35087
1	35087
1	35087
1	35087
1	35087
1	35087
1	35087
1	35087
1	35090
1	35090
1	35090
1	35099
1	35099
1	35099
1	35099
1	35099
1	35099
1	35099
1	35099
1	35099
1	35099
1	35102
1	35102
1	35102
1	35102
1	35102
1	35102
1	35102
1	35102
1	35102
1	35111
1	35111
1	35111
1	35111
1	35111
1	35111
1	35111
1	35113
1	35113
1	35113
1	35113
1	35113
1	35113
1	35113
1	35113
1	35113
1	35113
1	35113
1	35113
1	35113
1	35113
1	35113
1	35113
1	35113
1	35122
1	35122
1	35125
1	35125
1	35125
1	35125
1	35125
1	35125
1	35125
1	35125
1	35125
1	35125
1	35125
1	35125
1	35125
1	35125
1	35125
1	35125
1	35125
1	35125
1	35125
1	35137
1	35137
1	35137
1	35137
1	35137
1	35137
1	35137
1	35137
1	35137
1	35137
1	35137
1	35137
1	35137
1	35137
1	35137
1	35140
1	35149
1	35149
1	35149
1	35149
1	35149
1	35149
1	35149
1	35149
1	35149
1	35149
1	35149
1	35149
1	35149
1	35149
1	35149
1	35149
1	35149
1	35152
1	35152
1	35152
1	35152
1	35161
1	35161
1	35161
1	35161
1	35161
1	35161
1	35161
1	35161
1	35161
1	35161
1	35161
1	35161
1	35161
1	35161
1	35161
1	35161
1	35161
1	35164
1	35164
1	35164
1	35164
1	35164
1	35164
1	35172
1	35172
1	35172
1	35172
1	35172
1	35172
1	35172
1	35175
1	35175
1	35175
1	35175
1	35175
1	35175
1	35175
1	35175
1	35175
1	35175
1	35175
1	35175
1	35184
1	35184
1	35184
1	35187
1	35187
1	35187
1	35187
1	35187
1	35187
1	35187
1	35187
1	35187
1	35187
1	35187
1	35187
1	35187
1	35187
1	35187
1	35187
1	35187
1	35187
1	35187
1	35187
1	35199
1	35199
1	35199
1	35199
1	35199
1	35199
1	35199
1	35199
1	35199
1	35199
1	35199
1	35199
1	35199
1	35199
1	35199
1	35199
1	35199
1	35199
1	35211
1	35211
1	35211
1	35211
1	35211
1	35211
1	35211
1	35211
1	35211
1	35211
1	35211
1	35211
1	35211
1	35211
1	35211
1	35211
1	35211
1	35211
1	35214
1	35214
1	35223
1	35223
1	35223
1	35223
1	35223
1	35223
1	35223
1	35223
1	35223
1	35223
1	35223
1	35226
1	35226
1	35226
1	35226
1	35226
1	35226
1	35226
1	35234
1	35234
1	35234
1	35234
1	35234
1	35234
1	35234
1	35234
1	35237
1	35237
1	35237
1	35237
1	35237
1	35237
1	35237
1	35237
1	35237
1	35237
1	35237
1	35237
1	35237
1	35246
1	35246
1	35246
1	35249
1	35249
1	35249
1	35249
1	35249
1	35249
1	35249
1	35249
1	35249
1	35249
1	35249
1	35249
1	35249
1	35249
1	35249
1	35249
1	35261
1	35261
1	35261
1	35261
1	35261
1	35261
1	35261
1	35261
1	35261
1	35261
1	35261
1	35261
1	35261
1	35261
1	35273
1	35273
1	35273
1	35273
1	35273
1	35273
1	35273
1	35273
1	35273
1	35273
1	35273
1	35273
1	35273
1	35273
1	35273
1	35273
1	35273
1	35273
1	35273
1	35276
1	35276
1	35276
1	35285
1	35285
1	35285
1	35285
1	35285
1	35285
1	35285
1	35285
1	35285
1	35285
1	35285
1	35285
1	35285
1	35285
1	35285
1	35288
1	35288
1	35288
1	35288
1	35288
1	35288
1	35297
1	35297
1	35297
1	35297
1	35297
1	35297
1	35297
1	35297
1	35297
1	35300
1	35300
1	35300
1	35300
1	35300
1	35300
1	35300
1	35300
1	35300
1	35309
1	35309
1	35309
1	35309
1	35309
1	35309
1	35309
1	35312
1	35312
1	35312
1	35312
1	35312
1	35312
1	35312
1	35312
1	35312
1	35312
1	35312
1	35312
1	35312
1	35312
1	35312
1	35312
1	35320
1	35323
1	35323
1	35323
1	35323
1	35323
1	35323
1	35323
1	35323
1	35323
1	35323
1	35323
1	35323
1	35323
1	35323
1	35323
1	35323
1	35323
1	35323
1	35323
1	35335
1	35335
1	35335
1	35335
1	35335
1	35335
1	35335
1	35335
1	35335
1	35335
1	35335
1	35335
1	35335
1	35335
1	35335
1	35335
1	35335
1	35335
1	35335
1	35335
1	35338
1	35338
1	35338
1	35338
1	35338
1	35338
1	35338
1	35338
1	35347
1	35347
1	35347
1	35347
1	35347
1	35347
1	35347
1	35347
1	35347
1	35347
1	35347
1	35347
1	35347
1	35347
1	35347
1	35350
1	35350
1	35350
1	35350
1	35359
1	35359
1	35359
1	35359
1	35359
1	35359
1	35359
1	35359
1	35359
1	35359
1	35359
1	35359
1	35359
1	35359
1	35362
1	35362
1	35362
1	35362
1	35362
1	35362
1	35362
1	35362
1	35371
1	35371
1	35371
1	35371
1	35374
1	35374
1	35374
1	35374
1	35374
1	35374
1	35374
1	35374
1	35374
1	35374
1	35374
1	35374
1	35383
1	35386
1	35386
1	35386
1	35386
1	35386
1	35386
1	35386
1	35386
1	35386
1	35386
1	35386
1	35386
1	35386
1	35386
1	35386
1	35386
1	35386
1	35386
1	35398
1	35398
1	35398
1	35398
1	35398
1	35398
1	35398
1	35398
1	35398
1	35398
1	35398
1	35398
1	35398
1	35398
1	35398
1	35398
1	35398
1	35398
1	35398
1	35398
1	35401
1	35401
1	35401
1	35410
1	35410
1	35410
1	35410
1	35410
1	35410
1	35410
1	35410
1	35410
1	35410
1	35410
1	35410
1	35413
1	35413
1	35413
1	35413
1	35413
1	35413
1	35422
1	35422
1	35422
1	35422
1	35422
1	35422
1	35422
1	35422
1	35422
1	35425
1	35425
1	35425
1	35425
1	35425
1	35425
1	35425
1	35425
1	35425
1	35425
1	35425
1	35425
1	35425
1	35434
1	35434
1	35434
1	35434
1	35434
1	35434
1	35437
1	35437
1	35437
1	35437
1	35437
1	35437
1	35437
1	35437
1	35446
1	35446
1	35449
1	35449
1	35449
1	35449
1	35449
1	35449
1	35449
1	35449
1	35449
1	35449
1	35449
1	35449
1	35449
1	35449
1	35449
1	35449
1	35449
1	35449
1	35449
1	35449
1	35449
1	35449
1	35461
1	35461
1	35461
1	35461
1	35461
1	35461
1	35461
1	35461
1	35461
1	35461
1	35461
1	35461
1	35461
1	35461
1	35461
1	35461
1	35461
1	35461
1	35461
1	35461
1	35461
1	35464
1	35473
1	35473
1	35473
1	35473
1	35473
1	35473
1	35473
1	35473
1	35473
1	35473
1	35473
1	35473
1	35473
1	35473
1	35473
1	35473
1	35473
1	35476
1	35476
1	35476
1	35476
1	35476
1	35476
1	35476
1	35476
1	35485
1	35485
1	35485
1	35485
1	35485
1	35485
1	35485
1	35485
1	35485
1	35485
1	35488
1	35488
1	35488
1	35488
1	35488
1	35488
1	35488
1	35488
1	35488
1	35488
1	35488
1	35497
1	35497
1	35497
1	35497
1	35497
1	35500
1	35500
1	35500
1	35500
1	35500
1	35500
1	35500
1	35500
1	35500
1	35509
1	35509
1	35509
1	35512
1	35512
1	35512
1	35512
1	35512
1	35512
1	35512
1	35524
1	35524
1	35524
1	35524
1	35524
1	35524
1	35524
1	35524
1	35524
1	35524
1	35524
1	35524
1	35524
1	35524
1	35524
1	35524
1	35527
1	35527
1	35536
1	35536
1	35536
1	35536
1	35536
1	35536
1	35536
1	35536
1	35536
1	35536
1	35536
1	35536
1	35536
1	35536
1	35536
1	35536
1	35536
1	35536
1	35536
1	35539
1	35539
1	35539
1	35539
1	35548
1	35548
1	35548
1	35548
1	35548
1	35548
1	35548
1	35548
1	35548
1	35548
1	35551
1	35551
1	35551
1	35551
1	35551
1	35551
1	35551
1	35551
1	35551
1	35560
1	35560
1	35560
1	35560
1	35560
1	35560
1	35560
1	35563
1	35563
1	35563
1	35563
1	35563
1	35563
1	35563
1	35563
1	35563
1	35563
1	35563
1	35563
1	35563
1	35563
1	35572
1	35572
1	35575
1	35575
1	35575
1	35575
1	35575
1	35575
1	35575
1	35575
1	35575
1	35575
1	35575
1	35575
1	35575
1	35575
1	35575
1	35587
1	35587
1	35587
1	35587
1	35587
1	35587
1	35587
1	35587
1	35587
1	35587
1	35587
1	35587
1	35587
1	35587
1	35587
1	35587
1	35587
1	35587
1	35587
1	35587
1	35587
1	35587
1	35587
1	35599
1	35599
1	35599
1	35599
1	35599
1	35599
1	35599
1	35599
1	35599
1	35599
1	35599
1	35599
1	35599
1	35602
1	35602
1	35602
1	35602
1	35602
1	35611
1	35611
1	35611
1	35611
1	35611
1	35611
1	35611
1	35611
1	35611
1	35611
1	35611
1	35611
1	35611
1	35614
1	35614
1	35614
1	35614
1	35614
1	35623
1	35623
1	35623
1	35623
1	35623
1	35623
1	35623
1	35623
1	35623
1	35623
1	35623
1	35623
1	35623
1	35623
1	35623
1	35626
1	35626
1	35626
1	35626
1	35626
1	35626
1	35626
1	35626
1	35626
1	35626
1	35626
1	35626
1	35626
1	35626
1	35626
1	35636
1	35636
1	35636
1	35636
1	35636
1	35639
1	35639
1	35639
1	35639
1	35639
1	35639
1	35639
1	35639
1	35639
1	35639
1	35639
1	35639
1	35639
1	35639
1	35639
1	35639
1	35639
1	35651
1	35651
1	35651
1	35651
1	35651
1	35651
1	35651
1	35651
1	35651
1	35651
1	35651
1	35651
1	35651
1	35651
1	35651
1	35651
1	35663
1	35663
1	35663
1	35663
1	35663
1	35663
1	35663
1	35663
1	35663
1	35663
1	35663
1	35663
1	35663
1	35663
1	35663
1	35663
1	35663
1	35663
1	35663
1	35666
1	35675
1	35675
1	35675
1	35675
1	35675
1	35675
1	35675
1	35675
1	35675
1	35675
1	35675
1	35678
1	35678
1	35678
1	35678
1	35678
1	35678
1	35678
1	35678
1	35687
1	35687
1	35687
1	35687
1	35687
1	35687
1	35687
1	35687
1	35690
1	35690
1	35690
1	35690
1	35690
1	35690
1	35690
1	35690
1	35690
1	35690
1	35690
1	35699
1	35699
1	35699
1	35699
1	35699
1	35699
1	35699
1	35702
1	35702
1	35702
1	35702
1	35702
1	35702
1	35702
1	35702
1	35702
1	35702
1	35702
1	35702
1	35702
1	35702
1	35702
1	35702
1	35702
1	35702
1	35702
1	35702
1	35711
1	35711
1	35711
1	35714
1	35714
1	35714
1	35714
1	35714
1	35714
1	35714
1	35714
1	35714
1	35714
1	35714
1	35714
1	35714
1	35714
1	35714
1	35714
1	35714
1	35714
1	35727
1	35727
1	35727
1	35727
1	35727
1	35727
1	35727
1	35727
1	35727
1	35727
1	35727
1	35727
1	35727
1	35727
1	35727
1	35727
1	35727
1	35727
1	35727
1	35727
1	35727
1	35727
1	35730
1	35730
1	35730
1	35739
1	35739
1	35739
1	35739
1	35739
1	35739
1	35739
1	35739
1	35739
1	35739
1	35739
1	35739
1	35739
1	35739
1	35739
1	35739
1	35739
1	35739
1	35739
1	35739
1	35742
1	35742
1	35742
1	35742
1	35742
1	35751
1	35751
1	35751
1	35751
1	35751
1	35751
1	35751
1	35751
1	35751
1	35751
1	35751
1	35751
1	35751
1	35751
1	35751
1	35754
1	35754
1	35754
1	35754
1	35754
1	35754
1	35754
1	35754
1	35754
1	35754
1	35754
1	35754
1	35754
1	35763
1	35763
1	35763
1	35763
1	35763
1	35763
1	35766
1	35766
1	35766
1	35766
1	35766
1	35766
1	35766
1	35766
1	35766
1	35766
1	35766
1	35766
1	35766
1	35766
1	35766
1	35766
1	35766
1	35766
1	35766
1	35766
1	35766
1	35775
1	35775
1	35775
1	35775
1	35778
1	35778
1	35778
1	35778
1	35778
1	35778
1	35778
1	35778
1	35778
1	35778
1	35778
1	35778
1	35778
1	35778
1	35791
1	35791
1	35791
1	35791
1	35791
1	35791
1	35791
1	35791
1	35791
1	35791
1	35791
1	35791
1	35791
1	35791
1	35791
1	35791
1	35791
1	35791
1	35791
1	35791
1	35791
1	35791
1	35791
1	35791
1	35791
1	35803
1	35803
1	35803
1	35803
1	35803
1	35803
1	35803
1	35803
1	35803
1	35803
1	35803
1	35803
1	35803
1	35806
1	35806
1	35806
1	35806
1	35806
1	35806
1	35806
1	35815
1	35815
1	35815
1	35815
1	35815
1	35815
1	35815
1	35815
1	35815
1	35815
1	35815
1	35815
1	35815
1	35815
1	35815
1	35815
1	35815
1	35815
1	35815
1	35815
1	35818
1	35818
1	35818
1	35818
1	35818
1	35818
1	35818
1	35818
1	35818
1	35818
1	35827
1	35827
1	35827
1	35827
1	35830
1	35830
1	35830
1	35830
1	35830
1	35830
1	35830
1	35830
1	35830
1	35830
1	35830
1	35830
1	35830
1	35830
1	35830
1	35830
1	35840
1	35843
1	35843
1	35843
1	35843
1	35843
1	35843
1	35843
1	35843
1	35843
1	35843
1	35843
1	35843
1	35843
1	35843
1	35843
1	35843
1	35843
1	35843
1	35843
1	35843
1	35843
1	35843
1	35843
1	35855
1	35855
1	35855
1	35855
1	35855
1	35855
1	35855
1	35855
1	35855
1	35855
1	35855
1	35855
1	35855
1	35855
1	35855
1	35855
1	35855
1	35855
1	35858
1	35867
1	35867
1	35867
1	35867
1	35867
1	35867
1	35867
1	35867
1	35867
1	35867
1	35867
1	35867
1	35867
1	35867
1	35867
1	35867
1	35867
1	35870
1	35870
1	35870
1	35870
1	35870
1	35879
1	35879
1	35879
1	35879
1	35879
1	35879
1	35879
1	35879
1	35879
1	35879
1	35879
1	35879
1	35879
1	35879
1	35882
1	35882
1	35882
1	35882
1	35882
1	35882
1	35892
1	35892
1	35892
1	35892
1	35892
1	35892
1	35892
1	35895
1	35895
1	35895
1	35895
1	35895
1	35895
1	35895
1	35895
1	35895
1	35895
1	35895
1	35895
1	35895
1	35895
1	35895
1	35895
1	35895
1	35895
1	35895
1	35904
1	35907
1	35907
1	35907
1	35907
1	35907
1	35907
1	35907
1	35907
1	35907
1	35907
1	35907
1	35907
1	35907
1	35907
1	35907
1	35907
1	35907
1	35919
1	35919
1	35919
1	35919
1	35919
1	35919
1	35919
1	35919
1	35919
1	35919
1	35919
1	35919
1	35919
1	35919
1	35919
1	35919
1	35919
1	35919
1	35919
1	35919
1	35919
1	35922
1	35922
1	35922
1	35922
1	35932
1	35932
1	35932
1	35932
1	35932
1	35932
1	35932
1	35932
1	35932
1	35932
1	35932
1	35932
1	35935
1	35935
1	35935
1	35935
1	35935
1	35935
1	35935
1	35935
1	35944
1	35944
1	35944
1	35944
1	35944
1	35944
1	35944
1	35944
1	35944
1	35944
1	35944
1	35944
1	35947
1	35947
1	35947
1	35947
1	35956
1	35956
1	35956
1	35956
1	35956
1	35956
1	35956
1	35959
1	35959
1	35959
1	35959
1	35959
1	35959
1	35959
1	35959
1	35959
1	35969
1	35969
1	35969
1	35969
1	35969
1	35972
1	35972
1	35972
1	35972
1	35972
1	35972
1	35972
1	35972
1	35972
1	35972
1	35972
1	35972
1	35972
1	35972
1	35972
1	35972
1	35972
1	35972
1	35972
1	35972
1	35984
1	35984
1	35984
1	35984
1	35984
1	35984
1	35984
1	35984
1	35984
1	35984
1	35984
1	35984
1	35984
1	35984
1	35984
1	35984
1	35984
1	35987
1	35996
1	35996
1	35996
1	35996
1	35996
1	35996
1	35996
1	35996
1	35996
1	35996
1	35996
1	35996
1	35996
1	35996
1	35996
1	35996
1	35996
1	35996
1	35996
1	35996
1	35996
1	35996
1	35996
1	35996
1	35996
1	35996
1	35996
1	36000
1	36000
1	36000
1	36000
1	36009
1	36009
1	36009
1	36009
1	36009
1	36009
1	36009
1	36009
1	36009
1	36012
1	36012
1	36012
1	36012
1	36012
1	36012
1	36012
1	36012
1	36012
1	36012
1	36012
1	36021
1	36021
1	36021
1	36021
1	36021
1	36021
1	36021
1	36021
1	36021
1	36024
1	36024
1	36024
1	36024
1	36024
1	36024
1	36024
1	36024
1	36024
1	36034
1	36034
1	36037
1	36037
1	36037
1	36037
1	36037
1	36037
1	36037
1	36037
1	36037
1	36037
1	36037
1	36037
1	36037
1	36037
1	36037
1	36037
1	36037
1	36037
1	36037
1	36037
1	36049
1	36049
1	36049
1	36049
1	36049
1	36049
1	36049
1	36049
1	36049
1	36049
1	36049
1	36049
1	36049
1	36049
1	36049
1	36049
1	36049
1	36049
1	36049
1	36049
1	36049
1	36049
1	36049
1	36049
1	36049
1	36049
1	36049
1	36049
1	36049
1	36049
1	36049
1	36052
1	36061
1	36061
1	36061
1	36061
1	36061
1	36061
1	36061
1	36061
1	36061
1	36061
1	36061
1	36061
1	36061
1	36061
1	36061
1	36061
1	36061
1	36061
1	36061
1	36061
1	36061
1	36061
1	36061
1	36065
1	36065
1	36074
1	36074
1	36074
1	36074
1	36074
1	36074
1	36074
1	36074
1	36074
1	36074
1	36074
1	36074
1	36074
1	36074
1	36077
1	36077
1	36077
1	36086
1	36086
1	36086
1	36086
1	36086
1	36086
1	36089
1	36089
1	36089
1	36089
1	36089
1	36089
1	36089
1	36089
1	36099
1	36099
1	36099
1	36099
1	36102
1	36102
1	36102
1	36102
1	36102
1	36102
1	36102
1	36102
1	36102
1	36102
1	36102
1	36102
1	36102
1	36102
1	36102
1	36102
1	36102
1	36102
1	36102
1	36102
1	36102
1	36102
1	36114
1	36114
1	36114
1	36114
1	36114
1	36114
1	36114
1	36114
1	36114
1	36114
1	36114
1	36114
1	36114
1	36114
1	36114
1	36114
1	36114
1	36114
1	36114
1	36114
1	36114
1	36114
1	36127
1	36127
1	36127
1	36127
1	36127
1	36127
1	36127
1	36127
1	36127
1	36127
1	36127
1	36127
1	36127
1	36130
1	36130
1	36130
1	36139
1	36139
1	36139
1	36139
1	36139
1	36139
1	36142
1	36142
1	36142
1	36142
1	36142
1	36142
1	36142
1	36142
1	36152
1	36152
1	36152
1	36152
1	36152
1	36152
1	36152
1	36152
1	36152
1	36152
1	36152
1	36152
1	36155
1	36155
1	36155
1	36155
1	36155
1	36155
1	36155
1	36164
1	36164
1	36164
1	36164
1	36167
1	36167
1	36167
1	36167
1	36167
1	36167
1	36167
1	36167
1	36167
1	36167
1	36167
1	36167
1	36167
1	36167
1	36167
1	36177
1	36177
1	36180
1	36180
1	36180
1	36180
1	36180
1	36180
1	36180
1	36180
1	36180
1	36180
1	36180
1	36180
1	36180
1	36180
1	36192
1	36192
1	36192
1	36192
1	36192
1	36192
1	36192
1	36192
1	36192
1	36192
1	36195
1	36195
1	36195
1	36195
1	36195
1	36195
1	36205
1	36205
1	36205
1	36205
1	36205
1	36205
1	36205
1	36205
1	36205
1	36205
1	36205
1	36205
1	36208
1	36208
1	36208
1	36208
1	36208
1	36208
1	36208
1	36208
1	36208
1	36208
1	36217
1	36217
1	36217
1	36217
1	36217
1	36217
1	36217
1	36217
1	36217
1	36217
1	36217
1	36217
1	36217
1	36217
1	36217
1	36217
1	36220
1	36220
1	36220
1	36220
1	36220
1	36220
1	36220
1	36230
1	36230
1	36233
1	36233
1	36233
1	36233
1	36233
1	36233
1	36233
1	36233
1	36233
1	36233
1	36233
1	36233
1	36233
1	36233
1	36242
1	36242
1	36245
1	36245
1	36245
1	36245
1	36245
1	36245
1	36245
1	36245
1	36245
1	36245
1	36245
1	36245
1	36245
1	36245
1	36245
1	36245
1	36245
1	36245
1	36245
1	36245
1	36245
1	36258
1	36258
1	36258
1	36258
1	36258
1	36258
1	36258
1	36258
1	36258
1	36258
1	36258
1	36258
1	36258
1	36258
1	36261
1	36261
1	36270
1	36270
1	36270
1	36270
1	36270
1	36270
1	36270
1	36270
1	36270
1	36270
1	36270
1	36270
1	36270
1	36270
1	36270
1	36270
1	36270
1	36270
1	36270
1	36273
1	36273
1	36273
1	36273
1	36273
1	36273
1	36273
1	36273
1	36273
1	36283
1	36283
1	36283
1	36283
1	36283
1	36283
1	36283
1	36283
1	36283
1	36283
1	36283
1	36283
1	36283
1	36283
1	36283
1	36286
1	36286
1	36286
1	36286
1	36286
1	36286
1	36286
1	36286
1	36286
1	36286
1	36286
1	36295
1	36295
1	36295
1	36295
1	36295
1	36295
1	36295
1	36295
1	36295
1	36295
1	36299
1	36299
1	36299
1	36299
1	36299
1	36299
1	36299
1	36299
1	36299
1	36308
1	36311
1	36311
1	36311
1	36311
1	36311
1	36311
1	36311
1	36311
1	36311
1	36311
1	36311
1	36311
1	36311
1	36311
1	36311
1	36311
1	36311
1	36311
1	36311
1	36324
1	36324
1	36324
1	36324
1	36324
1	36324
1	36324
1	36324
1	36324
1	36324
1	36324
1	36324
1	36324
1	36324
1	36324
1	36324
1	36324
1	36324
1	36324
1	36324
1	36324
1	36324
1	36324
1	36327
1	36336
1	36336
1	36336
1	36336
1	36336
1	36336
1	36336
1	36336
1	36336
1	36336
1	36336
1	36336
1	36339
1	36339
1	36339
1	36339
1	36339
1	36339
1	36339
1	36339
1	36349
1	36349
1	36349
1	36349
1	36349
1	36349
1	36349
1	36349
1	36349
1	36352
1	36352
1	36352
1	36352
1	36352
1	36352
1	36352
1	36352
1	36352
1	36352
1	36362
1	36362
1	36362
1	36362
1	36365
1	36365
1	36365
1	36365
1	36365
1	36365
1	36365
1	36365
1	36365
1	36365
1	36365
1	36365
1	36365
1	36365
1	36365
1	36365
1	36365
1	36374
1	36377
1	36377
1	36377
1	36377
1	36377
1	36377
1	36377
1	36377
1	36377
1	36377
1	36377
1	36377
1	36377
1	36377
1	36377
1	36377
1	36377
1	36377
1	36377
1	36377
1	36390
1	36390
1	36390
1	36390
1	36390
1	36390
1	36390
1	36390
1	36390
1	36390
1	36390
1	36390
1	36390
1	36390
1	36390
1	36390
1	36393
1	36403
1	36403
1	36403
1	36403
1	36403
1	36403
1	36403
1	36403
1	36403
1	36403
1	36403
1	36403
1	36403
1	36403
1	36403
1	36406
1	36406
1	36406
1	36406
1	36415
1	36415
1	36415
1	36415
1	36415
1	36415
1	36415
1	36415
1	36415
1	36415
1	36415
1	36415
1	36415
1	36418
1	36418
1	36418
1	36418
1	36418
1	36418
1	36418
1	36418
1	36428
1	36428
1	36428
1	36428
1	36428
1	36428
1	36428
1	36428
1	36428
1	36431
1	36431
1	36431
1	36431
1	36431
1	36431
1	36431
1	36431
1	36431
1	36431
1	36431
1	36431
1	36431
1	36431
1	36441
1	36441
1	36441
1	36444
1	36444
1	36444
1	36444
1	36444
1	36444
1	36444
1	36444
1	36444
1	36444
1	36444
1	36444
1	36444
1	36444
1	36444
1	36444
1	36444
1	36444
1	36456
1	36456
1	36456
1	36456
1	36456
1	36456
1	36456
1	36456
1	36456
1	36456
1	36456
1	36456
1	36456
1	36456
1	36456
1	36456
1	36456
1	36456
1	36456
1	36456
1	36456
1	36460
1	36469
1	36469
1	36469
1	36469
1	36469
1	36469
1	36469
1	36469
1	36469
1	36469
1	36469
1	36469
1	36469
1	36469
1	36469
1	36469
1	36469
1	36469
1	36469
1	36469
1	36469
1	36472
1	36472
1	36472
1	36472
1	36472
1	36482
1	36482
1	36482
1	36482
1	36485
1	36485
1	36485
1	36485
1	36485
1	36485
1	36485
1	36485
1	36485
1	36485
1	36494
1	36494
1	36494
1	36498
1	36498
1	36498
1	36498
1	36498
1	36498
1	36498
1	36498
1	36498
1	36498
1	36498
1	36498
1	36498
1	36498
1	36507
1	36507
1	36510
1	36510
1	36510
1	36510
1	36510
1	36510
1	36510
1	36510
1	36510
1	36510
1	36523
1	36523
1	36523
1	36523
1	36523
1	36523
1	36523
1	36523
1	36523
1	36523
1	36523
1	36523
1	36523
1	36523
1	36523
1	36523
1	36523
1	36523
1	36523
1	36523
1	36536
1	36536
1	36536
1	36536
1	36536
1	36536
1	36536
1	36536
1	36536
1	36536
1	36536
1	36536
1	36536
1	36536
1	36536
1	36536
1	36536
1	36536
1	36536
1	36536
1	36536
1	36536
1	36536
1	36536
1	36536
1	36536
1	36548
1	36548
1	36548
1	36548
1	36548
1	36548
1	36548
1	36548
1	36548
1	36548
1	36548
1	36548
1	36548
1	36552
1	36552
1	36552
1	36552
1	36561
1	36561
1	36561
1	36561
1	36561
1	36561
1	36561
1	36561
1	36564
1	36564
1	36564
1	36564
1	36564
1	36564
1	36564
1	36564
1	36564
1	36564
1	36564
1	36564
1	36564
1	36564
1	36574
1	36574
1	36577
1	36577
1	36577
1	36577
1	36577
1	36577
1	36577
1	36577
1	36577
1	36577
1	36577
1	36577
1	36577
1	36577
1	36577
1	36590
1	36590
1	36590
1	36590
1	36590
1	36590
1	36590
1	36590
1	36590
1	36590
1	36590
1	36590
1	36590
1	36590
1	36590
1	36590
1	36590
1	36590
1	36590
1	36590
1	36590
1	36603
1	36603
1	36603
1	36603
1	36603
1	36603
1	36603
1	36603
1	36603
1	36603
1	36603
1	36603
1	36603
1	36603
1	36603
1	36603
1	36603
1	36603
1	36603
1	36603
1	36603
1	36603
1	36603
1	36603
1	36606
1	36606
1	36606
1	36606
1	36606
1	36606
1	36615
1	36615
1	36615
1	36615
1	36615
1	36615
1	36615
1	36615
1	36615
1	36615
1	36615
1	36615
1	36615
1	36615
1	36615
1	36615
1	36615
1	36615
1	36619
1	36619
1	36619
1	36619
1	36619
1	36619
1	36619
1	36619
1	36619
1	36619
1	36619
1	36619
1	36628
1	36628
1	36628
1	36628
1	36628
1	36631
1	36631
1	36631
1	36631
1	36631
1	36631
1	36631
1	36631
1	36631
1	36631
1	36641
1	36641
1	36641
1	36641
1	36641
1	36641
1	36641
1	36644
1	36644
1	36644
1	36644
1	36644
1	36644
1	36644
1	36644
1	36644
1	36644
1	36644
1	36644
1	36644
1	36654
1	36654
1	36657
1	36657
1	36657
1	36657
1	36657
1	36657
1	36657
1	36657
1	36657
1	36657
1	36657
1	36657
1	36657
1	36657
1	36657
1	36657
1	36657
1	36657
1	36657
1	36657
1	36670
1	36670
1	36670
1	36670
1	36670
1	36670
1	36670
1	36670
1	36670
1	36670
1	36670
1	36670
1	36670
1	36670
1	36670
1	36670
1	36670
1	36670
1	36670
1	36670
1	36670
1	36670
1	36670
1	36670
1	36683
1	36683
1	36683
1	36683
1	36683
1	36683
1	36683
1	36683
1	36683
1	36683
1	36683
1	36683
1	36683
1	36683
1	36683
1	36683
1	36683
1	36683
1	36683
1	36686
1	36686
1	36686
1	36686
1	36696
1	36696
1	36696
1	36696
1	36696
1	36696
1	36696
1	36696
1	36696
1	36699
1	36699
1	36699
1	36699
1	36699
1	36699
1	36699
1	36699
1	36699
1	36699
1	36708
1	36708
1	36708
1	36708
1	36708
1	36708
1	36708
1	36708
1	36712
1	36712
1	36712
1	36712
1	36712
1	36712
1	36712
1	36712
1	36712
1	36712
1	36712
1	36721
1	36721
1	36721
1	36724
1	36724
1	36724
1	36724
1	36724
1	36724
1	36724
1	36724
1	36724
1	36724
1	36724
1	36724
1	36724
1	36724
1	36724
1	36724
1	36724
1	36724
1	36724
1	36724
1	36737
1	36737
1	36737
1	36737
1	36737
1	36737
1	36737
1	36737
1	36737
1	36737
1	36737
1	36737
1	36737
1	36737
1	36737
1	36737
1	36737
1	36737
1	36737
1	36737
1	36737
1	36737
1	36741
1	36741
1	36750
1	36750
1	36750
1	36750
1	36750
1	36750
1	36750
1	36750
1	36750
1	36750
1	36750
1	36750
1	36750
1	36753
1	36753
1	36753
1	36753
1	36753
1	36763
1	36763
1	36763
1	36763
1	36766
1	36766
1	36766
1	36766
1	36766
1	36766
1	36766
1	36766
1	36766
1	36766
1	36766
1	36776
1	36776
1	36776
1	36776
1	36776
1	36776
1	36776
1	36776
1	36776
1	36779
1	36779
1	36779
1	36779
1	36779
1	36779
1	36779
1	36779
1	36779
1	36779
1	36779
1	36789
1	36789
1	36792
1	36792
1	36792
1	36792
1	36792
1	36792
1	36792
1	36792
1	36792
1	36792
1	36792
1	36792
1	36792
1	36792
1	36792
1	36792
1	36792
1	36792
1	36792
1	36792
1	36805
1	36805
1	36805
1	36805
1	36805
1	36805
1	36805
1	36805
1	36805
1	36805
1	36805
1	36805
1	36805
1	36805
1	36805
1	36805
1	36805
1	36805
1	36805
1	36805
1	36805
1	36805
1	36805
1	36805
1	36805
1	36808
1	36808
1	36808
1	36818
1	36818
1	36818
1	36818
1	36818
1	36818
1	36818
1	36818
1	36818
1	36818
1	36818
1	36818
1	36818
1	36818
1	36818
1	36818
1	36818
1	36818
1	36818
1	36818
1	36818
1	36818
1	36821
1	36821
1	36821
1	36821
1	36821
1	36831
1	36831
1	36831
1	36831
1	36831
1	36831
1	36831
1	36831
1	36831
1	36831
1	36831
1	36831
1	36831
1	36831
1	36831
1	36831
1	36834
1	36834
1	36834
1	36834
1	36834
1	36834
1	36834
1	36834
1	36834
1	36834
1	36834
1	36834
1	36834
1	36844
1	36844
1	36844
1	36844
1	36844
1	36844
1	36844
1	36844
1	36844
1	36844
1	36847
1	36847
1	36847
1	36847
1	36847
1	36847
1	36847
1	36847
1	36847
1	36847
1	36847
1	36847
1	36847
1	36847
1	36847
1	36847
1	36847
1	36847
1	36847
1	36857
1	36857
1	36857
1	36857
1	36857
1	36857
1	36860
1	36860
1	36860
1	36860
1	36860
1	36860
1	36860
1	36860
1	36860
1	36860
1	36860
1	36860
1	36860
1	36860
1	36860
1	36860
1	36860
1	36860
1	36873
1	36873
1	36873
1	36873
1	36873
1	36873
1	36873
1	36873
1	36873
1	36873
1	36873
1	36873
1	36873
1	36873
1	36873
1	36873
1	36873
1	36873
1	36873
1	36873
1	36873
1	36873
1	36873
1	36873
1	36873
1	36873
1	36873
1	36873
1	36873
1	36873
1	36876
1	36886
1	36886
1	36886
1	36886
1	36886
1	36886
1	36886
1	36886
1	36886
1	36886
1	36886
1	36886
1	36886
1	36889
1	36889
1	36889
1	36889
1	36889
1	36889
1	36889
1	36889
1	36889
1	36889
1	36889
1	36889
1	36899
1	36899
1	36899
1	36899
1	36899
1	36899
1	36899
1	36899
1	36899
1	36899
1	36899
1	36899
1	36902
1	36902
1	36902
1	36902
1	36902
1	36902
1	36902
1	36902
1	36902
1	36912
1	36912
1	36912
1	36912
1	36912
1	36912
1	36912
1	36912
1	36912
1	36912
1	36912
1	36915
1	36915
1	36915
1	36915
1	36915
1	36915
1	36915
1	36915
1	36915
1	36915
1	36915
1	36915
1	36915
1	36915
1	36925
1	36925
1	36925
1	36925
1	36925
1	36928
1	36928
1	36928
1	36928
1	36928
1	36928
1	36928
1	36928
1	36928
1	36928
1	36941
1	36941
1	36941
1	36941
1	36941
1	36941
1	36941
1	36941
1	36941
1	36941
1	36941
1	36941
1	36941
1	36941
1	36941
1	36941
1	36941
1	36954
1	36954
1	36954
1	36954
1	36954
1	36954
1	36954
1	36954
1	36954
1	36954
1	36954
1	36954
1	36954
1	36954
1	36954
1	36954
1	36954
1	36957
1	36957
1	36967
1	36967
1	36967
1	36967
1	36967
1	36967
1	36967
1	36967
1	36967
1	36967
1	36967
1	36967
1	36967
1	36967
1	36967
1	36967
1	36967
1	36967
1	36971
1	36971
1	36971
1	36971
1	36971
1	36971
1	36971
1	36971
1	36971
1	36971
1	36980
1	36980
1	36980
1	36980
1	36980
1	36980
1	36980
1	36980
1	36980
1	36980
1	36980
1	36984
1	36984
1	36984
1	36984
1	36984
1	36984
1	36984
1	36984
1	36984
1	36984
1	36984
1	36993
1	36993
1	36993
1	36997
1	36997
1	36997
1	36997
1	36997
1	36997
1	36997
1	36997
1	36997
1	36997
1	36997
1	36997
1	36997
1	36997
1	36997
1	36997
1	36997
1	36997
1	36997
1	36997
1	36997
1	36997
1	36997
1	37010
1	37010
1	37010
1	37010
1	37010
1	37010
1	37010
1	37010
1	37010
1	37010
1	37010
1	37010
1	37010
1	37010
1	37010
1	37010
1	37010
1	37010
1	37010
1	37010
1	37010
1	37010
1	37010
1	37010
1	37010
1	37010
1	37023
1	37023
1	37023
1	37023
1	37023
1	37023
1	37023
1	37023
1	37023
1	37023
1	37023
1	37023
1	37023
1	37023
1	37023
1	37023
1	37023
1	37023
1	37023
1	37023
1	37023
1	37026
1	37026
1	37036
1	37036
1	37036
1	37036
1	37036
1	37036
1	37036
1	37036
1	37036
1	37036
1	37036
1	37036
1	37036
1	37036
1	37036
1	37036
1	37036
1	37036
1	37036
1	37039
1	37039
1	37039
1	37039
1	37039
1	37049
1	37049
1	37049
1	37049
1	37049
1	37051
1	37052
1	37052
1	37052
1	37052
1	37052
1	37052
1	37052
1	37052
1	37052
1	37052
1	37052
1	37052
1	37052
1	37052
1	37052
1	37052
1	37052
1	37062
1	37062
1	37062
1	37062
1	37062
1	37065
1	37065
1	37065
1	37065
1	37065
1	37065
1	37065
1	37065
1	37065
1	37065
1	37065
1	37065
1	37065
1	37065
1	37065
1	37065
1	37075
1	37075
1	37075
1	37078
1	37078
1	37078
1	37078
1	37078
1	37078
1	37078
1	37078
1	37078
1	37078
1	37078
1	37078
1	37078
1	37078
1	37078
1	37078
1	37078
1	37078
1	37078
1	37078
1	37091
1	37091
1	37091
1	37091
1	37091
1	37091
1	37091
1	37091
1	37091
1	37091
1	37091
1	37091
1	37091
1	37091
1	37095
1	37095
1	37095
1	37105
1	37105
1	37105
1	37105
1	37105
1	37105
1	37105
1	37105
1	37105
1	37105
1	37105
1	37105
1	37105
1	37108
1	37108
1	37108
1	37108
1	37108
1	37108
1	37108
1	37108
1	37118
1	37118
1	37118
1	37118
1	37118
1	37118
1	37121
1	37121
1	37121
1	37121
1	37121
1	37121
1	37121
1	37121
1	37121
1	37121
1	37121
1	37121
1	37121
1	37131
1	37131
1	37131
1	37131
1	37131
1	37131
1	37134
1	37134
1	37134
1	37134
1	37134
1	37134
1	37134
1	37134
1	37134
1	37134
1	37134
1	37134
1	37134
1	37134
1	37134
1	37134
1	37134
1	37134
1	37134
1	37134
1	37144
1	37144
1	37144
1	37144
1	37147
1	37147
1	37147
1	37147
1	37147
1	37147
1	37147
1	37147
1	37147
1	37147
1	37147
1	37147
1	37147
1	37147
1	37147
1	37147
1	37147
1	37147
1	37147
1	37147
1	37147
1	37147
1	37147
1	37147
1	37160
1	37160
1	37160
1	37160
1	37160
1	37160
1	37160
1	37160
1	37160
1	37160
1	37160
1	37164
1	37164
1	37164
1	37164
1	37174
1	37174
1	37174
1	37174
1	37174
1	37174
1	37174
1	37174
1	37174
1	37174
1	37174
1	37174
1	37174
1	37174
1	37174
1	37174
1	37174
1	37177
1	37177
1	37177
1	37177
1	37177
1	37177
1	37177
1	37177
1	37187
1	37187
1	37187
1	37187
1	37187
1	37187
1	37187
1	37187
1	37187
1	37187
1	37187
1	37187
1	37187
1	37187
1	37190
1	37190
1	37190
1	37190
1	37190
1	37190
1	37190
1	37190
1	37190
1	37190
1	37190
1	37190
1	37200
1	37200
1	37200
1	37200
1	37203
1	37203
1	37203
1	37203
1	37203
1	37203
1	37203
1	37203
1	37203
1	37203
1	37203
1	37203
1	37203
1	37203
1	37203
1	37203
1	37203
1	37217
1	37217
1	37217
1	37217
1	37217
1	37217
1	37217
1	37217
1	37217
1	37217
1	37217
1	37217
1	37217
1	37217
1	37217
1	37217
1	37230
1	37230
1	37230
1	37230
1	37230
1	37230
1	37230
1	37230
1	37230
1	37230
1	37230
1	37230
1	37230
1	37230
1	37230
1	37230
1	37230
1	37230
1	37230
1	37230
1	37230
1	37230
1	37230
1	37230
1	37230
1	37230
1	37230
1	37230
1	37233
1	37233
1	37243
1	37243
1	37243
1	37243
1	37243
1	37243
1	37243
1	37243
1	37243
1	37243
1	37243
1	37243
1	37243
1	37243
1	37243
1	37243
1	37243
1	37246
1	37246
1	37246
1	37246
1	37246
1	37246
1	37246
1	37246
1	37246
1	37256
1	37256
1	37256
1	37256
1	37256
1	37256
1	37256
1	37256
1	37260
1	37260
1	37260
1	37260
1	37260
1	37260
1	37260
1	37260
1	37260
1	37260
1	37260
1	37260
1	37260
1	37269
1	37269
1	37269
1	37269
1	37269
1	37269
1	37269
1	37269
1	37269
1	37273
1	37273
1	37273
1	37273
1	37273
1	37273
1	37273
1	37273
1	37273
1	37273
1	37283
1	37286
1	37286
1	37286
1	37286
1	37286
1	37286
1	37286
1	37286
1	37286
1	37286
1	37286
1	37286
1	37286
1	37286
1	37286
1	37286
1	37286
1	37286
1	37286
1	37286
1	37286
1	37286
1	37286
1	37299
1	37299
1	37299
1	37299
1	37299
1	37299
1	37299
1	37299
1	37299
1	37299
1	37299
1	37299
1	37299
1	37299
1	37299
1	37299
1	37299
1	37299
1	37299
1	37299
1	37299
1	37299
1	37299
1	37313
1	37313
1	37313
1	37313
1	37313
1	37313
1	37313
1	37313
1	37313
1	37313
1	37313
1	37313
1	37313
1	37316
1	37316
1	37316
1	37316
1	37316
1	37326
1	37326
1	37326
1	37326
1	37326
1	37326
1	37326
1	37326
1	37326
1	37326
1	37326
1	37326
1	37326
1	37329
1	37329
1	37329
1	37329
1	37329
1	37329
1	37329
1	37329
1	37329
1	37329
1	37329
1	37329
1	37329
1	37329
1	37329
1	37329
1	37329
1	37329
1	37339
1	37339
1	37339
1	37339
1	37339
1	37339
1	37339
1	37339
1	37339
1	37339
1	37339
1	37339
1	37339
1	37342
1	37342
1	37342
1	37342
1	37342
1	37342
1	37342
1	37342
1	37342
1	37342
1	37342
1	37342
1	37342
1	37342
1	37342
1	37342
1	37342
1	37342
1	37352
1	37352
1	37352
1	37352
1	37352
1	37352
1	37356
1	37356
1	37356
1	37356
1	37356
1	37356
1	37356
1	37356
1	37356
1	37356
1	37356
1	37356
1	37356
1	37356
1	37356
1	37356
1	37356
1	37356
1	37356
1	37356
1	37356
1	37356
1	37356
1	37369
1	37369
1	37369
1	37369
1	37369
1	37369
1	37369
1	37369
1	37369
1	37369
1	37369
1	37369
1	37369
1	37369
1	37369
1	37369
1	37369
1	37369
1	37369
1	37369
1	37369
1	37369
1	37369
1	37369
1	37370
1	37370
1	37372
1	37382
1	37382
1	37382
1	37382
1	37382
1	37382
1	37382
1	37382
1	37382
1	37382
1	37382
1	37382
1	37382
1	37382
1	37382
1	37382
1	37382
1	37382
1	37382
1	37382
1	37386
1	37386
1	37386
1	37396
1	37396
1	37396
1	37396
1	37396
1	37396
1	37396
1	37396
1	37396
1	37396
1	37396
1	37396
1	37396
1	37396
1	37396
1	37399
1	37399
1	37399
1	37399
1	37399
1	37399
1	37399
1	37399
1	37399
1	37409
1	37409
1	37409
1	37409
1	37409
1	37409
1	37409
1	37409
1	37409
1	37409
1	37409
1	37409
1	37409
1	37409
1	37409
1	37412
1	37412
1	37412
1	37412
1	37412
1	37412
1	37412
1	37412
1	37412
1	37412
1	37412
1	37412
1	37412
1	37412
1	37412
1	37422
1	37422
1	37422
1	37422
1	37426
1	37426
1	37426
1	37426
1	37426
1	37426
1	37426
1	37426
1	37426
1	37426
1	37426
1	37426
1	37439
1	37439
1	37439
1	37439
1	37439
1	37439
1	37439
1	37439
1	37439
1	37439
1	37439
1	37439
1	37439
1	37439
1	37439
1	37439
1	37439
1	37439
1	37439
1	37442
1	37452
1	37452
1	37452
1	37452
1	37452
1	37452
1	37452
1	37452
1	37452
1	37452
1	37452
1	37452
1	37452
1	37452
1	37456
1	37456
1	37456
1	37456
1	37456
1	37466
1	37466
1	37466
1	37466
1	37466
1	37466
1	37466
1	37466
1	37469
1	37469
1	37469
1	37469
1	37469
1	37469
1	37469
1	37479
1	37479
1	37479
1	37479
1	37479
1	37479
1	37479
1	37479
1	37479
1	37479
1	37479
1	37483
1	37483
1	37483
1	37483
1	37483
1	37483
1	37483
1	37483
1	37483
1	37483
1	37483
1	37493
1	37493
1	37493
1	37493
1	37493
1	37496
1	37496
1	37496
1	37496
1	37496
1	37496
1	37496
1	37496
1	37496
1	37509
1	37509
1	37509
1	37509
1	37509
1	37509
1	37509
1	37509
1	37509
1	37509
1	37509
1	37509
1	37509
1	37509
1	37509
1	37509
1	37509
1	37509
1	37509
1	37509
1	37509
1	37509
1	37509
1	37509
1	37523
1	37523
1	37523
1	37523
1	37523
1	37523
1	37523
1	37523
1	37523
1	37523
1	37523
1	37523
1	37523
1	37526
1	37536
1	37536
1	37536
1	37536
1	37536
1	37536
1	37536
1	37536
1	37536
1	37536
1	37536
1	37536
1	37536
1	37540
1	37540
1	37540
1	37540
1	37540
1	37540
1	37540
1	37540
1	37540
1	37540
1	37550
1	37550
1	37550
1	37550
1	37550
1	37550
1	37550
1	37550
1	37550
1	37550
1	37550
1	37550
1	37550
1	37553
1	37553
1	37553
1	37553
1	37553
1	37553
1	37553
1	37553
1	37553
1	37553
1	37553
1	37553
1	37553
1	37553
1	37553
1	37553
1	37553
1	37553
1	37553
1	37553
1	37563
1	37563
1	37563
1	37563
1	37563
1	37563
1	37563
1	37563
1	37563
1	37567
1	37567
1	37567
1	37567
1	37567
1	37567
1	37567
1	37567
1	37567
1	37567
1	37567
1	37567
1	37567
1	37567
1	37567
1	37567
1	37577
1	37580
1	37580
1	37580
1	37580
1	37580
1	37580
1	37580
1	37580
1	37580
1	37580
1	37580
1	37580
1	37580
1	37580
1	37580
1	37580
1	37580
1	37580
1	37580
1	37580
1	37580
1	37580
1	37580
1	37580
1	37580
1	37580
1	37580
1	37580
1	37580
1	37580
1	37580
1	37593
1	37593
1	37593
1	37593
1	37593
1	37593
1	37593
1	37593
1	37593
1	37593
1	37593
1	37593
1	37593
1	37593
1	37593
1	37593
1	37593
1	37593
1	37593
1	37593
1	37593
1	37593
1	37593
1	37593
1	37593
1	37593
1	37593
1	37597
1	37597
1	37597
1	37597
1	37597
1	37597
1	37597
1	37607
1	37607
1	37607
1	37607
1	37607
1	37607
1	37607
1	37607
1	37607
1	37607
1	37607
1	37607
1	37607
1	37607
1	37607
1	37607
1	37607
1	37610
1	37610
1	37610
1	37610
1	37610
1	37610
1	37610
1	37610
1	37610
1	37610
1	37620
1	37620
1	37620
1	37620
1	37620
1	37620
1	37624
1	37624
1	37624
1	37624
1	37624
1	37624
1	37624
1	37624
1	37624
1	37624
1	37624
1	37624
1	37624
1	37624
1	37624
1	37624
1	37624
1	37624
1	37634
1	37634
1	37634
1	37634
1	37634
1	37634
1	37634
1	37634
1	37634
1	37637
1	37637
1	37637
1	37637
1	37637
1	37637
1	37637
1	37637
1	37637
1	37637
1	37637
1	37637
1	37637
1	37637
1	37637
1	37637
1	37637
1	37637
1	37637
1	37637
1	37637
1	37637
1	37637
1	37637
1	37637
1	37637
1	37647
1	37647
1	37651
1	37651
1	37651
1	37651
1	37651
1	37651
1	37651
1	37651
1	37651
1	37651
1	37651
1	37651
1	37651
1	37651
1	37651
1	37651
1	37651
1	37651
1	37651
1	37651
1	37651
1	37651
1	37664
1	37664
1	37664
1	37664
1	37664
1	37664
1	37664
1	37664
1	37664
1	37664
1	37664
1	37664
1	37664
1	37664
1	37664
1	37664
1	37664
1	37664
1	37664
1	37664
1	37664
1	37664
1	37664
1	37664
1	37664
1	37664
1	37664
1	37664
1	37664
1	37668
1	37678
1	37678
1	37678
1	37678
1	37678
1	37678
1	37678
1	37678
1	37678
1	37678
1	37678
1	37678
1	37678
1	37678
1	37678
1	37678
1	37678
1	37678
1	37678
1	37678
1	37678
1	37681
1	37681
1	37681
1	37681
1	37681
1	37681
1	37681
1	37681
1	37681
1	37681
1	37681
1	37681
1	37691
1	37691
1	37691
1	37691
1	37691
1	37691
1	37691
1	37695
1	37695
1	37695
1	37695
1	37695
1	37695
1	37695
1	37695
1	37695
1	37695
1	37695
1	37695
1	37695
1	37695
1	37695
1	37695
1	37705
1	37705
1	37705
1	37708
1	37708
1	37708
1	37708
1	37708
1	37708
1	37708
1	37708
1	37708
1	37708
1	37708
1	37708
1	37708
1	37708
1	37708
1	37708
1	37708
1	37708
1	37708
1	37708
1	37708
1	37708
1	37719
1	37719
1	37722
1	37722
1	37722
1	37722
1	37722
1	37722
1	37722
1	37722
1	37722
1	37722
1	37722
1	37722
1	37722
1	37722
1	37722
1	37722
1	37722
1	37722
1	37722
1	37722
1	37722
1	37722
1	37722
1	37722
1	37722
1	37722
1	37736
1	37736
1	37736
1	37736
1	37736
1	37736
1	37736
1	37736
1	37736
1	37736
1	37736
1	37736
1	37736
1	37736
1	37736
1	37736
1	37736
1	37736
1	37736
1	37736
1	37736
1	37739
1	37749
1	37749
1	37749
1	37749
1	37749
1	37749
1	37749
1	37749
1	37749
1	37749
1	37749
1	37749
1	37749
1	37749
1	37749
1	37749
1	37749
1	37753
1	37753
1	37753
1	37753
1	37753
1	37753
1	37763
1	37763
1	37763
1	37763
1	37763
1	37763
1	37763
1	37763
1	37763
1	37763
1	37763
1	37766
1	37766
1	37766
1	37766
1	37766
1	37766
1	37766
1	37766
1	37766
1	37766
1	37766
1	37766
1	37766
1	37776
1	37776
1	37780
1	37780
1	37780
1	37780
1	37780
1	37780
1	37780
1	37780
1	37780
1	37780
1	37780
1	37780
1	37780
1	37780
1	37780
1	37780
1	37780
1	37780
1	37780
1	37780
1	37780
1	37790
1	37790
1	37790
1	37790
1	37793
1	37793
1	37793
1	37793
1	37793
1	37793
1	37793
1	37793
1	37793
1	37793
1	37793
1	37793
1	37793
1	37793
1	37793
1	37793
1	37793
1	37793
1	37793
1	37807
1	37807
1	37807
1	37807
1	37807
1	37807
1	37807
1	37807
1	37807
1	37807
1	37807
1	37807
1	37807
1	37807
1	37810
1	37810
1	37821
1	37821
1	37821
1	37821
1	37821
1	37821
1	37821
1	37821
1	37821
1	37821
1	37821
1	37821
1	37821
1	37821
1	37821
1	37824
1	37824
1	37824
1	37824
1	37834
1	37834
1	37834
1	37834
1	37834
1	37834
1	37834
1	37834
1	37834
1	37834
1	37834
1	37834
1	37834
1	37838
1	37838
1	37838
1	37838
1	37838
1	37838
1	37838
1	37838
1	37838
1	37838
1	37848
1	37848
1	37848
1	37848
1	37848
1	37848
1	37848
1	37848
1	37848
1	37848
1	37848
1	37848
1	37848
1	37851
1	37851
1	37851
1	37851
1	37851
1	37851
1	37851
1	37851
1	37851
1	37851
1	37851
1	37851
1	37851
1	37851
1	37851
1	37851
1	37851
1	37851
1	37851
1	37851
1	37851
1	37851
1	37851
1	37862
1	37862
1	37865
1	37865
1	37865
1	37865
1	37865
1	37865
1	37865
1	37865
1	37865
1	37865
1	37865
1	37865
1	37865
1	37865
1	37865
1	37865
1	37865
1	37865
1	37865
1	37865
1	37865
1	37865
1	37865
1	37865
1	37865
1	37865
1	37865
1	37865
1	37879
1	37879
1	37879
1	37879
1	37879
1	37879
1	37879
1	37879
1	37879
1	37879
1	37879
1	37879
1	37879
1	37879
1	37879
1	37879
1	37879
1	37879
1	37879
1	37892
1	37892
1	37892
1	37892
1	37892
1	37892
1	37892
1	37892
1	37892
1	37892
1	37892
1	37896
1	37896
1	37896
1	37896
1	37896
1	37896
1	37906
1	37906
1	37906
1	37906
1	37906
1	37906
1	37906
1	37906
1	37906
1	37906
1	37906
1	37906
1	37906
1	37906
1	37906
1	37906
1	37909
1	37909
1	37909
1	37909
1	37909
1	37909
1	37909
1	37909
1	37909
1	37920
1	37920
1	37920
1	37920
1	37920
1	37920
1	37920
1	37920
1	37920
1	37920
1	37920
1	37923
1	37923
1	37923
1	37923
1	37923
1	37923
1	37923
1	37923
1	37923
1	37923
1	37923
1	37923
1	37923
1	37923
1	37923
1	37923
1	37923
1	37933
1	37933
1	37933
1	37937
1	37937
1	37937
1	37937
1	37937
1	37937
1	37937
1	37937
1	37937
1	37937
1	37937
1	37937
1	37937
1	37937
1	37937
1	37937
1	37937
1	37937
1	37937
1	37937
1	37937
1	37937
1	37937
1	37937
1	37951
1	37951
1	37951
1	37951
1	37951
1	37951
1	37951
1	37951
1	37951
1	37951
1	37951
1	37951
1	37951
1	37951
1	37951
1	37951
1	37951
1	37951
1	37951
1	37951
1	37951
1	37951
1	37951
1	37964
1	37964
1	37964
1	37964
1	37964
1	37964
1	37964
1	37964
1	37964
1	37964
1	37964
1	37964
1	37964
1	37964
1	37964
1	37968
1	37968
1	37968
1	37968
1	37968
1	37978
1	37978
1	37978
1	37978
1	37978
1	37978
1	37978
1	37978
1	37978
1	37978
1	37978
1	37978
1	37978
1	37978
1	37978
1	37978
1	37978
1	37978
1	37982
1	37982
1	37982
1	37982
1	37982
1	37982
1	37982
1	37982
1	37992
1	37992
1	37992
1	37992
1	37992
1	37992
1	37992
1	37992
1	37992
1	37992
1	37992
1	37992
1	37995
1	37995
1	37995
1	37995
1	37995
1	37995
1	37995
1	37995
1	37995
1	37995
1	37995
1	37995
1	37995
1	37995
1	37995
1	37995
1	38006
1	38006
1	38009
1	38009
1	38009
1	38009
1	38009
1	38009
1	38009
1	38009
1	38009
1	38009
1	38009
1	38009
1	38009
1	38023
1	38023
1	38023
1	38023
1	38023
1	38023
1	38023
1	38023
1	38023
1	38023
1	38023
1	38023
1	38023
1	38023
1	38023
1	38023
1	38023
1	38037
1	38037
1	38037
1	38037
1	38037
1	38037
1	38037
1	38037
1	38037
1	38037
1	38037
1	38037
1	38037
1	38037
1	38037
1	38037
1	38037
1	38040
1	38040
1	38040
1	38050
1	38050
1	38050
1	38050
1	38050
1	38050
1	38050
1	38050
1	38050
1	38050
1	38050
1	38050
1	38054
1	38054
1	38054
1	38054
1	38054
1	38054
1	38064
1	38064
1	38064
1	38064
1	38064
1	38064
1	38064
1	38064
1	38064
1	38064
1	38064
1	38064
1	38064
1	38064
1	38064
1	38068
1	38068
1	38068
1	38068
1	38068
1	38068
1	38068
1	38068
1	38068
1	38068
1	38068
1	38068
1	38068
1	38068
1	38078
1	38078
1	38078
1	38078
1	38078
1	38082
1	38082
1	38082
1	38082
1	38082
1	38082
1	38082
1	38082
1	38082
1	38082
1	38082
1	38082
1	38082
1	38082
1	38082
1	38082
1	38082
1	38092
1	38092
1	38095
1	38095
1	38095
1	38095
1	38095
1	38095
1	38095
1	38095
1	38095
1	38095
1	38095
1	38095
1	38095
1	38095
1	38095
1	38095
1	38095
1	38095
1	38095
1	38109
1	38109
1	38109
1	38109
1	38109
1	38109
1	38109
1	38109
1	38109
1	38109
1	38109
1	38109
1	38109
1	38109
1	38109
1	38109
1	38113
1	38113
1	38113
1	38113
1	38113
1	38123
1	38123
1	38123
1	38123
1	38123
1	38123
1	38123
1	38123
1	38123
1	38123
1	38123
1	38123
1	38123
1	38123
1	38123
1	38123
1	38123
1	38123
1	38123
1	38127
1	38127
1	38127
1	38127
1	38127
1	38127
1	38127
1	38137
1	38137
1	38137
1	38137
1	38137
1	38137
1	38137
1	38137
1	38137
1	38140
1	38140
1	38140
1	38140
1	38140
1	38140
1	38140
1	38140
1	38140
1	38140
1	38140
1	38140
1	38140
1	38151
1	38151
1	38151
1	38151
1	38151
1	38154
1	38154
1	38154
1	38154
1	38154
1	38154
1	38154
1	38154
1	38154
1	38154
1	38154
1	38154
1	38154
1	38154
1	38154
1	38154
1	38154
1	38154
1	38154
1	38154
1	38154
1	38154
1	38154
1	38154
1	38165
1	38165
1	38168
1	38168
1	38168
1	38168
1	38168
1	38168
1	38168
1	38168
1	38168
1	38168
1	38168
1	38168
1	38168
1	38168
1	38168
1	38168
1	38168
1	38168
1	38168
1	38168
1	38168
1	38168
1	38168
1	38168
1	38168
1	38182
1	38182
1	38182
1	38182
1	38182
1	38182
1	38182
1	38182
1	38182
1	38182
1	38182
1	38182
1	38182
1	38182
1	38182
1	38182
1	38182
1	38182
1	38182
1	38182
1	38186
1	38196
1	38196
1	38196
1	38196
1	38196
1	38196
1	38196
1	38196
1	38196
1	38196
1	38196
1	38196
1	38196
1	38196
1	38196
1	38196
1	38196
1	38199
1	38199
1	38199
1	38199
1	38199
1	38199
1	38199
1	38207
1	38210
1	38210
1	38210
1	38210
1	38210
1	38210
1	38210
1	38210
1	38210
1	38210
1	38210
1	38210
1	38213
1	38213
1	38213
1	38213
1	38213
1	38213
1	38213
1	38213
1	38213
1	38213
1	38213
1	38213
1	38213
1	38213
1	38213
1	38224
1	38224
1	38224
1	38224
1	38224
1	38224
1	38227
1	38227
1	38227
1	38227
1	38227
1	38227
1	38227
1	38227
1	38227
1	38227
1	38227
1	38227
1	38227
1	38227
1	38227
1	38227
1	38227
1	38227
1	38241
1	38241
1	38241
1	38241
1	38241
1	38241
1	38241
1	38241
1	38241
1	38241
1	38241
1	38241
1	38241
1	38241
1	38241
1	38241
1	38241
1	38241
1	38241
1	38241
1	38241
1	38255
1	38255
1	38255
1	38255
1	38255
1	38255
1	38255
1	38255
1	38255
1	38255
1	38255
1	38255
1	38255
1	38255
1	38255
1	38255
1	38255
1	38255
1	38255
1	38255
1	38255
1	38255
1	38255
1	38255
1	38255
1	38259
1	38269
1	38269
1	38269
1	38269
1	38269
1	38269
1	38269
1	38269
1	38269
1	38269
1	38269
1	38269
1	38269
1	38269
1	38269
1	38269
1	38269
1	38269
1	38269
1	38269
1	38269
1	38269
1	38269
1	38269
1	38269
1	38269
1	38269
1	38269
1	38269
1	38273
1	38273
1	38273
1	38273
1	38273
1	38273
1	38283
1	38283
1	38283
1	38283
1	38283
1	38283
1	38283
1	38283
1	38283
1	38283
1	38283
1	38287
1	38287
1	38287
1	38287
1	38287
1	38287
1	38287
1	38287
1	38287
1	38287
1	38287
1	38287
1	38297
1	38297
1	38297
1	38297
1	38297
1	38297
1	38297
1	38297
1	38301
1	38301
1	38301
1	38301
1	38301
1	38301
1	38301
1	38301
1	38301
1	38301
1	38301
1	38301
1	38301
1	38301
1	38301
1	38301
1	38301
1	38301
1	38301
1	38301
1	38301
1	38311
1	38311
1	38311
1	38311
1	38311
1	38311
1	38311
1	38315
1	38315
1	38315
1	38315
1	38315
1	38315
1	38315
1	38315
1	38315
1	38315
1	38315
1	38315
1	38315
1	38315
1	38315
1	38315
1	38315
1	38315
1	38315
1	38315
1	38315
1	38315
1	38315
1	38315
1	38315
1	38315
1	38329
1	38329
1	38329
1	38329
1	38329
1	38329
1	38329
1	38329
1	38329
1	38329
1	38329
1	38329
1	38329
1	38329
1	38329
1	38329
1	38329
1	38329
1	38329
1	38332
1	38332
1	38343
1	38343
1	38343
1	38343
1	38343
1	38343
1	38343
1	38343
1	38343
1	38343
1	38343
1	38343
1	38343
1	38343
1	38343
1	38343
1	38343
1	38343
1	38346
1	38346
1	38346
1	38346
1	38346
1	38346
1	38346
1	38346
1	38357
1	38357
1	38357
1	38357
1	38357
1	38357
1	38357
1	38357
1	38360
1	38360
1	38360
1	38360
1	38360
1	38360
1	38360
1	38360
1	38360
1	38360
1	38360
1	38360
1	38371
1	38371
1	38371
1	38371
1	38371
1	38371
1	38371
1	38371
1	38371
1	38374
1	38374
1	38374
1	38374
1	38374
1	38374
1	38374
1	38374
1	38374
1	38374
1	38374
1	38374
1	38374
1	38374
1	38374
1	38374
1	38374
1	38374
1	38374
1	38374
1	38374
1	38385
1	38385
1	38385
1	38385
1	38385
1	38385
1	38385
1	38388
1	38388
1	38388
1	38388
1	38388
1	38388
1	38388
1	38388
1	38388
1	38388
1	38388
1	38388
1	38388
1	38388
1	38388
1	38388
1	38388
1	38388
1	38388
1	38402
1	38402
1	38402
1	38402
1	38402
1	38402
1	38402
1	38402
1	38402
1	38402
1	38402
1	38402
1	38402
1	38402
1	38402
1	38402
1	38402
1	38402
1	38402
1	38406
1	38416
1	38416
1	38416
1	38416
1	38416
1	38416
1	38416
1	38416
1	38416
1	38416
1	38416
1	38416
1	38416
1	38416
1	38416
1	38416
1	38416
1	38416
1	38416
1	38416
1	38416
1	38416
1	38416
1	38420
1	38420
1	38420
1	38420
1	38420
1	38420
1	38430
1	38430
1	38430
1	38430
1	38430
1	38430
1	38430
1	38430
1	38430
1	38430
1	38430
1	38430
1	38430
1	38430
1	38430
1	38430
1	38434
1	38434
1	38434
1	38434
1	38434
1	38434
1	38434
1	38434
1	38434
1	38434
1	38445
1	38445
1	38445
1	38445
1	38445
1	38445
1	38448
1	38448
1	38448
1	38448
1	38448
1	38448
1	38448
1	38448
1	38448
1	38459
1	38459
1	38459
1	38462
1	38462
1	38462
1	38462
1	38462
1	38462
1	38462
1	38462
1	38462
1	38462
1	38462
1	38462
1	38462
1	38462
1	38462
1	38462
1	38462
1	38476
1	38476
1	38476
1	38476
1	38476
1	38476
1	38476
1	38476
1	38476
1	38476
1	38476
1	38476
1	38476
1	38476
1	38476
1	38476
1	38476
1	38476
1	38476
1	38476
1	38490
1	38490
1	38490
1	38490
1	38490
1	38490
1	38490
1	38490
1	38490
1	38490
1	38490
1	38490
1	38490
1	38490
1	38490
1	38490
1	38490
1	38490
1	38490
1	38490
1	38490
1	38494
1	38494
1	38494
1	38494
1	38505
1	38505
1	38505
1	38505
1	38505
1	38505
1	38505
1	38505
1	38505
1	38505
1	38505
1	38508
1	38508
1	38508
1	38508
1	38508
1	38508
1	38508
1	38508
1	38519
1	38519
1	38519
1	38519
1	38519
1	38519
1	38519
1	38519
1	38519
1	38522
1	38522
1	38522
1	38522
1	38522
1	38522
1	38522
1	38522
1	38522
1	38522
1	38522
1	38522
1	38522
1	38522
1	38533
1	38533
1	38533
1	38533
1	38533
1	38533
1	38533
1	38536
1	38536
1	38536
1	38536
1	38536
1	38536
1	38536
1	38536
1	38536
1	38536
1	38536
1	38536
1	38536
1	38536
1	38536
1	38536
1	38536
1	38551
1	38551
1	38551
1	38551
1	38551
1	38551
1	38551
1	38551
1	38551
1	38551
1	38551
1	38551
1	38551
1	38551
1	38551
1	38551
1	38551
1	38551
1	38551
1	38551
1	38551
1	38551
1	38551
1	38565
1	38565
1	38565
1	38565
1	38565
1	38565
1	38565
1	38565
1	38565
1	38565
1	38565
1	38565
1	38565
1	38565
1	38565
1	38565
1	38565
1	38565
1	38565
1	38565
1	38565
1	38565
1	38565
1	38568
1	38568
1	38579
1	38579
1	38579
1	38579
1	38579
1	38579
1	38579
1	38579
1	38579
1	38579
1	38579
1	38583
1	38583
1	38583
1	38583
1	38583
1	38583
1	38583
1	38583
1	38593
1	38593
1	38593
1	38593
1	38593
1	38593
1	38597
1	38597
1	38597
1	38597
1	38597
1	38597
1	38597
1	38597
1	38597
1	38597
1	38607
1	38607
1	38607
1	38607
1	38607
1	38607
1	38607
1	38607
1	38611
1	38611
1	38611
1	38611
1	38611
1	38611
1	38611
1	38611
1	38611
1	38611
1	38622
1	38625
1	38625
1	38625
1	38625
1	38625
1	38625
1	38625
1	38625
1	38625
1	38625
1	38625
1	38625
1	38625
1	38625
1	38625
1	38625
1	38625
1	38625
1	38625
1	38625
1	38625
1	38625
1	38625
1	38625
1	38625
1	38639
1	38639
1	38639
1	38639
1	38639
1	38639
1	38639
1	38639
1	38639
1	38639
1	38639
1	38639
1	38639
1	38639
1	38639
1	38639
1	38639
1	38639
1	38639
1	38639
1	38639
1	38639
1	38639
1	38639
1	38639
1	38639
1	38643
1	38654
1	38654
1	38654
1	38654
1	38654
1	38654
1	38654
1	38654
1	38654
1	38654
1	38654
1	38654
1	38654
1	38654
1	38654
1	38654
1	38654
1	38654
1	38654
1	38654
1	38654
1	38654
1	38654
1	38654
1	38654
1	38654
1	38654
1	38654
1	38654
1	38654
1	38654
1	38657
1	38657
1	38657
1	38657
1	38657
1	38657
1	38657
1	38668
1	38668
1	38668
1	38668
1	38668
1	38668
1	38668
1	38668
1	38668
1	38668
1	38668
1	38668
1	38668
1	38671
1	38671
1	38671
1	38671
1	38671
1	38671
1	38671
1	38671
1	38671
1	38671
1	38671
1	38671
1	38671
1	38671
1	38671
1	38682
1	38682
1	38682
1	38682
1	38682
1	38682
1	38682
1	38686
1	38686
1	38686
1	38686
1	38686
1	38686
1	38686
1	38686
1	38686
1	38686
1	38686
1	38686
1	38686
1	38686
1	38686
1	38686
1	38696
1	38700
1	38700
1	38700
1	38700
1	38700
1	38700
1	38700
1	38700
1	38700
1	38700
1	38700
1	38700
1	38700
1	38700
1	38700
1	38700
1	38700
1	38700
1	38700
1	38700
1	38700
1	38700
1	38700
1	38714
1	38714
1	38714
1	38714
1	38714
1	38714
1	38714
1	38714
1	38714
1	38714
1	38714
1	38714
1	38714
1	38714
1	38714
1	38714
1	38714
1	38714
1	38714
1	38714
1	38714
1	38718
1	38718
1	38718
1	38729
1	38729
1	38729
1	38729
1	38729
1	38729
1	38729
1	38729
1	38729
1	38729
1	38729
1	38729
1	38729
1	38729
1	38729
1	38732
1	38732
1	38743
1	38743
1	38743
1	38743
1	38743
1	38743
1	38743
1	38743
1	38743
1	38743
1	38746
1	38746
1	38746
1	38746
1	38746
1	38746
1	38746
1	38746
1	38746
1	38757
1	38757
1	38757
1	38757
1	38757
1	38757
1	38757
1	38757
1	38757
1	38757
1	38757
1	38761
1	38761
1	38761
1	38761
1	38761
1	38761
1	38761
1	38761
1	38761
1	38761
1	38772
1	38772
1	38772
1	38775
1	38775
1	38775
1	38775
1	38775
1	38775
1	38775
1	38775
1	38775
1	38775
1	38775
1	38775
1	38775
1	38775
1	38775
1	38775
1	38775
1	38775
1	38775
1	38775
1	38775
1	38789
1	38789
1	38789
1	38789
1	38789
1	38789
1	38789
1	38789
1	38789
1	38789
1	38789
1	38789
1	38789
1	38789
1	38789
1	38789
1	38789
1	38789
1	38793
1	38804
1	38804
1	38804
1	38804
1	38804
1	38804
1	38804
1	38804
1	38804
1	38804
1	38804
1	38804
1	38804
1	38804
1	38804
1	38804
1	38804
1	38804
1	38804
1	38804
1	38804
1	38804
1	38804
1	38804
1	38804
1	38807
1	38807
1	38807
1	38807
1	38807
1	38807
1	38807
1	38807
1	38807
1	38807
1	38807
1	38807
1	38807
1	38807
1	38818
1	38818
1	38818
1	38818
1	38818
1	38818
1	38818
1	38818
1	38818
1	38818
1	38818
1	38818
1	38822
1	38822
1	38822
1	38822
1	38822
1	38822
1	38822
1	38833
1	38833
1	38833
1	38836
1	38836
1	38836
1	38836
1	38836
1	38836
1	38836
1	38836
1	38836
1	38836
1	38836
1	38836
1	38836
1	38836
1	38836
1	38836
1	38836
1	38836
1	38836
1	38836
1	38847
1	38847
1	38847
1	38851
1	38851
1	38851
1	38851
1	38851
1	38851
1	38851
1	38851
1	38851
1	38851
1	38851
1	38851
1	38851
1	38851
1	38851
1	38851
1	38851
1	38851
1	38851
1	38851
1	38851
1	38851
1	38851
1	38851
1	38851
1	38851
1	38851
1	38851
1	38851
1	38851
1	38851
1	38865
1	38865
1	38865
1	38865
1	38865
1	38865
1	38865
1	38865
1	38865
1	38865
1	38865
1	38865
1	38865
1	38865
1	38865
1	38879
1	38879
1	38879
1	38879
1	38879
1	38879
1	38879
1	38879
1	38879
1	38879
1	38879
1	38879
1	38879
1	38883
1	38883
1	38883
1	38883
1	38883
1	38883
1	38883
1	38883
1	38894
1	38894
1	38894
1	38894
1	38894
1	38894
1	38894
1	38894
1	38894
1	38894
1	38894
1	38894
1	38894
1	38894
1	38894
1	38897
1	38897
1	38897
1	38897
1	38897
1	38897
1	38897
1	38897
1	38897
1	38897
1	38908
1	38908
1	38908
1	38912
1	38912
1	38912
1	38912
1	38912
1	38912
1	38912
1	38912
1	38912
1	38912
1	38912
1	38912
1	38912
1	38912
1	38923
1	38923
1	38923
1	38923
1	38926
1	38926
1	38926
1	38926
1	38926
1	38926
1	38926
1	38926
1	38926
1	38926
1	38926
1	38926
1	38926
1	38926
1	38926
1	38926
1	38926
1	38926
1	38926
1	38926
1	38926
1	38926
1	38941
1	38941
1	38941
1	38941
1	38941
1	38941
1	38941
1	38941
1	38941
1	38941
1	38941
1	38941
1	38941
1	38941
1	38941
1	38941
1	38941
1	38941
1	38941
1	38941
1	38944
1	38955
1	38955
1	38955
1	38955
1	38955
1	38955
1	38955
1	38955
1	38955
1	38955
1	38955
1	38955
1	38955
1	38955
1	38955
1	38955
1	38955
1	38955
1	38959
1	38959
1	38959
1	38959
1	38970
1	38970
1	38970
1	38970
1	38970
1	38970
1	38970
1	38970
1	38970
1	38970
1	38970
1	38970
1	38970
1	38973
1	38973
1	38973
1	38973
1	38973
1	38973
1	38973
1	38973
1	38973
1	38973
1	38973
1	38973
1	38973
1	38973
1	38973
1	38973
1	38984
1	38984
1	38984
1	38984
1	38984
1	38984
1	38984
1	38988
1	38988
1	38988
1	38988
1	38988
1	38988
1	38988
1	38988
1	38988
1	38988
1	38988
1	38988
1	38988
1	38988
1	38988
1	38988
1	38988
1	38988
1	38988
1	38988
1	38999
1	38999
1	38999
1	38999
1	38999
1	39002
1	39002
1	39002
1	39002
1	39002
1	39002
1	39002
1	39002
1	39002
1	39002
1	39002
1	39002
1	39002
1	39002
1	39002
1	39002
1	39002
1	39013
1	39017
1	39017
1	39017
1	39017
1	39017
1	39017
1	39017
1	39017
1	39017
1	39017
1	39017
1	39017
1	39017
1	39017
1	39017
1	39017
1	39017
1	39017
1	39017
1	39031
1	39031
1	39031
1	39031
1	39031
1	39031
1	39031
1	39031
1	39031
1	39031
1	39031
1	39031
1	39031
1	39031
1	39035
1	39035
1	39035
1	39035
1	39035
1	39035
1	39035
1	39046
1	39046
1	39046
1	39046
1	39046
1	39046
1	39046
1	39046
1	39046
1	39046
1	39046
1	39046
1	39046
1	39046
1	39046
1	39046
1	39046
1	39046
1	39046
1	39049
1	39049
1	39049
1	39049
1	39049
1	39049
1	39049
1	39049
1	39049
1	39049
1	39049
1	39049
1	39060
1	39060
1	39060
1	39060
1	39060
1	39060
1	39064
1	39064
1	39064
1	39064
1	39064
1	39064
1	39064
1	39064
1	39064
1	39064
1	39075
1	39075
1	39075
1	39079
1	39079
1	39079
1	39079
1	39079
1	39079
1	39079
1	39079
1	39079
1	39079
1	39079
1	39079
1	39079
1	39079
1	39079
1	39079
1	39093
1	39093
1	39093
1	39093
1	39093
1	39093
1	39093
1	39093
1	39093
1	39093
1	39093
1	39093
1	39093
1	39093
1	39093
1	39093
1	39093
1	39093
1	39093
1	39093
1	39108
1	39108
1	39108
1	39108
1	39108
1	39108
1	39108
1	39108
1	39108
1	39108
1	39108
1	39108
1	39108
1	39108
1	39108
1	39108
1	39108
1	39108
1	39108
1	39108
1	39111
1	39111
1	39111
1	39122
1	39122
1	39122
1	39122
1	39122
1	39122
1	39122
1	39122
1	39122
1	39122
1	39122
1	39122
1	39122
1	39126
1	39126
1	39126
1	39126
1	39126
1	39126
1	39126
1	39126
1	39126
1	39126
1	39126
1	39137
1	39137
1	39137
1	39137
1	39137
1	39137
1	39137
1	39137
1	39137
1	39137
1	39137
1	39137
1	39137
1	39141
1	39141
1	39141
1	39141
1	39141
1	39141
1	39141
1	39141
1	39152
1	39152
1	39152
1	39152
1	39152
1	39152
1	39152
1	39152
1	39152
1	39155
1	39155
1	39155
1	39155
1	39155
1	39155
1	39155
1	39155
1	39155
1	39155
1	39155
1	39155
1	39155
1	39155
1	39155
1	39155
1	39166
1	39170
1	39170
1	39170
1	39170
1	39170
1	39170
1	39170
1	39170
1	39170
1	39170
1	39170
1	39170
1	39170
1	39170
1	39170
1	39170
1	39170
1	39170
1	39184
1	39184
1	39184
1	39184
1	39184
1	39184
1	39184
1	39184
1	39184
1	39184
1	39184
1	39184
1	39184
1	39184
1	39184
1	39184
1	39184
1	39184
1	39184
1	39184
1	39184
1	39184
1	39184
1	39184
1	39184
1	39184
1	39184
1	39184
1	39188
1	39188
1	39188
1	39199
1	39199
1	39199
1	39199
1	39199
1	39199
1	39199
1	39199
1	39199
1	39199
1	39199
1	39199
1	39199
1	39199
1	39203
1	39203
1	39203
1	39203
1	39203
1	39203
1	39203
1	39203
1	39203
1	39203
1	39203
1	39203
1	39203
1	39203
1	39203
1	39214
1	39214
1	39214
1	39214
1	39214
1	39214
1	39214
1	39214
1	39214
1	39217
1	39217
1	39217
1	39217
1	39217
1	39217
1	39217
1	39217
1	39228
1	39228
1	39228
1	39228
1	39228
1	39228
1	39232
1	39232
1	39232
1	39232
1	39232
1	39232
1	39232
1	39232
1	39232
1	39232
1	39232
1	39232
1	39232
1	39232
1	39232
1	39232
1	39232
1	39232
1	39232
1	39232
1	39232
1	39232
1	39232
1	39232
1	39243
1	39243
1	39243
1	39243
1	39247
1	39247
1	39247
1	39247
1	39247
1	39247
1	39247
1	39247
1	39247
1	39247
1	39247
1	39247
1	39247
1	39247
1	39247
1	39247
1	39247
1	39247
1	39247
1	39247
1	39247
1	39247
1	39247
1	39247
1	39247
1	39247
1	39247
1	39247
1	39247
1	39247
1	39247
1	39247
1	39261
1	39261
1	39261
1	39261
1	39261
1	39261
1	39261
1	39261
1	39261
1	39261
1	39261
1	39261
1	39261
1	39261
1	39261
1	39261
1	39261
1	39261
1	39261
1	39261
1	39261
1	39261
1	39261
1	39261
1	39276
1	39276
1	39276
1	39276
1	39276
1	39276
1	39276
1	39276
1	39276
1	39276
1	39276
1	39276
1	39276
1	39280
1	39280
1	39280
1	39280
1	39291
1	39291
1	39291
1	39291
1	39291
1	39291
1	39291
1	39291
1	39291
1	39291
1	39291
1	39291
1	39291
1	39291
1	39291
1	39291
1	39295
1	39295
1	39295
1	39295
1	39295
1	39295
1	39295
1	39295
1	39295
1	39295
1	39295
1	39306
1	39306
1	39306
1	39306
1	39306
1	39306
1	39309
1	39309
1	39309
1	39309
1	39309
1	39309
1	39309
1	39309
1	39309
1	39309
1	39309
1	39309
1	39309
1	39309
1	39309
1	39309
1	39320
1	39324
1	39324
1	39324
1	39324
1	39324
1	39324
1	39324
1	39324
1	39324
1	39324
1	39324
1	39324
1	39324
1	39324
1	39324
1	39324
1	39324
1	39324
1	39324
1	39324
1	39324
1	39339
1	39339
1	39339
1	39339
1	39339
1	39339
1	39339
1	39339
1	39339
1	39339
1	39339
1	39339
1	39339
1	39339
1	39339
1	39339
1	39339
1	39339
1	39354
1	39354
1	39354
1	39354
1	39354
1	39354
1	39354
1	39354
1	39354
1	39354
1	39354
1	39354
1	39354
1	39354
1	39354
1	39354
1	39354
1	39354
1	39354
1	39357
1	39357
1	39357
1	39368
1	39368
1	39368
1	39368
1	39368
1	39368
1	39368
1	39368
1	39368
1	39368
1	39368
1	39368
1	39368
1	39368
1	39368
1	39368
1	39372
1	39372
1	39372
1	39372
1	39372
1	39372
1	39372
1	39372
1	39372
1	39372
1	39372
1	39372
1	39372
1	39372
1	39383
1	39383
1	39383
1	39383
1	39383
1	39383
1	39383
1	39383
1	39387
1	39387
1	39387
1	39387
1	39387
1	39387
1	39387
1	39387
1	39387
1	39387
1	39387
1	39387
1	39387
1	39387
1	39398
1	39398
1	39402
1	39402
1	39402
1	39402
1	39402
1	39402
1	39402
1	39402
1	39402
1	39402
1	39402
1	39402
1	39402
1	39402
1	39402
1	39402
1	39402
1	39402
1	39402
1	39402
1	39402
1	39416
1	39416
1	39416
1	39416
1	39416
1	39416
1	39416
1	39416
1	39416
1	39416
1	39416
1	39416
1	39416
1	39416
1	39416
1	39416
1	39416
1	39416
1	39416
1	39416
1	39416
1	39416
1	39416
1	39416
1	39416
1	39420
1	39420
1	39420
1	39431
1	39431
1	39431
1	39431
1	39431
1	39431
1	39431
1	39431
1	39431
1	39431
1	39431
1	39431
1	39431
1	39431
1	39431
1	39431
1	39431
1	39431
1	39431
1	39435
1	39435
1	39435
1	39435
1	39435
1	39435
1	39435
1	39435
1	39435
1	39446
1	39446
1	39446
1	39446
1	39446
1	39446
1	39446
1	39446
1	39446
1	39446
1	39446
1	39446
1	39446
1	39446
1	39446
1	39446
1	39450
1	39450
1	39450
1	39450
1	39450
1	39450
1	39450
1	39450
1	39450
1	39450
1	39450
1	39461
1	39461
1	39461
1	39461
1	39461
1	39461
1	39461
1	39461
1	39461
1	39461
1	39461
1	39461
1	39461
1	39465
1	39465
1	39465
1	39465
1	39465
1	39465
1	39465
1	39465
1	39465
1	39465
1	39465
1	39465
1	39465
1	39465
1	39465
1	39465
1	39476
1	39476
1	39476
1	39476
1	39480
1	39480
1	39480
1	39480
1	39480
1	39480
1	39480
1	39480
1	39480
1	39480
1	39480
1	39480
1	39480
1	39480
1	39480
1	39480
1	39480
1	39494
1	39494
1	39494
1	39494
1	39494
1	39494
1	39494
1	39494
1	39494
1	39494
1	39494
1	39494
1	39494
1	39494
1	39494
1	39494
1	39494
1	39494
1	39494
1	39494
1	39494
1	39494
1	39494
1	39494
1	39494
1	39498
1	39509
1	39509
1	39509
1	39509
1	39509
1	39509
1	39509
1	39509
1	39509
1	39509
1	39509
1	39509
1	39509
1	39509
1	39509
1	39509
1	39509
1	39513
1	39513
1	39513
1	39513
1	39513
1	39513
1	39513
1	39524
1	39524
1	39524
1	39524
1	39524
1	39524
1	39524
1	39524
1	39524
1	39524
1	39524
1	39524
1	39524
1	39528
1	39528
1	39528
1	39528
1	39528
1	39528
1	39528
1	39539
1	39539
1	39539
1	39539
1	39539
1	39539
1	39539
1	39539
1	39539
1	39539
1	39543
1	39543
1	39543
1	39543
1	39543
1	39543
1	39543
1	39543
1	39543
1	39543
1	39543
1	39543
1	39543
1	39543
1	39554
1	39554
1	39554
1	39554
1	39558
1	39558
1	39558
1	39558
1	39558
1	39558
1	39558
1	39558
1	39558
1	39558
1	39558
1	39558
1	39558
1	39558
1	39558
1	39558
1	39558
1	39573
1	39573
1	39573
1	39573
1	39573
1	39573
1	39573
1	39573
1	39573
1	39573
1	39573
1	39573
1	39573
1	39573
1	39573
1	39573
1	39573
1	39573
1	39573
1	39573
1	39573
1	39573
1	39573
1	39573
1	39573
1	39573
1	39573
1	39573
1	39588
1	39588
1	39588
1	39588
1	39588
1	39588
1	39588
1	39588
1	39588
1	39588
1	39588
1	39588
1	39588
1	39588
1	39588
1	39588
1	39591
1	39591
1	39591
1	39591
1	39591
1	39603
1	39603
1	39603
1	39603
1	39603
1	39603
1	39603
1	39603
1	39603
1	39603
1	39603
1	39603
1	39603
1	39603
1	39603
1	39603
1	39606
1	39606
1	39606
1	39606
1	39606
1	39606
1	39606
1	39606
1	39617
1	39617
1	39617
1	39617
1	39617
1	39617
1	39617
1	39617
1	39617
1	39617
1	39621
1	39621
1	39621
1	39621
1	39621
1	39621
1	39621
1	39621
1	39621
1	39621
1	39632
1	39632
1	39632
1	39632
1	39636
1	39636
1	39636
1	39636
1	39636
1	39636
1	39636
1	39636
1	39636
1	39636
1	39636
1	39636
1	39636
1	39636
1	39636
1	39636
1	39636
1	39636
1	39636
1	39636
1	39636
1	39636
1	39636
1	39636
1	39636
1	39651
1	39651
1	39651
1	39651
1	39651
1	39651
1	39651
1	39651
1	39651
1	39651
1	39651
1	39651
1	39651
1	39651
1	39651
1	39651
1	39651
1	39651
1	39651
1	39651
1	39651
1	39651
1	39651
1	39651
1	39651
1	39651
1	39651
1	39651
1	39666
1	39666
1	39666
1	39666
1	39666
1	39666
1	39666
1	39666
1	39666
1	39666
1	39666
1	39666
1	39666
1	39666
1	39666
1	39666
1	39666
1	39666
1	39666
1	39666
1	39666
1	39666
1	39670
1	39670
1	39681
1	39681
1	39681
1	39681
1	39681
1	39681
1	39681
1	39681
1	39681
1	39681
1	39681
1	39681
1	39681
1	39681
1	39681
1	39681
1	39681
1	39681
1	39681
1	39681
1	39681
1	39681
1	39681
1	39685
1	39685
1	39685
1	39685
1	39685
1	39685
1	39696
1	39696
1	39696
1	39696
1	39696
1	39696
1	39696
1	39696
1	39696
1	39696
1	39696
1	39696
1	39696
1	39700
1	39700
1	39700
1	39700
1	39700
1	39700
1	39700
1	39700
1	39700
1	39700
1	39711
1	39711
1	39711
1	39711
1	39711
1	39711
1	39711
1	39711
1	39711
1	39711
1	39711
1	39711
1	39715
1	39715
1	39715
1	39715
1	39715
1	39715
1	39715
1	39715
1	39715
1	39715
1	39715
1	39715
1	39715
1	39715
1	39715
1	39715
1	39715
1	39730
1	39730
1	39730
1	39730
1	39730
1	39730
1	39730
1	39730
1	39730
1	39730
1	39730
1	39730
1	39730
1	39730
1	39730
1	39730
1	39730
1	39730
1	39730
1	39730
1	39730
1	39730
1	39730
1	39730
1	39730
1	39730
1	39745
1	39745
1	39745
1	39745
1	39745
1	39745
1	39745
1	39745
1	39745
1	39745
1	39745
1	39745
1	39745
1	39745
1	39745
1	39745
1	39745
1	39745
1	39745
1	39745
1	39745
1	39745
1	39745
1	39749
1	39749
1	39749
1	39749
1	39760
1	39760
1	39760
1	39760
1	39760
1	39760
1	39760
1	39760
1	39760
1	39760
1	39760
1	39764
1	39764
1	39764
1	39764
1	39764
1	39764
1	39764
1	39764
1	39764
1	39775
1	39775
1	39775
1	39775
1	39775
1	39775
1	39775
1	39775
1	39775
1	39775
1	39775
1	39775
1	39775
1	39775
1	39775
1	39779
1	39779
1	39779
1	39779
1	39779
1	39779
1	39779
1	39779
1	39779
1	39779
1	39779
1	39779
1	39779
1	39779
1	39779
1	39779
1	39779
1	39790
1	39790
1	39790
1	39790
1	39790
1	39790
1	39794
1	39794
1	39794
1	39794
1	39794
1	39794
1	39794
1	39794
1	39794
1	39794
1	39794
1	39794
1	39794
1	39794
1	39794
1	39794
1	39794
1	39794
1	39794
1	39794
1	39794
1	39794
1	39794
1	39794
1	39794
1	39794
1	39794
1	39805
1	39805
1	39809
1	39809
1	39809
1	39809
1	39809
1	39809
1	39809
1	39809
1	39809
1	39809
1	39809
1	39809
1	39809
1	39809
1	39809
1	39824
1	39824
1	39824
1	39824
1	39824
1	39824
1	39824
1	39824
1	39824
1	39824
1	39824
1	39824
1	39824
1	39824
1	39824
1	39824
1	39824
1	39824
1	39824
1	39824
1	39828
1	39828
1	39840
1	39840
1	39840
1	39840
1	39840
1	39840
1	39840
1	39840
1	39840
1	39840
1	39840
1	39840
1	39840
1	39840
1	39840
1	39840
1	39840
1	39840
1	39840
1	39840
1	39843
1	39843
1	39843
1	39843
1	39843
1	39843
1	39843
1	39855
1	39855
1	39855
1	39855
1	39855
1	39855
1	39855
1	39855
1	39855
1	39855
1	39855
1	39855
1	39858
1	39858
1	39858
1	39858
1	39858
1	39858
1	39858
1	39858
1	39858
1	39858
1	39870
1	39870
1	39870
1	39870
1	39870
1	39870
1	39870
1	39870
1	39870
1	39874
1	39874
1	39874
1	39874
1	39874
1	39874
1	39874
1	39874
1	39874
1	39874
1	39874
1	39874
1	39874
1	39874
1	39874
1	39885
1	39885
1	39889
1	39889
1	39889
1	39889
1	39889
1	39889
1	39889
1	39889
1	39889
1	39889
1	39889
1	39889
1	39889
1	39889
1	39889
1	39889
1	39889
1	39889
1	39889
1	39889
1	39889
1	39889
1	39889
1	39904
1	39904
1	39904
1	39904
1	39904
1	39904
1	39904
1	39904
1	39904
1	39904
1	39904
1	39904
1	39904
1	39904
1	39904
1	39904
1	39904
1	39904
1	39904
1	39904
1	39904
1	39904
1	39904
1	39904
1	39904
1	39904
1	39904
1	39904
1	39904
1	39904
1	39908
1	39919
1	39919
1	39919
1	39919
1	39919
1	39919
1	39919
1	39919
1	39919
1	39919
1	39919
1	39919
1	39919
1	39919
1	39919
1	39923
1	39923
1	39923
1	39923
1	39923
1	39923
1	39923
1	39923
1	39923
1	39923
1	39923
1	39923
1	39923
1	39934
1	39934
1	39934
1	39934
1	39934
1	39934
1	39934
1	39934
1	39934
1	39934
1	39934
1	39934
1	39934
1	39938
1	39938
1	39938
1	39938
1	39938
1	39938
1	39938
1	39950
1	39950
1	39950
1	39950
1	39950
1	39950
1	39950
1	39953
1	39953
1	39953
1	39953
1	39953
1	39953
1	39953
1	39953
1	39953
1	39953
1	39953
1	39953
1	39953
1	39953
1	39953
1	39965
1	39965
1	39965
1	39969
1	39969
1	39969
1	39969
1	39969
1	39969
1	39969
1	39969
1	39969
1	39969
1	39969
1	39984
1	39984
1	39984
1	39984
1	39984
1	39984
1	39984
1	39984
1	39984
1	39984
1	39984
1	39984
1	39984
1	39984
1	39984
1	39984
1	39984
1	39984
1	39984
1	39984
1	39984
1	39984
1	39984
1	39984
1	39984
1	39988
1	39988
1	39999
1	39999
1	39999
1	39999
1	39999
1	39999
1	39999
1	39999
1	39999
1	39999
1	39999
1	39999
1	39999
1	39999
1	39999
1	39999
1	39999
1	39999
1	39999
1	39999
1	39999
1	40003
1	40003
1	40003
1	40003
1	40003
1	40014
1	40014
1	40014
1	40014
1	40014
1	40014
1	40014
1	40014
1	40014
1	40014
1	40014
1	40014
1	40014
1	40014
1	40014
1	40014
1	40014
1	40018
1	40018
1	40018
1	40018
1	40018
1	40018
1	40018
1	40018
1	40030
1	40030
1	40030
1	40030
1	40030
1	40030
1	40030
1	40030
1	40030
1	40030
1	40033
1	40033
1	40033
1	40033
1	40033
1	40033
1	40033
1	40033
1	40033
1	40033
1	40033
1	40033
1	40045
1	40045
1	40045
1	40045
1	40045
1	40045
1	40045
1	40049
1	40049
1	40049
1	40049
1	40049
1	40049
1	40049
1	40049
1	40049
1	40064
1	40064
1	40064
1	40064
1	40064
1	40064
1	40064
1	40064
1	40064
1	40064
1	40064
1	40064
1	40064
1	40064
1	40064
1	40064
1	40064
1	40064
1	40064
1	40064
1	40064
1	40064
1	40064
1	40064
1	40064
1	40079
1	40079
1	40079
1	40079
1	40079
1	40079
1	40079
1	40079
1	40079
1	40079
1	40079
1	40079
1	40079
1	40079
1	40079
1	40079
1	40079
1	40083
1	40083
1	40083
1	40095
1	40095
1	40095
1	40095
1	40095
1	40095
1	40095
1	40095
1	40095
1	40095
1	40095
1	40095
1	40095
1	40095
1	40095
1	40099
1	40099
1	40099
1	40099
1	40099
1	40099
1	40099
1	40099
1	40099
1	40099
1	40099
1	40099
1	40099
1	40099
1	40110
1	40110
1	40110
1	40110
1	40110
1	40110
1	40110
1	40110
1	40110
1	40110
1	40110
1	40114
1	40114
1	40114
1	40114
1	40114
1	40114
1	40114
1	40114
1	40114
1	40114
1	40114
1	40114
1	40114
1	40114
1	40114
1	40114
1	40114
1	40114
1	40114
1	40114
1	40125
1	40125
1	40125
1	40125
1	40125
1	40129
1	40129
1	40129
1	40129
1	40129
1	40129
1	40129
1	40129
1	40129
1	40129
1	40129
1	40129
1	40129
1	40129
1	40129
1	40129
1	40129
1	40129
1	40145
1	40145
1	40145
1	40145
1	40145
1	40145
1	40145
1	40145
1	40145
1	40145
1	40145
1	40145
1	40145
1	40145
1	40145
1	40145
1	40145
1	40145
1	40145
1	40145
1	40145
1	40145
1	40145
1	40145
1	40145
1	40145
1	40160
1	40160
1	40160
1	40160
1	40160
1	40160
1	40160
1	40160
1	40160
1	40160
1	40160
1	40160
1	40160
1	40160
1	40160
1	40160
1	40160
1	40160
1	40164
1	40164
1	40164
1	40164
1	40164
1	40175
1	40175
1	40175
1	40175
1	40175
1	40175
1	40175
1	40175
1	40175
1	40175
1	40175
1	40175
1	40175
1	40179
1	40179
1	40179
1	40179
1	40179
1	40179
1	40191
1	40191
1	40191
1	40191
1	40191
1	40191
1	40191
1	40191
1	40191
1	40195
1	40195
1	40195
1	40195
1	40195
1	40195
1	40195
1	40195
1	40195
1	40195
1	40195
1	40195
1	40195
1	40195
1	40206
1	40206
1	40206
1	40206
1	40206
1	40206
1	40206
1	40210
1	40210
1	40210
1	40210
1	40210
1	40210
1	40210
1	40210
1	40210
1	40210
1	40225
1	40225
1	40225
1	40225
1	40225
1	40225
1	40225
1	40225
1	40225
1	40225
1	40225
1	40225
1	40225
1	40225
1	40225
1	40225
1	40225
1	40225
1	40225
1	40225
1	40225
1	40225
1	40225
1	40225
1	40225
1	40225
1	40241
1	40241
1	40241
1	40241
1	40241
1	40241
1	40241
1	40241
1	40241
1	40241
1	40241
1	40241
1	40241
1	40241
1	40241
1	40241
1	40241
1	40241
1	40241
1	40241
1	40241
1	40241
1	40241
1	40241
1	40241
1	40245
1	40245
1	40245
1	40245
1	40256
1	40256
1	40256
1	40256
1	40256
1	40256
1	40256
1	40256
1	40256
1	40256
1	40256
1	40256
1	40256
1	40256
1	40256
1	40256
1	40256
1	40256
1	40256
1	40256
1	40260
1	40260
1	40260
1	40260
1	40272
1	40272
1	40272
1	40272
1	40272
1	40272
1	40272
1	40272
1	40272
1	40272
1	40272
1	40272
1	40272
1	40276
1	40276
1	40276
1	40276
1	40276
1	40276
1	40276
1	40276
1	40276
1	40276
1	40276
1	40276
1	40287
1	40287
1	40287
1	40287
1	40291
1	40291
1	40291
1	40291
1	40291
1	40291
1	40291
1	40291
1	40291
1	40291
1	40291
1	40291
1	40291
1	40291
1	40291
1	40291
1	40291
1	40291
1	40291
1	40291
1	40291
1	40291
1	40291
1	40291
1	40291
1	40291
1	40291
1	40291
1	40291
1	40291
1	40303
1	40303
1	40303
1	40303
1	40307
1	40307
1	40307
1	40307
1	40307
1	40307
1	40307
1	40307
1	40307
1	40307
1	40307
1	40307
1	40307
1	40307
1	40322
1	40322
1	40322
1	40322
1	40322
1	40322
1	40322
1	40322
1	40322
1	40322
1	40322
1	40322
1	40322
1	40322
1	40322
1	40322
1	40322
1	40322
1	40322
1	40322
1	40322
1	40326
1	40326
1	40326
1	40326
1	40326
1	40338
1	40338
1	40338
1	40338
1	40338
1	40338
1	40338
1	40338
1	40338
1	40338
1	40338
1	40338
1	40338
1	40338
1	40341
1	40341
1	40341
1	40341
1	40341
1	40341
1	40341
1	40341
1	40353
1	40353
1	40353
1	40353
1	40353
1	40353
1	40353
1	40353
1	40353
1	40353
1	40353
1	40353
1	40353
1	40353
1	40353
1	40357
1	40357
1	40357
1	40357
1	40357
1	40357
1	40357
1	40357
1	40357
1	40357
1	40357
1	40357
1	40369
1	40369
1	40369
1	40369
1	40369
1	40369
1	40369
1	40373
1	40373
1	40373
1	40373
1	40373
1	40373
1	40373
1	40373
1	40373
1	40373
1	40373
1	40373
1	40373
1	40373
1	40373
1	40373
1	40373
1	40373
1	40388
1	40388
1	40388
1	40388
1	40388
1	40388
1	40388
1	40388
1	40388
1	40388
1	40388
1	40388
1	40388
1	40388
1	40388
1	40388
1	40388
1	40388
1	40404
1	40404
1	40404
1	40404
1	40404
1	40404
1	40404
1	40404
1	40404
1	40404
1	40404
1	40404
1	40404
1	40404
1	40404
1	40404
1	40404
1	40404
1	40404
1	40404
1	40404
1	40404
1	40404
1	40404
1	40404
1	40404
1	40404
1	40404
1	40408
1	40408
1	40419
1	40419
1	40419
1	40419
1	40419
1	40419
1	40419
1	40419
1	40419
1	40419
1	40419
1	40419
1	40419
1	40419
1	40419
1	40419
1	40419
1	40419
1	40419
1	40419
1	40423
1	40423
1	40423
1	40423
1	40423
1	40423
1	40423
1	40423
1	40423
1	40423
1	40435
1	40435
1	40435
1	40435
1	40435
1	40435
1	40439
1	40439
1	40439
1	40439
1	40439
1	40439
1	40439
1	40439
1	40439
1	40439
1	40439
1	40450
1	40450
1	40450
1	40450
1	40450
1	40450
1	40450
1	40450
1	40454
1	40454
1	40454
1	40454
1	40454
1	40454
1	40454
1	40454
1	40454
1	40454
1	40454
1	40454
1	40454
1	40454
1	40454
1	40454
1	40454
1	40454
1	40466
1	40466
1	40466
1	40470
1	40470
1	40470
1	40470
1	40470
1	40470
1	40470
1	40470
1	40470
1	40470
1	40470
1	40470
1	40470
1	40470
1	40470
1	40470
1	40470
1	40470
1	40470
1	40470
1	40470
1	40470
1	40470
1	40486
1	40486
1	40486
1	40486
1	40486
1	40486
1	40486
1	40486
1	40486
1	40486
1	40486
1	40486
1	40486
1	40486
1	40486
1	40486
1	40486
1	40486
1	40486
1	40486
1	40486
1	40486
1	40489
1	40489
1	40489
1	40501
1	40501
1	40501
1	40501
1	40501
1	40501
1	40501
1	40501
1	40501
1	40501
1	40501
1	40501
1	40501
1	40501
1	40501
1	40501
1	40501
1	40501
1	40501
1	40501
1	40505
1	40505
1	40505
1	40505
1	40505
1	40505
1	40517
1	40517
1	40517
1	40517
1	40517
1	40517
1	40517
1	40517
1	40517
1	40517
1	40517
1	40517
1	40517
1	40517
1	40517
1	40517
1	40517
1	40517
1	40517
1	40517
1	40517
1	40517
1	40517
1	40521
1	40521
1	40521
1	40521
1	40521
1	40521
1	40521
1	40521
1	40521
1	40521
1	40533
1	40533
1	40533
1	40533
1	40533
1	40533
1	40533
1	40533
1	40533
1	40533
1	40536
1	40536
1	40536
1	40536
1	40536
1	40536
1	40536
1	40536
1	40536
1	40536
1	40536
1	40548
1	40548
1	40548
1	40548
1	40552
1	40552
1	40552
1	40552
1	40552
1	40552
1	40552
1	40552
1	40552
1	40552
1	40552
1	40552
1	40552
1	40552
1	40552
1	40552
1	40552
1	40552
1	40552
1	40568
1	40568
1	40568
1	40568
1	40568
1	40568
1	40568
1	40568
1	40568
1	40568
1	40568
1	40568
1	40568
1	40568
1	40568
1	40568
1	40568
1	40568
1	40568
1	40568
1	40572
1	40583
1	40583
1	40583
1	40583
1	40583
1	40583
1	40583
1	40583
1	40583
1	40583
1	40583
1	40583
1	40583
1	40583
1	40583
1	40583
1	40583
1	40583
1	40583
1	40583
1	40583
1	40587
1	40587
1	40587
1	40587
1	40587
1	40599
1	40599
1	40599
1	40599
1	40599
1	40599
1	40599
1	40599
1	40599
1	40599
1	40599
1	40599
1	40599
1	40599
1	40603
1	40603
1	40603
1	40603
1	40603
1	40603
1	40603
1	40603
1	40603
1	40603
1	40603
1	40603
1	40603
1	40615
1	40615
1	40615
1	40615
1	40615
1	40615
1	40615
1	40619
1	40619
1	40619
1	40619
1	40619
1	40619
1	40619
1	40619
1	40619
1	40619
1	40619
1	40619
1	40619
1	40619
1	40619
1	40631
1	40631
1	40631
1	40631
1	40631
1	40635
1	40635
1	40635
1	40635
1	40635
1	40635
1	40635
1	40635
1	40635
1	40635
1	40635
1	40635
1	40635
1	40635
1	40635
1	40635
1	40650
1	40650
1	40650
1	40650
1	40650
1	40650
1	40650
1	40650
1	40650
1	40650
1	40650
1	40650
1	40650
1	40650
1	40650
1	40650
1	40650
1	40650
1	40650
1	40650
1	40650
1	40650
1	40650
1	40650
1	40650
1	40650
1	40666
1	40666
1	40666
1	40666
1	40666
1	40666
1	40666
1	40666
1	40666
1	40666
1	40666
1	40666
1	40666
1	40666
1	40666
1	40666
1	40666
1	40666
1	40666
1	40666
1	40666
1	40670
1	40670
1	40670
1	40670
1	40670
1	40670
1	40682
1	40682
1	40682
1	40682
1	40682
1	40682
1	40682
1	40682
1	40682
1	40682
1	40682
1	40682
1	40682
1	40682
1	40682
1	40686
1	40686
1	40686
1	40686
1	40686
1	40698
1	40698
1	40698
1	40698
1	40698
1	40702
1	40702
1	40702
1	40702
1	40702
1	40702
1	40702
1	40702
1	40702
1	40702
1	40702
1	40702
1	40702
1	40702
1	40702
1	40702
1	40702
1	40702
1	40713
1	40713
1	40713
1	40713
1	40717
1	40717
1	40717
1	40717
1	40717
1	40717
1	40717
1	40717
1	40717
1	40717
1	40717
1	40717
1	40717
1	40717
1	40717
1	40717
1	40717
1	40729
1	40733
1	40733
1	40733
1	40733
1	40733
1	40733
1	40733
1	40733
1	40733
1	40733
1	40733
1	40733
1	40733
1	40733
1	40733
1	40733
1	40733
1	40733
1	40733
1	40733
1	40733
1	40733
1	40733
1	40733
1	40733
1	40733
1	40733
1	40733
1	40733
1	40733
1	40749
1	40749
1	40749
1	40749
1	40749
1	40749
1	40749
1	40749
1	40749
1	40749
1	40749
1	40749
1	40749
1	40749
1	40749
1	40749
1	40749
1	40749
1	40753
1	40753
1	40753
1	40753
1	40753
1	40753
1	40753
1	40765
1	40765
1	40765
1	40765
1	40765
1	40765
1	40765
1	40765
1	40765
1	40765
1	40765
1	40765
1	40765
1	40765
1	40765
1	40769
1	40769
1	40769
1	40769
1	40769
1	40769
1	40769
1	40769
1	40769
1	40769
1	40769
1	40769
1	40781
1	40781
1	40781
1	40781
1	40781
1	40781
1	40781
1	40781
1	40781
1	40781
1	40781
1	40781
1	40785
1	40785
1	40785
1	40785
1	40785
1	40785
1	40785
1	40785
1	40785
1	40785
1	40785
1	40785
1	40785
1	40785
1	40797
1	40797
1	40797
1	40801
1	40801
1	40801
1	40801
1	40801
1	40801
1	40801
1	40801
1	40801
1	40801
1	40801
1	40801
1	40801
1	40801
1	40801
1	40801
1	40817
1	40817
1	40817
1	40817
1	40817
1	40817
1	40817
1	40817
1	40817
1	40817
1	40817
1	40817
1	40817
1	40817
1	40817
1	40817
1	40817
1	40817
1	40817
1	40817
1	40817
1	40817
1	40817
1	40817
1	40817
1	40832
1	40832
1	40832
1	40832
1	40832
1	40832
1	40832
1	40832
1	40832
1	40832
1	40832
1	40832
1	40832
1	40832
1	40832
1	40832
1	40832
1	40832
1	40832
1	40832
1	40832
1	40836
1	40836
1	40836
1	40836
1	40848
1	40848
1	40848
1	40848
1	40848
1	40848
1	40848
1	40848
1	40848
1	40848
1	40848
1	40848
1	40848
1	40848
1	40848
1	40848
1	40848
1	40848
1	40848
1	40848
1	40848
1	40848
1	40848
1	40852
1	40852
1	40852
1	40852
1	40852
1	40852
1	40852
1	40864
1	40864
1	40864
1	40864
1	40864
1	40864
1	40864
1	40864
1	40864
1	40864
1	40864
1	40868
1	40868
1	40868
1	40868
1	40868
1	40868
1	40868
1	40868
1	40868
1	40868
1	40868
1	40868
1	40868
1	40868
1	40868
1	40868
1	40868
1	40868
1	40868
1	40868
1	40868
1	40880
1	40880
1	40880
1	40880
1	40880
1	40880
1	40884
1	40884
1	40884
1	40884
1	40884
1	40884
1	40884
1	40884
1	40884
1	40884
1	40884
1	40884
1	40884
1	40884
1	40884
1	40884
1	40884
1	40884
1	40896
1	40896
1	40900
1	40900
1	40900
1	40900
1	40900
1	40900
1	40900
1	40900
1	40900
1	40900
1	40900
1	40900
1	40900
1	40900
1	40900
1	40900
1	40900
1	40900
1	40900
1	40900
1	40900
1	40900
1	40900
1	40900
1	40900
1	40900
1	40900
1	40916
1	40916
1	40916
1	40916
1	40916
1	40916
1	40916
1	40916
1	40916
1	40916
1	40916
1	40916
1	40916
1	40916
1	40916
1	40916
1	40916
1	40916
1	40916
1	40916
1	40916
1	40916
1	40916
1	40916
1	40916
1	40916
1	40916
1	40920
1	40920
1	40920
1	40920
1	40932
1	40932
1	40932
1	40932
1	40932
1	40932
1	40932
1	40932
1	40932
1	40932
1	40932
1	40932
1	40932
1	40932
1	40932
1	40932
1	40932
1	40932
1	40936
1	40936
1	40936
1	40936
1	40936
1	40936
1	40936
1	40936
1	40948
1	40948
1	40948
1	40948
1	40948
1	40948
1	40948
1	40948
1	40948
1	40948
1	40952
1	40952
1	40952
1	40952
1	40952
1	40952
1	40952
1	40952
1	40952
1	40952
1	40952
1	40952
1	40952
1	40964
1	40964
1	40964
1	40964
1	40968
1	40968
1	40968
1	40968
1	40968
1	40968
1	40968
1	40968
1	40968
1	40968
1	40968
1	40968
1	40968
1	40968
1	40968
1	40968
1	40968
1	40968
1	40968
1	40980
1	40980
1	40980
1	40984
1	40984
1	40984
1	40984
1	40984
1	40984
1	40984
1	40984
1	40984
1	40984
1	40984
1	40984
1	40984
1	40984
1	40984
1	40984
1	40984
1	40984
1	40984
1	40984
1	40984
1	40984
1	40984
1	40984
1	40984
1	40984
1	40984
1	40984
1	40984
1	41000
1	41000
1	41000
1	41000
1	41000
1	41000
1	41000
1	41000
1	41000
1	41000
1	41000
1	41000
1	41000
1	41000
1	41000
1	41000
1	41000
1	41000
1	41000
1	41000
1	41000
1	41000
1	41000
1	41000
1	41004
1	41004
1	41004
1	41016
1	41016
1	41016
1	41016
1	41016
1	41016
1	41016
1	41016
1	41016
1	41016
1	41016
1	41016
1	41016
1	41016
1	41016
1	41016
1	41020
1	41020
1	41020
1	41020
1	41020
1	41020
1	41020
1	41020
1	41032
1	41032
1	41032
1	41032
1	41032
1	41032
1	41032
1	41032
1	41032
1	41032
1	41032
1	41036
1	41036
1	41036
1	41036
1	41036
1	41036
1	41036
1	41036
1	41036
1	41036
1	41036
1	41036
1	41048
1	41048
1	41048
1	41048
1	41048
1	41048
1	41048
1	41048
1	41048
1	41052
1	41052
1	41052
1	41052
1	41052
1	41052
1	41052
1	41052
1	41052
1	41052
1	41052
1	41052
1	41052
1	41052
1	41052
1	41052
1	41064
1	41064
1	41064
1	41064
1	41064
1	41064
1	41068
1	41068
1	41068
1	41068
1	41068
1	41068
1	41068
1	41068
1	41068
1	41068
1	41068
1	41068
1	41068
1	41068
1	41068
1	41068
1	41068
1	41068
1	41084
1	41084
1	41084
1	41084
1	41084
1	41084
1	41084
1	41084
1	41084
1	41084
1	41084
1	41084
1	41084
1	41084
1	41084
1	41084
1	41084
1	41084
1	41084
1	41084
1	41084
1	41084
1	41084
1	41088
1	41100
1	41100
1	41100
1	41100
1	41100
1	41100
1	41100
1	41100
1	41100
1	41100
1	41100
1	41100
1	41100
1	41100
1	41100
1	41100
1	41100
1	41100
1	41100
1	41100
1	41105
1	41105
1	41105
1	41105
1	41105
1	41105
1	41105
1	41105
1	41105
1	41117
1	41117
1	41117
1	41117
1	41117
1	41117
1	41117
1	41117
1	41117
1	41121
1	41121
1	41121
1	41121
1	41121
1	41121
1	41121
1	41121
1	41121
1	41121
1	41121
1	41133
1	41133
1	41133
1	41133
1	41137
1	41137
1	41137
1	41137
1	41137
1	41137
1	41137
1	41137
1	41137
1	41137
1	41137
1	41137
1	41137
1	41149
1	41153
1	41153
1	41153
1	41153
1	41153
1	41153
1	41153
1	41153
1	41153
1	41153
1	41153
1	41153
1	41153
1	41153
1	41153
1	41169
1	41169
1	41169
1	41169
1	41169
1	41169
1	41169
1	41169
1	41169
1	41169
1	41169
1	41169
1	41169
1	41169
1	41169
1	41169
1	41169
1	41169
1	41169
1	41169
1	41169
1	41169
1	41169
1	41173
1	41185
1	41185
1	41185
1	41185
1	41185
1	41185
1	41185
1	41185
1	41185
1	41185
1	41185
1	41185
1	41185
1	41185
1	41185
1	41185
1	41185
1	41185
1	41185
1	41185
1	41185
1	41185
1	41185
1	41185
1	41185
1	41189
1	41189
1	41189
1	41189
1	41189
1	41189
1	41189
1	41201
1	41201
1	41201
1	41201
1	41201
1	41201
1	41201
1	41201
1	41201
1	41201
1	41201
1	41205
1	41205
1	41205
1	41205
1	41205
1	41205
1	41205
1	41205
1	41205
1	41205
1	41205
1	41218
1	41218
1	41218
1	41218
1	41222
1	41222
1	41222
1	41222
1	41222
1	41222
1	41222
1	41222
1	41222
1	41222
1	41222
1	41222
1	41222
1	41222
1	41222
1	41222
1	41222
1	41222
1	41222
1	41222
1	41222
1	41222
1	41222
1	41234
1	41234
1	41238
1	41238
1	41238
1	41238
1	41238
1	41238
1	41238
1	41238
1	41238
1	41238
1	41238
1	41238
1	41238
1	41238
1	41238
1	41238
1	41238
1	41238
1	41238
1	41238
1	41238
1	41238
1	41238
1	41238
1	41238
1	41254
1	41254
1	41254
1	41254
1	41254
1	41254
1	41254
1	41254
1	41254
1	41254
1	41254
1	41254
1	41254
1	41254
1	41254
1	41254
1	41254
1	41254
1	41254
1	41254
1	41254
1	41254
1	41254
1	41254
1	41254
1	41254
1	41254
1	41254
1	41254
1	41254
1	41254
1	41254
1	41262
1	41270
1	41270
1	41270
1	41270
1	41270
1	41270
1	41270
1	41270
1	41270
1	41270
1	41270
1	41270
1	41270
1	41270
1	41270
1	41274
1	41274
1	41274
1	41274
1	41274
1	41287
1	41287
1	41287
1	41287
1	41287
1	41287
1	41287
1	41287
1	41287
1	41287
1	41287
1	41287
1	41287
1	41287
1	41287
1	41287
1	41291
1	41291
1	41291
1	41291
1	41291
1	41303
1	41303
1	41303
1	41303
1	41303
1	41303
1	41303
1	41303
1	41303
1	41303
1	41307
1	41307
1	41307
1	41307
1	41307
1	41307
1	41307
1	41307
1	41307
1	41307
1	41307
1	41307
1	41319
1	41319
1	41319
1	41319
1	41319
1	41319
1	41319
1	41319
1	41319
1	41319
1	41323
1	41323
1	41323
1	41323
1	41323
1	41323
1	41323
1	41323
1	41323
1	41323
1	41323
1	41323
1	41323
1	41323
1	41323
1	41323
1	41323
1	41323
1	41323
1	41323
1	41323
1	41323
1	41335
1	41339
1	41339
1	41339
1	41339
1	41339
1	41339
1	41339
1	41339
1	41339
1	41339
1	41339
1	41339
1	41339
1	41339
1	41339
1	41339
1	41339
1	41339
1	41339
1	41339
1	41356
1	41356
1	41356
1	41356
1	41356
1	41356
1	41356
1	41356
1	41356
1	41356
1	41356
1	41356
1	41356
1	41356
1	41356
1	41356
1	41356
1	41356
1	41356
1	41356
1	41356
1	41360
1	41360
1	41360
1	41360
1	41360
1	41360
1	41372
1	41372
1	41372
1	41372
1	41372
1	41372
1	41372
1	41372
1	41372
1	41372
1	41372
1	41372
1	41372
1	41372
1	41372
1	41376
1	41376
1	41376
1	41376
1	41376
1	41376
1	41376
1	41388
1	41388
1	41388
1	41388
1	41393
1	41393
1	41393
1	41393
1	41393
1	41393
1	41393
1	41393
1	41393
1	41393
1	41393
1	41393
1	41393
1	41393
1	41393
1	41393
1	41405
1	41405
1	41405
1	41405
1	41405
1	41405
1	41405
1	41405
1	41409
1	41409
1	41409
1	41409
1	41409
1	41409
1	41409
1	41409
1	41409
1	41409
1	41409
1	41409
1	41409
1	41409
1	41409
1	41409
1	41409
1	41409
1	41409
1	41409
1	41409
1	41409
1	41409
1	41409
1	41421
1	41421
1	41425
1	41425
1	41425
1	41425
1	41425
1	41425
1	41425
1	41425
1	41425
1	41425
1	41425
1	41425
1	41425
1	41425
1	41425
1	41425
1	41425
1	41425
1	41425
1	41425
1	41425
1	41425
1	41425
1	41442
1	41442
1	41442
1	41442
1	41442
1	41442
1	41442
1	41442
1	41442
1	41442
1	41442
1	41442
1	41442
1	41442
1	41442
1	41442
1	41442
1	41442
1	41442
1	41442
1	41442
1	41442
1	41442
1	41442
1	41446
1	41446
1	41446
1	41458
1	41458
1	41458
1	41458
1	41458
1	41458
1	41458
1	41458
1	41458
1	41458
1	41458
1	41458
1	41462
1	41462
1	41462
1	41462
1	41462
1	41462
1	41462
1	41462
1	41462
1	41462
1	41474
1	41474
1	41474
1	41474
1	41474
1	41474
1	41474
1	41474
1	41474
1	41474
1	41474
1	41474
1	41478
1	41478
1	41478
1	41478
1	41478
1	41478
1	41478
1	41478
1	41478
1	41478
1	41478
1	41491
1	41491
1	41491
1	41491
1	41491
1	41491
1	41495
1	41495
1	41495
1	41495
1	41495
1	41495
1	41495
1	41495
1	41495
1	41495
1	41495
1	41495
1	41495
1	41495
1	41495
1	41495
1	41495
1	41495
1	41495
1	41495
1	41511
1	41511
1	41511
1	41511
1	41511
1	41511
1	41511
1	41511
1	41511
1	41511
1	41511
1	41511
1	41511
1	41511
1	41511
1	41511
1	41511
1	41511
1	41511
1	41511
1	41511
1	41511
1	41511
1	41511
1	41511
1	41511
1	41528
1	41528
1	41528
1	41528
1	41528
1	41528
1	41528
1	41528
1	41528
1	41528
1	41528
1	41528
1	41528
1	41528
1	41528
1	41528
1	41528
1	41528
1	41532
1	41532
1	41544
1	41544
1	41544
1	41544
1	41544
1	41544
1	41544
1	41544
1	41544
1	41544
1	41544
1	41544
1	41544
1	41544
1	41544
1	41544
1	41544
1	41544
1	41544
1	41544
1	41544
1	41548
1	41548
1	41548
1	41548
1	41548
1	41548
1	41548
1	41548
1	41561
1	41561
1	41561
1	41561
1	41561
1	41561
1	41561
1	41561
1	41561
1	41561
1	41565
1	41565
1	41565
1	41565
1	41565
1	41565
1	41565
1	41565
1	41565
1	41565
1	41565
1	41565
1	41565
1	41577
1	41577
1	41581
1	41581
1	41581
1	41581
1	41581
1	41581
1	41581
1	41581
1	41581
1	41581
1	41581
1	41581
1	41581
1	41581
1	41581
1	41581
1	41581
1	41581
1	41581
1	41581
1	41581
1	41581
1	41594
1	41594
1	41594
1	41594
1	41598
1	41598
1	41598
1	41598
1	41598
1	41598
1	41598
1	41598
1	41598
1	41598
1	41598
1	41598
1	41598
1	41598
1	41598
1	41598
1	41598
1	41598
1	41598
1	41598
1	41598
1	41598
1	41598
1	41598
1	41598
1	41598
1	41598
1	41614
1	41614
1	41614
1	41614
1	41614
1	41614
1	41614
1	41614
1	41614
1	41614
1	41614
1	41614
1	41614
1	41614
1	41614
1	41614
1	41614
1	41614
1	41614
1	41618
1	41618
1	41618
1	41631
1	41631
1	41631
1	41631
1	41631
1	41631
1	41631
1	41631
1	41631
1	41631
1	41631
1	41631
1	41631
1	41631
1	41631
1	41631
1	41631
1	41635
1	41635
1	41635
1	41635
1	41635
1	41635
1	41635
1	41635
1	41635
1	41635
1	41635
1	41647
1	41647
1	41647
1	41647
1	41647
1	41647
1	41647
1	41647
1	41647
1	41647
1	41647
1	41647
1	41647
1	41647
1	41647
1	41647
1	41651
1	41651
1	41651
1	41651
1	41651
1	41651
1	41651
1	41651
1	41651
1	41651
1	41664
1	41664
1	41664
1	41664
1	41664
1	41664
1	41664
1	41664
1	41664
1	41664
1	41668
1	41668
1	41668
1	41668
1	41668
1	41668
1	41668
1	41668
1	41668
1	41668
1	41668
1	41668
1	41668
1	41668
1	41668
1	41668
1	41668
1	41668
1	41680
1	41680
1	41680
1	41680
1	41680
1	41685
1	41685
1	41685
1	41685
1	41685
1	41685
1	41685
1	41685
1	41685
1	41685
1	41685
1	41685
1	41685
1	41685
1	41685
1	41685
1	41685
1	41685
1	41685
1	41685
1	41685
1	41685
1	41701
1	41701
1	41701
1	41701
1	41701
1	41701
1	41701
1	41701
1	41701
1	41701
1	41701
1	41701
1	41701
1	41701
1	41701
1	41701
1	41701
1	41701
1	41705
1	41705
1	41705
1	41705
1	41718
1	41718
1	41718
1	41718
1	41718
1	41718
1	41718
1	41718
1	41718
1	41718
1	41718
1	41718
1	41718
1	41718
1	41718
1	41718
1	41718
1	41718
1	41718
1	41718
1	41718
1	41718
1	41718
1	41718
1	41722
1	41722
1	41722
1	41734
1	41734
1	41734
1	41734
1	41734
1	41734
1	41734
1	41734
1	41734
1	41739
1	41739
1	41739
1	41739
1	41739
1	41739
1	41739
1	41739
1	41739
1	41739
1	41739
1	41739
1	41739
1	41739
1	41751
1	41751
1	41751
1	41751
1	41755
1	41755
1	41755
1	41755
1	41755
1	41755
1	41755
1	41755
1	41755
1	41755
1	41755
1	41755
1	41755
1	41755
1	41768
1	41768
1	41768
1	41768
1	41772
1	41772
1	41772
1	41772
1	41772
1	41772
1	41772
1	41772
1	41772
1	41772
1	41772
1	41772
1	41772
1	41772
1	41772
1	41772
1	41772
1	41772
1	41772
1	41788
1	41788
1	41788
1	41788
1	41788
1	41788
1	41788
1	41788
1	41788
1	41788
1	41788
1	41788
1	41788
1	41805
1	41805
1	41805
1	41805
1	41805
1	41805
1	41805
1	41805
1	41805
1	41805
1	41805
1	41805
1	41805
1	41805
1	41805
1	41805
1	41805
1	41809
1	41809
1	41809
1	41822
1	41822
1	41822
1	41822
1	41822
1	41822
1	41822
1	41822
1	41822
1	41822
1	41822
1	41822
1	41822
1	41822
1	41822
1	41822
1	41822
1	41822
1	41822
1	41822
1	41822
1	41826
1	41826
1	41826
1	41826
1	41826
1	41826
1	41826
1	41826
1	41826
1	41826
1	41826
1	41838
1	41838
1	41838
1	41838
1	41838
1	41838
1	41838
1	41838
1	41838
1	41838
1	41838
1	41838
1	41843
1	41843
1	41843
1	41843
1	41843
1	41843
1	41843
1	41843
1	41843
1	41843
1	41843
1	41855
1	41855
1	41859
1	41859
1	41859
1	41859
1	41859
1	41859
1	41859
1	41859
1	41859
1	41859
1	41859
1	41859
1	41859
1	41859
1	41859
1	41859
1	41859
1	41859
1	41859
1	41859
1	41859
1	41859
1	41859
1	41859
1	41876
1	41876
1	41876
1	41876
1	41876
1	41876
1	41876
1	41876
1	41876
1	41876
1	41876
1	41876
1	41876
1	41876
1	41876
1	41876
1	41876
1	41876
1	41876
1	41876
1	41876
1	41876
1	41876
1	41893
1	41893
1	41893
1	41893
1	41893
1	41893
1	41893
1	41893
1	41893
1	41893
1	41893
1	41893
1	41893
1	41893
1	41893
1	41893
1	41893
1	41893
1	41893
1	41893
1	41897
1	41897
1	41897
1	41910
1	41910
1	41910
1	41910
1	41910
1	41910
1	41910
1	41910
1	41910
1	41910
1	41910
1	41910
1	41910
1	41910
1	41910
1	41910
1	41910
1	41914
1	41914
1	41914
1	41914
1	41914
1	41914
1	41914
1	41926
1	41926
1	41926
1	41926
1	41926
1	41926
1	41926
1	41926
1	41926
1	41926
1	41926
1	41926
1	41926
1	41926
1	41926
1	41926
1	41926
1	41926
1	41926
1	41930
1	41930
1	41930
1	41930
1	41930
1	41930
1	41930
1	41930
1	41930
1	41930
1	41930
1	41930
1	41930
1	41930
1	41930
1	41930
1	41930
1	41930
1	41930
1	41930
1	41930
1	41943
1	41943
1	41943
1	41943
1	41943
1	41943
1	41947
1	41947
1	41947
1	41947
1	41947
1	41947
1	41947
1	41947
1	41947
1	41947
1	41947
1	41947
1	41947
1	41947
1	41947
1	41947
1	41947
1	41947
1	41947
1	41947
1	41947
1	41947
1	41960
1	41964
1	41964
1	41964
1	41964
1	41964
1	41964
1	41964
1	41964
1	41964
1	41964
1	41964
1	41964
1	41964
1	41964
1	41964
1	41964
1	41964
1	41964
1	41964
1	41981
1	41981
1	41981
1	41981
1	41981
1	41981
1	41981
1	41981
1	41981
1	41981
1	41981
1	41981
1	41981
1	41981
1	41981
1	41981
1	41981
1	41981
1	41981
1	41981
1	41981
1	41981
1	41981
1	41981
1	41981
1	41981
1	41981
1	41985
1	41985
1	41985
1	41985
1	41985
1	41985
1	41985
1	41985
1	41998
1	41998
1	41998
1	41998
1	41998
1	41998
1	41998
1	41998
1	41998
1	41998
1	41998
1	41998
1	41998
1	41998
1	42002
1	42002
1	42002
1	42002
1	42002
1	42002
1	42002
1	42002
1	42002
1	42002
1	42014
1	42014
1	42014
1	42014
1	42014
1	42014
1	42014
1	42014
1	42014
1	42014
1	42014
1	42014
1	42014
1	42014
1	42014
1	42019
1	42019
1	42019
1	42019
1	42019
1	42019
1	42019
1	42019
1	42019
1	42019
1	42019
1	42019
1	42019
1	42019
1	42019
1	42019
1	42031
1	42031
1	42031
1	42031
1	42031
1	42031
1	42031
1	42036
1	42036
1	42036
1	42036
1	42036
1	42036
1	42036
1	42036
1	42036
1	42036
1	42036
1	42036
1	42036
1	42036
1	42036
1	42036
1	42036
1	42036
1	42036
1	42036
1	42036
1	42036
1	42036
1	42036
1	42048
1	42048
1	42048
1	42052
1	42052
1	42052
1	42052
1	42052
1	42052
1	42052
1	42052
1	42052
1	42052
1	42052
1	42052
1	42052
1	42052
1	42052
1	42052
1	42052
1	42052
1	42052
1	42052
1	42052
1	42052
1	42052
1	42052
1	42052
1	42052
1	42052
1	42069
1	42069
1	42069
1	42069
1	42069
1	42069
1	42069
1	42069
1	42069
1	42069
1	42069
1	42069
1	42069
1	42069
1	42069
1	42069
1	42069
1	42069
1	42069
1	42069
1	42069
1	42069
1	42069
1	42069
1	42069
1	42073
1	42073
1	42086
1	42086
1	42086
1	42086
1	42086
1	42086
1	42086
1	42086
1	42086
1	42086
1	42086
1	42086
1	42086
1	42086
1	42086
1	42086
1	42090
1	42090
1	42090
1	42090
1	42090
1	42090
1	42090
1	42090
1	42090
1	42090
1	42103
1	42103
1	42103
1	42103
1	42103
1	42103
1	42103
1	42103
1	42103
1	42103
1	42103
1	42103
1	42103
1	42103
1	42103
1	42103
1	42103
1	42107
1	42107
1	42107
1	42107
1	42107
1	42107
1	42107
1	42107
1	42107
1	42120
1	42120
1	42120
1	42120
1	42120
1	42120
1	42120
1	42120
1	42124
1	42124
1	42124
1	42124
1	42124
1	42124
1	42124
1	42124
1	42124
1	42124
1	42124
1	42124
1	42124
1	42124
1	42124
1	42124
1	42124
1	42124
1	42124
1	42124
1	42124
1	42124
1	42124
1	42124
1	42124
1	42124
1	42124
1	42137
1	42137
1	42141
1	42141
1	42141
1	42141
1	42141
1	42141
1	42141
1	42141
1	42141
1	42141
1	42141
1	42141
1	42141
1	42141
1	42141
1	42141
1	42141
1	42141
1	42141
1	42141
1	42141
1	42141
1	42141
1	42141
1	42141
1	42141
1	42158
1	42158
1	42158
1	42158
1	42158
1	42158
1	42158
1	42158
1	42158
1	42158
1	42158
1	42158
1	42158
1	42158
1	42158
1	42158
1	42158
1	42158
1	42158
1	42158
1	42158
1	42158
1	42162
1	42162
1	42162
1	42162
1	42175
1	42175
1	42175
1	42175
1	42175
1	42175
1	42175
1	42175
1	42175
1	42175
1	42175
1	42175
1	42175
1	42175
1	42175
1	42179
1	42179
1	42179
1	42179
1	42179
1	42179
1	42179
1	42179
1	42179
1	42179
1	42179
1	42192
1	42192
1	42192
1	42192
1	42192
1	42192
1	42192
1	42192
1	42192
1	42192
1	42192
1	42192
1	42192
1	42192
1	42192
1	42192
1	42192
1	42192
1	42192
1	42196
1	42196
1	42196
1	42196
1	42196
1	42196
1	42196
1	42196
1	42196
1	42196
1	42196
1	42196
1	42196
1	42209
1	42209
1	42209
1	42209
1	42209
1	42209
1	42209
1	42209
1	42209
1	42213
1	42213
1	42213
1	42213
1	42213
1	42213
1	42213
1	42213
1	42213
1	42213
1	42213
1	42213
1	42213
1	42213
1	42213
1	42226
1	42226
1	42226
1	42226
1	42230
1	42230
1	42230
1	42230
1	42230
1	42230
1	42230
1	42230
1	42230
1	42230
1	42230
1	42230
1	42230
1	42230
1	42230
1	42230
1	42230
1	42230
1	42230
1	42230
1	42230
1	42230
1	42230
1	42247
1	42247
1	42247
1	42247
1	42247
1	42247
1	42247
1	42247
1	42247
1	42247
1	42247
1	42247
1	42247
1	42247
1	42247
1	42247
1	42247
1	42247
1	42247
1	42247
1	42247
1	42247
1	42247
1	42247
1	42247
1	42247
1	42247
1	42251
1	42251
1	42264
1	42264
1	42264
1	42264
1	42264
1	42264
1	42264
1	42264
1	42264
1	42264
1	42264
1	42264
1	42264
1	42264
1	42264
1	42264
1	42264
1	42264
1	42264
1	42264
1	42269
1	42269
1	42269
1	42269
1	42269
1	42269
1	42269
1	42281
1	42281
1	42281
1	42281
1	42281
1	42281
1	42281
1	42281
1	42286
1	42286
1	42286
1	42286
1	42286
1	42286
1	42286
1	42286
1	42286
1	42286
1	42286
1	42286
1	42298
1	42298
1	42298
1	42298
1	42298
1	42298
1	42298
1	42298
1	42298
1	42298
1	42298
1	42298
1	42298
1	42298
1	42303
1	42303
1	42303
1	42303
1	42303
1	42303
1	42303
1	42303
1	42303
1	42303
1	42303
1	42303
1	42303
1	42303
1	42303
1	42303
1	42303
1	42315
1	42315
1	42320
1	42320
1	42320
1	42320
1	42320
1	42320
1	42320
1	42320
1	42320
1	42320
1	42320
1	42320
1	42320
1	42320
1	42320
1	42320
1	42320
1	42320
1	42320
1	42320
1	42320
1	42320
1	42320
1	42320
1	42320
1	42337
1	42337
1	42337
1	42337
1	42337
1	42337
1	42337
1	42337
1	42337
1	42337
1	42337
1	42337
1	42337
1	42337
1	42337
1	42337
1	42337
1	42337
1	42337
1	42337
1	42341
1	42341
1	42354
1	42354
1	42354
1	42354
1	42354
1	42354
1	42354
1	42354
1	42354
1	42354
1	42354
1	42354
1	42354
1	42354
1	42358
1	42358
1	42358
1	42358
1	42358
1	42358
1	42358
1	42358
1	42371
1	42371
1	42371
1	42371
1	42371
1	42371
1	42371
1	42371
1	42371
1	42371
1	42371
1	42371
1	42371
1	42375
1	42375
1	42375
1	42375
1	42375
1	42375
1	42375
1	42375
1	42375
1	42375
1	42375
1	42375
1	42375
1	42375
1	42375
1	42388
1	42388
1	42388
1	42388
1	42388
1	42388
1	42388
1	42388
1	42388
1	42388
1	42392
1	42392
1	42392
1	42392
1	42392
1	42392
1	42392
1	42392
1	42392
1	42392
1	42392
1	42392
1	42392
1	42392
1	42392
1	42392
1	42392
1	42392
1	42392
1	42392
1	42392
1	42392
1	42392
1	42392
1	42405
1	42405
1	42405
1	42405
1	42405
1	42410
1	42410
1	42410
1	42410
1	42410
1	42410
1	42410
1	42410
1	42410
1	42410
1	42410
1	42410
1	42410
1	42410
1	42410
1	42410
1	42410
1	42410
1	42410
1	42410
1	42410
1	42427
1	42427
1	42427
1	42427
1	42427
1	42427
1	42427
1	42427
1	42427
1	42427
1	42427
1	42427
1	42427
1	42427
1	42427
1	42427
1	42427
1	42427
1	42427
1	42427
1	42427
1	42427
1	42427
1	42427
1	42427
1	42427
1	42427
1	42427
1	42427
1	42427
1	42427
1	42427
1	42431
1	42444
1	42444
1	42444
1	42444
1	42444
1	42444
1	42444
1	42444
1	42444
1	42444
1	42444
1	42444
1	42444
1	42444
1	42444
1	42444
1	42444
1	42444
1	42444
1	42444
1	42444
1	42444
1	42444
1	42448
1	42448
1	42448
1	42448
1	42461
1	42461
1	42461
1	42461
1	42461
1	42461
1	42461
1	42461
1	42461
1	42461
1	42461
1	42461
1	42461
1	42461
1	42461
1	42461
1	42461
1	42465
1	42465
1	42465
1	42465
1	42465
1	42465
1	42465
1	42478
1	42478
1	42478
1	42478
1	42478
1	42478
1	42478
1	42478
1	42483
1	42483
1	42483
1	42483
1	42483
1	42483
1	42483
1	42483
1	42483
1	42483
1	42483
1	42483
1	42483
1	42483
1	42495
1	42495
1	42495
1	42495
1	42495
1	42495
1	42500
1	42500
1	42500
1	42500
1	42500
1	42500
1	42500
1	42500
1	42500
1	42500
1	42500
1	42500
1	42500
1	42500
1	42500
1	42500
1	42500
1	42517
1	42517
1	42517
1	42517
1	42517
1	42517
1	42517
1	42517
1	42517
1	42517
1	42517
1	42517
1	42517
1	42517
1	42517
1	42517
1	42517
1	42534
1	42534
1	42534
1	42534
1	42534
1	42534
1	42534
1	42534
1	42534
1	42534
1	42534
1	42534
1	42534
1	42534
1	42534
1	42534
1	42534
1	42534
1	42534
1	42534
1	42539
1	42539
1	42539
1	42539
1	42552
1	42552
1	42552
1	42552
1	42552
1	42552
1	42552
1	42552
1	42552
1	42552
1	42552
1	42556
1	42556
1	42556
1	42556
1	42556
1	42556
1	42556
1	42569
1	42569
1	42569
1	42569
1	42569
1	42569
1	42569
1	42569
1	42569
1	42569
1	42569
1	42569
1	42573
1	42573
1	42573
1	42573
1	42573
1	42573
1	42573
1	42573
1	42573
1	42573
1	42573
1	42573
1	42573
1	42573
1	42573
1	42573
1	42573
1	42586
1	42586
1	42586
1	42586
1	42586
1	42590
1	42590
1	42590
1	42590
1	42590
1	42590
1	42590
1	42590
1	42590
1	42590
1	42590
1	42590
1	42590
1	42590
1	42590
1	42590
1	42590
1	42590
1	42590
1	42603
1	42603
1	42608
1	42608
1	42608
1	42608
1	42608
1	42608
1	42608
1	42608
1	42608
1	42608
1	42608
1	42608
1	42608
1	42608
1	42608
1	42608
1	42608
1	42608
1	42608
1	42608
1	42608
1	42608
1	42608
1	42608
1	42608
1	42608
1	42608
1	42608
1	42608
1	42608
1	42608
1	42608
1	42608
1	42608
1	42625
1	42625
1	42625
1	42625
1	42625
1	42625
1	42625
1	42625
1	42625
1	42625
1	42625
1	42625
1	42625
1	42625
1	42625
1	42625
1	42625
1	42625
1	42625
1	42625
1	42629
1	42629
1	42629
1	42629
1	42642
1	42642
1	42642
1	42642
1	42642
1	42642
1	42642
1	42642
1	42642
1	42642
1	42642
1	42642
1	42642
1	42642
1	42642
1	42642
1	42642
1	42642
1	42642
1	42642
1	42642
1	42647
1	42647
1	42647
1	42647
1	42647
1	42647
1	42647
1	42660
1	42660
1	42660
1	42660
1	42660
1	42660
1	42660
1	42660
1	42660
1	42664
1	42664
1	42664
1	42664
1	42664
1	42664
1	42664
1	42664
1	42664
1	42664
1	42664
1	42664
1	42664
1	42664
1	42677
1	42677
1	42677
1	42677
1	42677
1	42677
1	42681
1	42681
1	42681
1	42681
1	42681
1	42681
1	42681
1	42681
1	42681
1	42681
1	42681
1	42681
1	42681
1	42681
1	42681
1	42681
1	42681
1	42681
1	42681
1	42681
1	42681
1	42681
1	42681
1	42681
1	42681
1	42681
1	42681
1	42681
1	42681
1	42681
1	42694
1	42694
1	42694
1	42699
1	42699
1	42699
1	42699
1	42699
1	42699
1	42699
1	42699
1	42699
1	42699
1	42699
1	42699
1	42699
1	42699
1	42699
1	42699
1	42699
1	42699
1	42699
1	42699
1	42699
1	42699
1	42716
1	42716
1	42716
1	42716
1	42716
1	42716
1	42716
1	42716
1	42716
1	42716
1	42716
1	42716
1	42716
1	42716
1	42721
1	42721
1	42721
1	42734
1	42734
1	42734
1	42734
1	42734
1	42734
1	42734
1	42734
1	42734
1	42734
1	42734
1	42734
1	42734
1	42734
1	42734
1	42738
1	42738
1	42738
1	42738
1	42738
1	42738
1	42738
1	42738
1	42751
1	42751
1	42751
1	42751
1	42751
1	42751
1	42751
1	42751
1	42755
1	42755
1	42755
1	42755
1	42755
1	42755
1	42755
1	42768
1	42768
1	42768
1	42768
1	42768
1	42773
1	42773
1	42773
1	42773
1	42773
1	42773
1	42773
1	42773
1	42773
1	42773
1	42773
1	42773
1	42773
1	42773
1	42773
1	42773
1	42773
1	42773
1	42773
1	42773
1	42786
1	42786
1	42790
1	42790
1	42790
1	42790
1	42790
1	42790
1	42790
1	42790
1	42790
1	42790
1	42790
1	42790
1	42790
1	42790
1	42790
1	42790
1	42790
1	42790
1	42790
1	42790
1	42790
1	42790
1	42790
1	42808
1	42808
1	42808
1	42808
1	42808
1	42808
1	42808
1	42808
1	42808
1	42808
1	42808
1	42808
1	42808
1	42808
1	42808
1	42808
1	42808
1	42808
1	42808
1	42808
1	42808
1	42808
1	42808
1	42808
1	42808
1	42808
1	42808
1	42808
1	42808
1	42808
1	42812
1	42812
1	42812
1	42812
1	42812
1	42812
1	42825
1	42825
1	42825
1	42825
1	42825
1	42825
1	42825
1	42825
1	42825
1	42825
1	42825
1	42825
1	42825
1	42825
1	42825
1	42830
1	42830
1	42830
1	42830
1	42843
1	42843
1	42843
1	42843
1	42843
1	42843
1	42843
1	42843
1	42843
1	42843
1	42843
1	42843
1	42843
1	42843
1	42843
1	42843
1	42847
1	42847
1	42847
1	42847
1	42847
1	42847
1	42847
1	42847
1	42847
1	42847
1	42847
1	42860
1	42860
1	42860
1	42860
1	42860
1	42860
1	42860
1	42860
1	42865
1	42865
1	42865
1	42865
1	42865
1	42865
1	42865
1	42865
1	42865
1	42865
1	42865
1	42865
1	42865
1	42865
1	42878
1	42878
1	42878
1	42882
1	42882
1	42882
1	42882
1	42882
1	42882
1	42882
1	42882
1	42882
1	42882
1	42882
1	42882
1	42882
1	42882
1	42882
1	42882
1	42882
1	42882
1	42882
1	42882
1	42882
1	42882
1	42882
1	42882
1	42882
1	42882
1	42882
1	42882
1	42882
1	42900
1	42900
1	42900
1	42900
1	42900
1	42900
1	42900
1	42900
1	42900
1	42900
1	42900
1	42900
1	42900
1	42900
1	42900
1	42900
1	42900
1	42900
1	42900
1	42900
1	42904
1	42917
1	42917
1	42917
1	42917
1	42917
1	42917
1	42917
1	42917
1	42917
1	42917
1	42917
1	42917
1	42917
1	42917
1	42917
1	42917
1	42917
1	42917
1	42917
1	42917
1	42917
1	42922
1	42922
1	42922
1	42922
1	42922
1	42922
1	42935
1	42935
1	42935
1	42935
1	42935
1	42935
1	42935
1	42935
1	42935
1	42935
1	42935
1	42935
1	42935
1	42935
1	42935
1	42939
1	42939
1	42939
1	42939
1	42939
1	42939
1	42939
1	42939
1	42939
1	42939
1	42939
1	42939
1	42939
1	42939
1	42939
1	42939
1	42939
1	42952
1	42952
1	42952
1	42952
1	42952
1	42952
1	42952
1	42952
1	42952
1	42957
1	42957
1	42957
1	42957
1	42957
1	42957
1	42957
1	42957
1	42957
1	42957
1	42957
1	42957
1	42957
1	42957
1	42957
1	42957
1	42957
1	42957
1	42970
1	42970
1	42970
1	42974
1	42974
1	42974
1	42974
1	42974
1	42974
1	42974
1	42974
1	42974
1	42974
1	42974
1	42974
1	42974
1	42974
1	42974
1	42974
1	42974
1	42974
1	42974
1	42974
1	42974
1	42974
1	42974
1	42974
1	42974
1	42974
1	42974
1	42974
1	42992
1	42992
1	42992
1	42992
1	42992
1	42992
1	42992
1	42992
1	42992
1	42992
1	42992
1	42992
1	42992
1	42992
1	42992
1	42992
1	42992
1	42992
1	42992
1	43010
1	43010
1	43010
1	43010
1	43010
1	43010
1	43010
1	43010
1	43010
1	43010
1	43010
1	43010
1	43010
1	43010
1	43010
1	43010
1	43010
1	43010
1	43014
1	43014
1	43014
1	43014
1	43014
1	43014
1	43014
1	43027
1	43027
1	43027
1	43027
1	43027
1	43027
1	43027
1	43027
1	43027
1	43027
1	43032
1	43032
1	43032
1	43032
1	43032
1	43032
1	43032
1	43032
1	43032
1	43032
1	43032
1	43045
1	43045
1	43045
1	43045
1	43045
1	43045
1	43045
1	43045
1	43045
1	43045
1	43045
1	43045
1	43045
1	43049
1	43049
1	43049
1	43049
1	43049
1	43049
1	43049
1	43049
1	43049
1	43049
1	43049
1	43049
1	43049
1	43049
1	43049
1	43049
1	43049
1	43049
1	43049
1	43049
1	43063
1	43063
1	43063
1	43063
1	43063
1	43063
1	43063
1	43067
1	43067
1	43067
1	43067
1	43067
1	43067
1	43067
1	43067
1	43067
1	43067
1	43067
1	43067
1	43067
1	43067
1	43067
1	43067
1	43067
1	43067
1	43067
1	43067
1	43067
1	43067
1	43067
1	43067
1	43067
1	43067
1	43067
1	43067
1	43085
1	43085
1	43085
1	43085
1	43085
1	43085
1	43085
1	43085
1	43085
1	43085
1	43085
1	43085
1	43085
1	43085
1	43085
1	43085
1	43085
1	43085
1	43085
1	43085
1	43085
1	43085
1	43085
1	43085
1	43085
1	43085
1	43085
1	43085
1	43085
1	43085
1	43089
1	43102
1	43102
1	43102
1	43102
1	43102
1	43102
1	43102
1	43102
1	43102
1	43102
1	43102
1	43102
1	43102
1	43102
1	43107
1	43107
1	43107
1	43107
1	43107
1	43107
1	43107
1	43120
1	43120
1	43120
1	43120
1	43120
1	43120
1	43120
1	43120
1	43120
1	43120
1	43120
1	43120
1	43120
1	43120
1	43120
1	43120
1	43120
1	43120
1	43125
1	43125
1	43125
1	43125
1	43125
1	43125
1	43125
1	43138
1	43138
1	43138
1	43138
1	43138
1	43138
1	43142
1	43142
1	43142
1	43142
1	43142
1	43142
1	43142
1	43142
1	43142
1	43142
1	43142
1	43142
1	43142
1	43142
1	43156
1	43156
1	43156
1	43156
1	43160
1	43160
1	43160
1	43160
1	43160
1	43160
1	43160
1	43160
1	43160
1	43160
1	43160
1	43160
1	43160
1	43160
1	43160
1	43160
1	43160
1	43160
1	43160
1	43160
1	43160
1	43160
1	43160
1	43160
1	43160
1	43160
1	43178
1	43178
1	43178
1	43178
1	43178
1	43178
1	43178
1	43178
1	43178
1	43178
1	43178
1	43178
1	43178
1	43178
1	43178
1	43178
1	43178
1	43178
1	43178
1	43178
1	43178
1	43178
1	43178
1	43178
1	43196
1	43196
1	43196
1	43196
1	43196
1	43196
1	43196
1	43196
1	43196
1	43196
1	43196
1	43196
1	43196
1	43196
1	43196
1	43196
1	43196
1	43196
1	43196
1	43196
1	43196
1	43196
1	43196
1	43196
1	43196
1	43196
1	43196
1	43196
1	43196
1	43196
1	43196
1	43200
1	43200
1	43200
1	43200
1	43200
1	43214
1	43214
1	43214
1	43214
1	43214
1	43214
1	43214
1	43214
1	43214
1	43214
1	43214
1	43214
1	43214
1	43214
1	43214
1	43218
1	43218
1	43218
1	43218
1	43218
1	43218
1	43218
1	43218
1	43218
1	43218
1	43231
1	43231
1	43231
1	43231
1	43231
1	43231
1	43231
1	43231
1	43231
1	43231
1	43231
1	43231
1	43236
1	43236
1	43236
1	43236
1	43236
1	43236
1	43236
1	43236
1	43236
1	43236
1	43236
1	43236
1	43236
1	43236
1	43236
1	43236
1	43236
1	43236
1	43236
1	43236
1	43236
1	43240
1	43249
1	43249
1	43249
1	43249
1	43249
1	43249
1	43249
1	43249
1	43254
1	43254
1	43254
1	43254
1	43254
1	43254
1	43254
1	43254
1	43254
1	43254
1	43254
1	43254
1	43254
1	43254
1	43254
1	43254
1	43254
1	43254
1	43254
1	43267
1	43271
1	43271
1	43271
1	43271
1	43271
1	43271
1	43271
1	43271
1	43271
1	43271
1	43271
1	43271
1	43271
1	43271
1	43271
1	43271
1	43271
1	43271
1	43271
1	43271
1	43271
1	43271
1	43271
1	43271
1	43271
1	43289
1	43289
1	43289
1	43289
1	43289
1	43289
1	43289
1	43289
1	43289
1	43289
1	43289
1	43289
1	43289
1	43289
1	43289
1	43289
1	43289
1	43294
1	43294
1	43294
1	43294
1	43307
1	43307
1	43307
1	43307
1	43307
1	43307
1	43307
1	43307
1	43307
1	43307
1	43307
1	43307
1	43307
1	43307
1	43307
1	43307
1	43307
1	43307
1	43307
1	43307
1	43307
1	43307
1	43307
1	43307
1	43307
1	43307
1	43307
1	43312
1	43312
1	43312
1	43312
1	43312
1	43312
1	43312
1	43312
1	43312
1	43312
1	43312
1	43325
1	43325
1	43325
1	43325
1	43325
1	43325
1	43325
1	43325
1	43325
1	43325
1	43325
1	43325
1	43325
1	43325
1	43325
1	43330
1	43330
1	43330
1	43330
1	43330
1	43330
1	43330
1	43330
1	43330
1	43330
1	43330
1	43330
1	43330
1	43330
1	43330
1	43330
1	43343
1	43343
1	43343
1	43343
1	43347
1	43347
1	43347
1	43347
1	43347
1	43347
1	43347
1	43347
1	43347
1	43347
1	43347
1	43347
1	43347
1	43347
1	43347
1	43347
1	43347
1	43347
1	43347
1	43347
1	43347
1	43347
1	43347
1	43347
1	43347
1	43347
1	43347
1	43347
1	43347
1	43347
1	43361
1	43361
1	43361
1	43365
1	43365
1	43365
1	43365
1	43365
1	43365
1	43365
1	43365
1	43365
1	43365
1	43365
1	43365
1	43365
1	43365
1	43365
1	43365
1	43365
1	43365
1	43365
1	43365
1	43365
1	43365
1	43383
1	43383
1	43383
1	43383
1	43383
1	43383
1	43383
1	43383
1	43383
1	43383
1	43383
1	43383
1	43383
1	43383
1	43383
1	43383
1	43383
1	43383
1	43383
1	43383
1	43383
1	43383
1	43383
1	43383
1	43383
1	43388
1	43388
1	43388
1	43388
1	43388
1	43388
1	43401
1	43401
1	43401
1	43401
1	43401
1	43401
1	43401
1	43401
1	43401
1	43401
1	43401
1	43401
1	43401
1	43401
1	43401
1	43401
1	43401
1	43401
1	43401
1	43401
1	43406
1	43406
1	43406
1	43406
1	43406
1	43406
1	43406
1	43406
1	43406
1	43406
1	43406
1	43419
1	43419
1	43419
1	43419
1	43419
1	43419
1	43419
1	43419
1	43419
1	43419
1	43419
1	43419
1	43419
1	43419
1	43419
1	43424
1	43424
1	43424
1	43424
1	43424
1	43424
1	43424
1	43424
1	43424
1	43424
1	43424
1	43424
1	43437
1	43437
1	43437
1	43437
1	43437
1	43442
1	43442
1	43442
1	43442
1	43442
1	43442
1	43442
1	43442
1	43442
1	43442
1	43442
1	43442
1	43442
1	43442
1	43442
1	43455
1	43455
1	43455
1	43455
1	43460
1	43460
1	43460
1	43460
1	43460
1	43460
1	43460
1	43460
1	43460
1	43460
1	43460
1	43460
1	43460
1	43460
1	43460
1	43460
1	43460
1	43460
1	43460
1	43460
1	43460
1	43460
1	43460
1	43460
1	43460
1	43460
1	43460
1	43478
1	43478
1	43478
1	43478
1	43478
1	43478
1	43478
1	43478
1	43478
1	43478
1	43478
1	43478
1	43478
1	43478
1	43478
1	43478
1	43478
1	43478
1	43478
1	43478
1	43478
1	43478
1	43478
1	43478
1	43478
1	43478
1	43478
1	43478
1	43478
1	43478
1	43478
1	43478
1	43478
1	43478
1	43482
1	43482
1	43482
1	43482
1	43496
1	43496
1	43496
1	43496
1	43496
1	43496
1	43496
1	43496
1	43496
1	43496
1	43496
1	43496
1	43496
1	43496
1	43496
1	43496
1	43496
1	43496
1	43496
1	43496
1	43496
1	43496
1	43496
1	43496
1	43496
1	43496
1	43496
1	43496
1	43496
1	43496
1	43496
1	43496
1	43496
1	43496
1	43496
1	43500
1	43500
1	43500
1	43500
1	43500
1	43500
1	43500
1	43500
1	43500
1	43500
1	43500
1	43500
1	43514
1	43514
1	43514
1	43514
1	43514
1	43514
1	43514
1	43514
1	43514
1	43514
1	43514
1	43514
1	43514
1	43514
1	43514
1	43514
1	43514
1	43514
1	43514
1	43514
1	43514
1	43514
1	43514
1	43518
1	43518
1	43518
1	43518
1	43518
1	43518
1	43518
1	43518
1	43518
1	43518
1	43518
1	43518
1	43518
1	43518
1	43532
1	43532
1	43532
1	43532
1	43532
1	43532
1	43532
1	43536
1	43536
1	43536
1	43536
1	43536
1	43536
1	43536
1	43536
1	43536
1	43536
1	43536
1	43536
1	43536
1	43536
1	43536
1	43536
1	43550
1	43550
1	43550
1	43550
1	43555
1	43555
1	43555
1	43555
1	43555
1	43555
1	43555
1	43555
1	43555
1	43555
1	43555
1	43555
1	43555
1	43555
1	43555
1	43555
1	43573
1	43573
1	43573
1	43573
1	43573
1	43573
1	43573
1	43573
1	43573
1	43573
1	43573
1	43573
1	43573
1	43573
1	43573
1	43573
1	43573
1	43573
1	43573
1	43591
1	43591
1	43591
1	43591
1	43591
1	43591
1	43591
1	43591
1	43591
1	43591
1	43591
1	43591
1	43591
1	43591
1	43591
1	43591
1	43591
1	43591
1	43591
1	43591
1	43591
1	43591
1	43595
1	43595
1	43595
1	43595
1	43595
1	43609
1	43609
1	43609
1	43609
1	43609
1	43609
1	43609
1	43609
1	43609
1	43609
1	43609
1	43609
1	43609
1	43609
1	43609
1	43609
1	43609
1	43609
1	43609
1	43609
1	43609
1	43609
1	43609
1	43609
1	43613
1	43613
1	43613
1	43613
1	43613
1	43613
1	43613
1	43613
1	43613
1	43613
1	43613
1	43613
1	43613
1	43613
1	43627
1	43627
1	43627
1	43627
1	43627
1	43632
1	43632
1	43632
1	43632
1	43632
1	43632
1	43632
1	43632
1	43632
1	43632
1	43632
1	43632
1	43632
1	43632
1	43632
1	43645
1	43645
1	43645
1	43645
1	43645
1	43645
1	43650
1	43650
1	43650
1	43650
1	43650
1	43650
1	43650
1	43650
1	43650
1	43650
1	43650
1	43650
1	43650
1	43650
1	43650
1	43650
1	43650
1	43650
1	43650
1	43650
1	43650
1	43650
1	43668
1	43668
1	43668
1	43668
1	43668
1	43668
1	43668
1	43668
1	43668
1	43668
1	43668
1	43668
1	43668
1	43668
1	43668
1	43668
1	43668
1	43668
1	43668
1	43668
1	43668
1	43668
1	43668
1	43668
1	43668
1	43668
1	43668
1	43668
1	43668
1	43668
1	43668
1	43672
1	43686
1	43686
1	43686
1	43686
1	43686
1	43686
1	43686
1	43686
1	43686
1	43686
1	43686
1	43686
1	43686
1	43686
1	43686
1	43691
1	43691
1	43691
1	43691
1	43691
1	43691
1	43691
1	43691
1	43704
1	43704
1	43704
1	43704
1	43704
1	43704
1	43704
1	43704
1	43704
1	43704
1	43704
1	43704
1	43704
1	43704
1	43704
1	43704
1	43704
1	43709
1	43709
1	43709
1	43709
1	43709
1	43709
1	43709
1	43709
1	43709
1	43709
1	43709
1	43709
1	43723
1	43723
1	43723
1	43723
1	43723
1	43723
1	43727
1	43727
1	43727
1	43727
1	43727
1	43727
1	43727
1	43727
1	43727
1	43727
1	43727
1	43727
1	43727
1	43727
1	43727
1	43727
1	43727
1	43727
1	43727
1	43727
1	43741
1	43741
1	43741
1	43741
1	43741
1	43741
1	43741
1	43741
1	43745
1	43745
1	43745
1	43745
1	43745
1	43745
1	43745
1	43745
1	43745
1	43745
1	43745
1	43745
1	43745
1	43745
1	43745
1	43745
1	43745
1	43745
1	43764
1	43764
1	43764
1	43764
1	43764
1	43764
1	43764
1	43764
1	43764
1	43764
1	43764
1	43764
1	43764
1	43764
1	43764
1	43764
1	43764
1	43764
1	43764
1	43764
1	43764
1	43764
1	43764
1	43764
1	43764
1	43764
1	43764
1	43782
1	43782
1	43782
1	43782
1	43782
1	43782
1	43782
1	43782
1	43782
1	43782
1	43782
1	43782
1	43782
1	43782
1	43782
1	43786
1	43786
1	43786
1	43786
1	43786
1	43786
1	43800
1	43800
1	43800
1	43800
1	43800
1	43800
1	43800
1	43800
1	43800
1	43800
1	43800
1	43800
1	43800
1	43800
1	43800
1	43800
1	43800
1	43800
1	43800
1	43800
1	43800
1	43800
1	43800
1	43805
1	43805
1	43805
1	43805
1	43805
1	43805
1	43805
1	43805
1	43805
1	43805
1	43818
1	43818
1	43818
1	43818
1	43818
1	43818
1	43818
1	43818
1	43818
1	43818
1	43818
1	43818
1	43818
1	43818
1	43818
1	43818
1	43823
1	43823
1	43823
1	43823
1	43823
1	43823
1	43823
1	43823
1	43823
1	43823
1	43823
1	43823
1	43823
1	43837
1	43837
1	43837
1	43837
1	43841
1	43841
1	43841
1	43841
1	43841
1	43841
1	43841
1	43841
1	43841
1	43841
1	43841
1	43841
1	43841
1	43841
1	43841
1	43841
1	43841
1	43841
1	43841
1	43841
1	43841
1	43841
1	43860
1	43860
1	43860
1	43860
1	43860
1	43860
1	43860
1	43860
1	43860
1	43860
1	43860
1	43860
1	43860
1	43860
1	43860
1	43860
1	43860
1	43860
1	43860
1	43878
1	43878
1	43878
1	43878
1	43878
1	43878
1	43878
1	43878
1	43878
1	43878
1	43878
1	43878
1	43878
1	43878
1	43878
1	43883
1	43883
1	43883
1	43883
1	43896
1	43896
1	43896
1	43896
1	43896
1	43896
1	43896
1	43896
1	43896
1	43896
1	43896
1	43896
1	43896
1	43896
1	43896
1	43896
1	43896
1	43896
1	43901
1	43901
1	43901
1	43901
1	43901
1	43901
1	43901
1	43901
1	43901
1	43901
1	43901
1	43901
1	43915
1	43915
1	43915
1	43915
1	43915
1	43915
1	43915
1	43915
1	43915
1	43915
1	43915
1	43915
1	43919
1	43919
1	43919
1	43919
1	43919
1	43919
1	43919
1	43919
1	43919
1	43919
1	43919
1	43919
1	43933
1	43933
1	43933
1	43933
1	43933
1	43933
1	43938
1	43938
1	43938
1	43938
1	43938
1	43938
1	43938
1	43938
1	43938
1	43938
1	43938
1	43938
1	43938
1	43938
1	43938
1	43938
1	43938
1	43938
1	43938
1	43938
1	43938
1	43938
1	43956
1	43956
1	43956
1	43956
1	43956
1	43956
1	43956
1	43956
1	43956
1	43956
1	43956
1	43956
1	43956
1	43956
1	43956
1	43956
1	43956
1	43956
1	43956
1	43956
1	43956
1	43956
1	43956
1	43956
1	43956
1	43956
1	43975
1	43975
1	43975
1	43975
1	43975
1	43975
1	43975
1	43975
1	43975
1	43975
1	43975
1	43975
1	43975
1	43975
1	43975
1	43975
1	43975
1	43975
1	43975
1	43975
1	43975
1	43979
1	43979
1	43979
1	43979
1	43993
1	43993
1	43993
1	43993
1	43993
1	43993
1	43993
1	43993
1	43993
1	43993
1	43993
1	43993
1	43993
1	43993
1	43993
1	43998
1	43998
1	43998
1	43998
1	43998
1	43998
1	43998
1	43998
1	43998
1	43998
1	44012
1	44012
1	44012
1	44012
1	44012
1	44012
1	44012
1	44012
1	44012
1	44012
1	44012
1	44012
1	44012
1	44012
1	44012
1	44016
1	44016
1	44016
1	44016
1	44016
1	44016
1	44016
1	44016
1	44016
1	44016
1	44016
1	44016
1	44016
1	44016
1	44016
1	44016
1	44030
1	44030
1	44030
1	44035
1	44035
1	44035
1	44035
1	44035
1	44035
1	44035
1	44035
1	44035
1	44035
1	44035
1	44035
1	44035
1	44035
1	44035
1	44035
1	44035
1	44035
1	44035
1	44035
1	44035
1	44049
1	44053
1	44053
1	44053
1	44053
1	44053
1	44053
1	44053
1	44053
1	44053
1	44053
1	44053
1	44053
1	44053
1	44053
1	44053
1	44053
1	44053
1	44053
1	44053
1	44053
1	44072
1	44072
1	44072
1	44072
1	44072
1	44072
1	44072
1	44072
1	44072
1	44072
1	44072
1	44072
1	44072
1	44072
1	44072
1	44072
1	44072
1	44072
1	44072
1	44072
1	44072
1	44072
1	44072
1	44072
1	44072
1	44072
1	44072
1	44072
1	44072
1	44076
1	44076
1	44076
1	44076
1	44076
1	44076
1	44076
1	44090
1	44090
1	44090
1	44090
1	44090
1	44090
1	44090
1	44090
1	44090
1	44090
1	44090
1	44090
1	44090
1	44090
1	44090
1	44090
1	44090
1	44090
1	44090
1	44090
1	44090
1	44090
1	44095
1	44095
1	44095
1	44095
1	44095
1	44095
1	44095
1	44095
1	44095
1	44109
1	44109
1	44109
1	44109
1	44109
1	44109
1	44109
1	44109
1	44109
1	44109
1	44109
1	44109
1	44113
1	44113
1	44113
1	44113
1	44113
1	44113
1	44113
1	44113
1	44113
1	44113
1	44113
1	44113
1	44113
1	44113
1	44127
1	44127
1	44127
1	44127
1	44127
1	44127
1	44127
1	44127
1	44127
1	44127
1	44127
1	44127
1	44127
1	44132
1	44132
1	44132
1	44132
1	44132
1	44132
1	44132
1	44132
1	44132
1	44132
1	44132
1	44132
1	44132
1	44132
1	44132
1	44132
1	44146
1	44146
1	44146
1	44146
1	44151
1	44151
1	44151
1	44151
1	44151
1	44151
1	44151
1	44151
1	44151
1	44151
1	44151
1	44151
1	44151
1	44151
1	44151
1	44151
1	44151
1	44151
1	44151
1	44151
1	44151
1	44151
1	44151
1	44151
1	44151
1	44151
1	44151
1	44151
1	44169
1	44169
1	44169
1	44169
1	44169
1	44169
1	44169
1	44169
1	44169
1	44169
1	44169
1	44169
1	44169
1	44169
1	44169
1	44169
1	44169
1	44169
1	44169
1	44169
1	44169
1	44169
1	44169
1	44174
1	44188
1	44188
1	44188
1	44188
1	44188
1	44188
1	44188
1	44188
1	44188
1	44188
1	44188
1	44188
1	44188
1	44188
1	44188
1	44188
1	44188
1	44188
1	44188
1	44188
1	44188
1	44188
1	44192
1	44192
1	44192
1	44192
1	44192
1	44192
1	44192
1	44206
1	44206
1	44206
1	44206
1	44206
1	44206
1	44206
1	44206
1	44206
1	44206
1	44206
1	44206
1	44206
1	44206
1	44206
1	44206
1	44206
1	44206
1	44206
1	44206
1	44206
1	44206
1	44206
1	44211
1	44211
1	44211
1	44211
1	44211
1	44211
1	44211
1	44211
1	44211
1	44211
1	44211
1	44225
1	44225
1	44225
1	44225
1	44225
1	44225
1	44225
1	44225
1	44225
1	44225
1	44230
1	44230
1	44230
1	44230
1	44230
1	44230
1	44230
1	44230
1	44230
1	44230
1	44230
1	44230
1	44230
1	44230
1	44230
1	44230
1	44230
1	44244
1	44244
1	44248
1	44248
1	44248
1	44248
1	44248
1	44248
1	44248
1	44248
1	44248
1	44248
1	44248
1	44248
1	44248
1	44248
1	44248
1	44248
1	44248
1	44248
1	44248
1	44248
1	44248
1	44248
1	44248
1	44248
1	44248
1	44248
1	44267
1	44267
1	44267
1	44267
1	44267
1	44267
1	44267
1	44267
1	44267
1	44267
1	44267
1	44267
1	44267
1	44267
1	44267
1	44267
1	44267
1	44267
1	44267
1	44267
1	44267
1	44267
1	44267
1	44267
1	44267
1	44267
1	44267
1	44267
1	44267
1	44267
1	44267
1	44267
1	44272
1	44286
1	44286
1	44286
1	44286
1	44286
1	44286
1	44286
1	44286
1	44286
1	44286
1	44286
1	44286
1	44286
1	44286
1	44286
1	44286
1	44286
1	44286
1	44286
1	44286
1	44286
1	44286
1	44286
1	44286
1	44286
1	44286
1	44286
1	44290
1	44290
1	44290
1	44290
1	44290
1	44290
1	44290
1	44290
1	44290
1	44290
1	44290
1	44290
1	44304
1	44304
1	44304
1	44304
1	44304
1	44304
1	44304
1	44304
1	44304
1	44304
1	44304
1	44304
1	44304
1	44304
1	44304
1	44304
1	44304
1	44309
1	44309
1	44309
1	44309
1	44309
1	44309
1	44309
1	44309
1	44309
1	44309
1	44309
1	44309
1	44309
1	44309
1	44309
1	44309
1	44309
1	44309
1	44309
1	44323
1	44323
1	44323
1	44323
1	44323
1	44323
1	44323
1	44323
1	44323
1	44323
1	44323
1	44323
1	44323
1	44328
1	44328
1	44328
1	44328
1	44328
1	44328
1	44328
1	44328
1	44328
1	44328
1	44328
1	44328
1	44328
1	44328
1	44328
1	44328
1	44328
1	44328
1	44328
1	44328
1	44342
1	44342
1	44342
1	44342
1	44342
1	44347
1	44347
1	44347
1	44347
1	44347
1	44347
1	44347
1	44347
1	44347
1	44347
1	44347
1	44347
1	44347
1	44347
1	44347
1	44347
1	44347
1	44347
1	44347
1	44347
1	44347
1	44347
1	44347
1	44365
1	44365
1	44365
1	44365
1	44365
1	44365
1	44365
1	44365
1	44365
1	44365
1	44365
1	44365
1	44365
1	44365
1	44365
1	44365
1	44365
1	44365
1	44365
1	44365
1	44370
1	44370
1	44384
1	44384
1	44384
1	44384
1	44384
1	44384
1	44384
1	44384
1	44384
1	44384
1	44384
1	44384
1	44384
1	44384
1	44384
1	44384
1	44384
1	44384
1	44384
1	44384
1	44384
1	44384
1	44384
1	44389
1	44389
1	44389
1	44389
1	44389
1	44389
1	44389
1	44389
1	44403
1	44403
1	44403
1	44403
1	44403
1	44403
1	44403
1	44403
1	44403
1	44403
1	44403
1	44403
1	44403
1	44403
1	44403
1	44408
1	44408
1	44408
1	44408
1	44408
1	44408
1	44408
1	44408
1	44408
1	44422
1	44422
1	44422
1	44422
1	44422
1	44422
1	44422
1	44422
1	44422
1	44422
1	44422
1	44422
1	44422
1	44426
1	44426
1	44426
1	44426
1	44426
1	44426
1	44426
1	44426
1	44426
1	44426
1	44426
1	44426
1	44426
1	44426
1	44426
1	44426
1	44426
1	44426
1	44441
1	44441
1	44441
1	44441
1	44441
1	44445
1	44445
1	44445
1	44445
1	44445
1	44445
1	44445
1	44445
1	44445
1	44445
1	44445
1	44445
1	44445
1	44445
1	44445
1	44445
1	44445
1	44445
1	44445
1	44445
1	44445
1	44445
1	44445
1	44445
1	44445
1	44445
1	44464
1	44464
1	44464
1	44464
1	44464
1	44464
1	44464
1	44464
1	44464
1	44464
1	44464
1	44464
1	44464
1	44464
1	44464
1	44464
1	44464
1	44464
1	44464
1	44464
1	44464
1	44464
1	44464
1	44464
1	44464
1	44464
1	44464
1	44464
1	44464
1	44464
1	44464
1	44464
1	44469
1	44483
1	44483
1	44483
1	44483
1	44483
1	44483
1	44483
1	44483
1	44483
1	44483
1	44483
1	44483
1	44483
1	44483
1	44483
1	44483
1	44483
1	44483
1	44483
1	44483
1	44483
1	44483
1	44488
1	44488
1	44488
1	44488
1	44488
1	44488
1	44488
1	44488
1	44502
1	44502
1	44502
1	44502
1	44502
1	44502
1	44502
1	44502
1	44502
1	44502
1	44502
1	44502
1	44502
1	44507
1	44507
1	44507
1	44507
1	44507
1	44507
1	44507
1	44507
1	44507
1	44507
1	44507
1	44507
1	44507
1	44507
1	44521
1	44521
1	44521
1	44521
1	44521
1	44521
1	44521
1	44521
1	44526
1	44526
1	44526
1	44526
1	44526
1	44526
1	44526
1	44526
1	44526
1	44526
1	44526
1	44526
1	44526
1	44526
1	44526
1	44526
1	44526
1	44526
1	44540
1	44540
1	44540
1	44540
1	44540
1	44540
1	44540
1	44540
1	44544
1	44544
1	44544
1	44544
1	44544
1	44544
1	44544
1	44544
1	44544
1	44544
1	44544
1	44544
1	44544
1	44544
1	44544
1	44544
1	44544
1	44544
1	44544
1	44544
1	44544
1	44544
1	44544
1	44544
1	44559
1	44563
1	44563
1	44563
1	44563
1	44563
1	44563
1	44563
1	44563
1	44563
1	44563
1	44563
1	44563
1	44563
1	44563
1	44563
1	44563
1	44563
1	44563
1	44563
1	44563
1	44563
1	44563
1	44563
1	44563
1	44563
1	44563
1	44563
1	44563
1	44563
1	44563
1	44563
1	44563
1	44563
1	44563
1	44563
1	44582
1	44582
1	44582
1	44582
1	44582
1	44582
1	44582
1	44582
1	44582
1	44582
1	44582
1	44582
1	44582
1	44582
1	44582
1	44582
1	44582
1	44582
1	44582
1	44582
1	44587
1	44587
1	44587
1	44587
1	44587
1	44587
1	44587
1	44601
1	44601
1	44601
1	44601
1	44601
1	44601
1	44601
1	44601
1	44601
1	44601
1	44601
1	44601
1	44601
1	44601
1	44601
1	44601
1	44601
1	44601
1	44601
1	44601
1	44606
1	44606
1	44606
1	44606
1	44606
1	44606
1	44606
1	44606
1	44606
1	44620
1	44620
1	44620
1	44620
1	44620
1	44620
1	44620
1	44620
1	44620
1	44620
1	44620
1	44620
1	44625
1	44625
1	44625
1	44625
1	44625
1	44625
1	44625
1	44625
1	44625
1	44625
1	44625
1	44625
1	44625
1	44625
1	44625
1	44625
1	44625
1	44639
1	44639
1	44639
1	44639
1	44639
1	44639
1	44639
1	44639
1	44644
1	44644
1	44644
1	44644
1	44644
1	44644
1	44644
1	44644
1	44644
1	44644
1	44644
1	44644
1	44644
1	44644
1	44644
1	44644
1	44644
1	44644
1	44644
1	44644
1	44644
1	44644
1	44644
1	44658
1	44663
1	44663
1	44663
1	44663
1	44663
1	44663
1	44663
1	44663
1	44663
1	44663
1	44663
1	44663
1	44663
1	44663
1	44663
1	44663
1	44663
1	44663
1	44663
1	44663
1	44663
1	44663
1	44663
1	44682
1	44682
1	44682
1	44682
1	44682
1	44682
1	44682
1	44682
1	44682
1	44682
1	44682
1	44682
1	44682
1	44682
1	44682
1	44682
1	44682
1	44682
1	44682
1	44687
1	44687
1	44687
1	44687
1	44687
1	44687
1	44687
1	44701
1	44701
1	44701
1	44701
1	44701
1	44701
1	44701
1	44701
1	44701
1	44701
1	44701
1	44701
1	44701
1	44701
1	44706
1	44706
1	44706
1	44706
1	44706
1	44706
1	44720
1	44720
1	44720
1	44720
1	44720
1	44720
1	44720
1	44720
1	44720
1	44720
1	44720
1	44725
1	44725
1	44725
1	44725
1	44725
1	44725
1	44725
1	44725
1	44725
1	44725
1	44725
1	44725
1	44739
1	44739
1	44739
1	44739
1	44739
1	44739
1	44739
1	44739
1	44744
1	44744
1	44744
1	44744
1	44744
1	44744
1	44744
1	44744
1	44744
1	44744
1	44744
1	44744
1	44744
1	44744
1	44744
1	44744
1	44744
1	44744
1	44744
1	44744
1	44744
1	44744
1	44744
1	44744
1	44744
1	44744
1	44744
1	44744
1	44744
1	44758
1	44758
1	44758
1	44763
1	44763
1	44763
1	44763
1	44763
1	44763
1	44763
1	44763
1	44763
1	44763
1	44763
1	44763
1	44763
1	44763
1	44763
1	44763
1	44763
1	44763
1	44763
1	44763
1	44763
1	44763
1	44763
1	44763
1	44763
1	44763
1	44763
1	44763
1	44763
1	44763
1	44763
1	44782
1	44782
1	44782
1	44782
1	44782
1	44782
1	44782
1	44782
1	44782
1	44782
1	44782
1	44782
1	44782
1	44782
1	44782
1	44782
1	44782
1	44782
1	44782
1	44782
1	44782
1	44782
1	44782
1	44782
1	44782
1	44782
1	44787
1	44787
1	44787
1	44787
1	44801
1	44801
1	44801
1	44801
1	44801
1	44801
1	44801
1	44801
1	44801
1	44801
1	44801
1	44801
1	44801
1	44801
1	44801
1	44801
1	44801
1	44801
1	44806
1	44806
1	44806
1	44806
1	44806
1	44806
1	44806
1	44806
1	44806
1	44806
1	44806
1	44806
1	44806
1	44821
1	44821
1	44821
1	44821
1	44821
1	44821
1	44821
1	44821
1	44821
1	44821
1	44821
1	44825
1	44825
1	44825
1	44825
1	44825
1	44825
1	44825
1	44825
1	44825
1	44825
1	44825
1	44840
1	44840
1	44840
1	44840
1	44840
1	44840
1	44840
1	44840
1	44840
1	44840
1	44840
1	44844
1	44844
1	44844
1	44844
1	44844
1	44844
1	44844
1	44844
1	44844
1	44844
1	44844
1	44844
1	44844
1	44844
1	44844
1	44844
1	44844
1	44844
1	44844
1	44844
1	44844
1	44844
1	44859
1	44864
1	44864
1	44864
1	44864
1	44864
1	44864
1	44864
1	44864
1	44864
1	44864
1	44864
1	44864
1	44864
1	44864
1	44864
1	44864
1	44864
1	44864
1	44864
1	44864
1	44864
1	44864
1	44864
1	44883
1	44883
1	44883
1	44883
1	44883
1	44883
1	44883
1	44883
1	44883
1	44883
1	44883
1	44883
1	44883
1	44883
1	44883
1	44883
1	44883
1	44883
1	44883
1	44883
1	44883
1	44883
1	44883
1	44883
1	44883
1	44883
1	44888
1	44902
1	44902
1	44902
1	44902
1	44902
1	44902
1	44902
1	44902
1	44902
1	44902
1	44902
1	44902
1	44902
1	44902
1	44902
1	44902
1	44902
1	44907
1	44907
1	44907
1	44907
1	44907
1	44907
1	44907
1	44907
1	44907
1	44921
1	44921
1	44921
1	44921
1	44921
1	44921
1	44921
1	44921
1	44921
1	44921
1	44921
1	44921
1	44921
1	44921
1	44921
1	44921
1	44921
1	44921
1	44921
1	44926
1	44926
1	44926
1	44926
1	44926
1	44926
1	44926
1	44926
1	44926
1	44926
1	44926
1	44926
1	44926
1	44941
1	44941
1	44941
1	44941
1	44941
1	44941
1	44941
1	44941
1	44941
1	44941
1	44945
1	44945
1	44945
1	44945
1	44945
1	44945
1	44945
1	44945
1	44945
1	44945
1	44945
1	44945
1	44945
1	44945
1	44945
1	44945
1	44945
1	44945
1	44945
1	44945
1	44945
1	44960
1	44960
1	44960
1	44960
1	44960
1	44960
1	44965
1	44965
1	44965
1	44965
1	44965
1	44965
1	44965
1	44965
1	44965
1	44965
1	44965
1	44965
1	44965
1	44965
1	44965
1	44965
1	44965
1	44965
1	44965
1	44965
1	44965
1	44965
1	44965
1	44965
1	44965
1	44965
1	44984
1	44984
1	44984
1	44984
1	44984
1	44984
1	44984
1	44984
1	44984
1	44984
1	44984
1	44984
1	44984
1	44984
1	44984
1	44984
1	44984
1	44984
1	44984
1	44984
1	44984
1	44984
1	44984
1	44984
1	44984
1	44984
1	44984
1	44984
1	44984
1	44984
1	44984
1	44984
1	44984
1	44984
1	44989
1	45003
1	45003
1	45003
1	45003
1	45003
1	45003
1	45003
1	45003
1	45003
1	45003
1	45003
1	45003
1	45003
1	45003
1	45003
1	45003
1	45008
1	45008
1	45008
1	45008
1	45008
1	45008
1	45008
1	45008
1	45008
1	45008
1	45008
1	45008
1	45023
1	45023
1	45023
1	45023
1	45023
1	45023
1	45023
1	45023
1	45023
1	45023
1	45023
1	45023
1	45023
1	45023
1	45023
1	45023
1	45027
1	45027
1	45027
1	45027
1	45027
1	45027
1	45027
1	45027
1	45027
1	45027
1	45027
1	45027
1	45027
1	45027
1	45027
1	45042
1	45042
1	45042
1	45042
1	45042
1	45042
1	45042
1	45042
1	45042
1	45042
1	45042
1	45042
1	45047
1	45047
1	45047
1	45047
1	45047
1	45047
1	45047
1	45047
1	45047
1	45047
1	45047
1	45047
1	45047
1	45047
1	45047
1	45047
1	45047
1	45047
1	45047
1	45047
1	45061
1	45061
1	45061
1	45061
1	45066
1	45066
1	45066
1	45066
1	45066
1	45066
1	45066
1	45066
1	45066
1	45066
1	45066
1	45066
1	45066
1	45066
1	45066
1	45066
1	45066
1	45066
1	45066
1	45066
1	45066
1	45066
1	45066
1	45066
1	45066
1	45066
1	45066
1	45085
1	45085
1	45085
1	45085
1	45085
1	45085
1	45085
1	45085
1	45085
1	45085
1	45085
1	45085
1	45085
1	45085
1	45085
1	45085
1	45085
1	45085
1	45085
1	45085
1	45085
1	45085
1	45085
1	45085
1	45085
1	45085
1	45085
1	45085
1	45085
1	45085
1	45085
1	45085
1	45085
1	45085
1	45085
1	45085
1	45085
1	45085
1	45085
1	45090
1	45090
1	45105
1	45105
1	45105
1	45105
1	45105
1	45105
1	45105
1	45105
1	45105
1	45105
1	45105
1	45105
1	45105
1	45105
1	45105
1	45105
1	45110
1	45110
1	45110
1	45110
1	45110
1	45110
1	45110
1	45124
1	45124
1	45124
1	45124
1	45124
1	45124
1	45124
1	45124
1	45124
1	45129
1	45129
1	45129
1	45129
1	45129
1	45129
1	45129
1	45129
1	45129
1	45129
1	45129
1	45129
1	45129
1	45129
1	45129
1	45144
1	45144
1	45144
1	45144
1	45144
1	45144
1	45144
1	45144
1	45144
1	45149
1	45149
1	45149
1	45149
1	45149
1	45149
1	45149
1	45149
1	45149
1	45149
1	45149
1	45149
1	45149
1	45149
1	45149
1	45149
1	45149
1	45149
1	45163
1	45163
1	45163
1	45168
1	45168
1	45168
1	45168
1	45168
1	45168
1	45168
1	45168
1	45168
1	45168
1	45168
1	45168
1	45168
1	45168
1	45168
1	45168
1	45168
1	45168
1	45168
1	45168
1	45188
1	45188
1	45188
1	45188
1	45188
1	45188
1	45188
1	45188
1	45188
1	45188
1	45188
1	45188
1	45188
1	45188
1	45188
1	45188
1	45188
1	45188
1	45188
1	45188
1	45188
1	45188
1	45188
1	45188
1	45188
1	45188
1	45188
1	45188
1	45188
1	45188
1	45188
1	45188
1	45207
1	45207
1	45207
1	45207
1	45207
1	45207
1	45207
1	45207
1	45207
1	45207
1	45207
1	45207
1	45207
1	45207
1	45207
1	45207
1	45207
1	45207
1	45207
1	45207
1	45207
1	45207
1	45212
1	45212
1	45212
1	45226
1	45226
1	45226
1	45226
1	45226
1	45226
1	45226
1	45226
1	45226
1	45226
1	45231
1	45231
1	45231
1	45231
1	45231
1	45231
1	45231
1	45231
1	45231
1	45231
1	45231
1	45231
1	45231
1	45231
1	45231
1	45231
1	45231
1	45231
1	45246
1	45246
1	45246
1	45246
1	45246
1	45246
1	45246
1	45246
1	45246
1	45251
1	45251
1	45251
1	45251
1	45251
1	45251
1	45251
1	45251
1	45251
1	45251
1	45251
1	45251
1	45251
1	45251
1	45251
1	45251
1	45266
1	45266
1	45266
1	45266
1	45266
1	45266
1	45266
1	45266
1	45266
1	45266
1	45270
1	45270
1	45270
1	45270
1	45270
1	45270
1	45270
1	45270
1	45270
1	45270
1	45270
1	45270
1	45270
1	45270
1	45270
1	45270
1	45270
1	45270
1	45270
1	45270
1	45270
1	45270
1	45270
1	45270
1	45270
1	45285
1	45285
1	45290
1	45290
1	45290
1	45290
1	45290
1	45290
1	45290
1	45290
1	45290
1	45290
1	45290
1	45290
1	45290
1	45290
1	45290
1	45290
1	45290
1	45290
1	45290
1	45290
1	45290
1	45290
1	45290
1	45290
1	45290
1	45290
1	45290
1	45290
1	45290
1	45290
1	45290
1	45290
1	45290
1	45290
1	45290
1	45310
1	45310
1	45310
1	45310
1	45310
1	45310
1	45310
1	45310
1	45310
1	45310
1	45310
1	45310
1	45310
1	45310
1	45310
1	45310
1	45310
1	45310
1	45310
1	45310
1	45310
1	45310
1	45310
1	45310
1	45310
1	45314
1	45314
1	45314
1	45314
1	45314
1	45314
1	45329
1	45329
1	45329
1	45329
1	45329
1	45329
1	45329
1	45329
1	45329
1	45329
1	45329
1	45329
1	45329
1	45329
1	45329
1	45329
1	45329
1	45329
1	45329
1	45329
1	45329
1	45329
1	45334
1	45334
1	45334
1	45334
1	45334
1	45334
1	45334
1	45334
1	45334
1	45334
1	45334
1	45349
1	45349
1	45349
1	45349
1	45349
1	45349
1	45349
1	45349
1	45349
1	45349
1	45349
1	45349
1	45349
1	45349
1	45349
1	45354
1	45354
1	45354
1	45354
1	45354
1	45354
1	45354
1	45354
1	45354
1	45354
1	45354
1	45354
1	45354
1	45354
1	45354
1	45354
1	45354
1	45354
1	45354
1	45368
1	45368
1	45368
1	45368
1	45368
1	45368
1	45368
1	45368
1	45368
1	45373
1	45373
1	45373
1	45373
1	45373
1	45373
1	45373
1	45373
1	45373
1	45373
1	45373
1	45373
1	45373
1	45373
1	45373
1	45388
1	45393
1	45393
1	45393
1	45393
1	45393
1	45393
1	45393
1	45393
1	45393
1	45393
1	45393
1	45393
1	45393
1	45393
1	45393
1	45393
1	45393
1	45393
1	45393
1	45393
1	45393
1	45413
1	45413
1	45413
1	45413
1	45413
1	45413
1	45413
1	45413
1	45413
1	45413
1	45413
1	45413
1	45413
1	45413
1	45413
1	45413
1	45413
1	45413
1	45413
1	45413
1	45413
1	45413
1	45413
1	45413
1	45413
1	45413
1	45413
1	45413
1	45413
1	45413
1	45413
1	45413
1	45417
1	45417
1	45417
1	45417
1	45417
1	45417
1	45417
1	45432
1	45432
1	45432
1	45432
1	45432
1	45432
1	45432
1	45432
1	45432
1	45432
1	45432
1	45432
1	45432
1	45432
1	45432
1	45432
1	45432
1	45432
1	45432
1	45432
1	45432
1	45432
1	45432
1	45432
1	45437
1	45437
1	45437
1	45437
1	45437
1	45437
1	45437
1	45437
1	45437
1	45437
1	45437
1	45437
1	45437
1	45437
1	45437
1	45437
1	45437
1	45452
1	45452
1	45452
1	45452
1	45452
1	45452
1	45452
1	45452
1	45452
1	45452
1	45452
1	45452
1	45452
1	45452
1	45457
1	45457
1	45457
1	45457
1	45457
1	45457
1	45457
1	45457
1	45457
1	45457
1	45457
1	45457
1	45457
1	45457
1	45457
1	45472
1	45472
1	45472
1	45472
1	45472
1	45472
1	45472
1	45472
1	45477
1	45477
1	45477
1	45477
1	45477
1	45477
1	45477
1	45477
1	45477
1	45477
1	45477
1	45477
1	45477
1	45477
1	45477
1	45477
1	45477
1	45477
1	45477
1	45477
1	45491
1	45496
1	45496
1	45496
1	45496
1	45496
1	45496
1	45496
1	45496
1	45496
1	45496
1	45496
1	45496
1	45496
1	45496
1	45496
1	45496
1	45496
1	45496
1	45496
1	45496
1	45496
1	45496
1	45496
1	45496
1	45496
1	45496
1	45496
1	45516
1	45516
1	45516
1	45516
1	45516
1	45516
1	45516
1	45516
1	45516
1	45516
1	45516
1	45516
1	45516
1	45516
1	45516
1	45516
1	45516
1	45516
1	45516
1	45516
1	45516
1	45516
1	45516
1	45521
1	45521
1	45536
1	45536
1	45536
1	45536
1	45536
1	45536
1	45536
1	45536
1	45536
1	45536
1	45536
1	45536
1	45536
1	45541
1	45541
1	45541
1	45556
1	45556
1	45556
1	45556
1	45556
1	45556
1	45556
1	45556
1	45556
1	45556
1	45556
1	45556
1	45556
1	45556
1	45556
1	45556
1	45561
1	45561
1	45561
1	45561
1	45561
1	45561
1	45561
1	45561
1	45561
1	45561
1	45561
1	45561
1	45561
1	45575
1	45575
1	45575
1	45575
1	45575
1	45575
1	45575
1	45580
1	45580
1	45580
1	45580
1	45580
1	45580
1	45580
1	45580
1	45580
1	45580
1	45580
1	45580
1	45580
1	45580
1	45580
1	45580
1	45580
1	45580
1	45580
1	45580
1	45580
1	45580
1	45580
1	45580
1	45595
1	45595
1	45595
1	45600
1	45600
1	45600
1	45600
1	45600
1	45600
1	45600
1	45600
1	45600
1	45600
1	45600
1	45600
1	45600
1	45600
1	45600
1	45600
1	45600
1	45600
1	45600
1	45600
1	45600
1	45600
1	45600
1	45620
1	45620
1	45620
1	45620
1	45620
1	45620
1	45620
1	45620
1	45620
1	45620
1	45620
1	45620
1	45620
1	45620
1	45620
1	45620
1	45620
1	45620
1	45620
1	45620
1	45620
1	45620
1	45620
1	45620
1	45620
1	45620
1	45620
1	45620
1	45620
1	45620
1	45620
1	45620
1	45620
1	45625
1	45625
1	45640
1	45640
1	45640
1	45640
1	45640
1	45640
1	45640
1	45640
1	45640
1	45640
1	45640
1	45640
1	45640
1	45640
1	45640
1	45640
1	45640
1	45640
1	45640
1	45645
1	45645
1	45645
1	45645
1	45645
1	45645
1	45645
1	45660
1	45660
1	45660
1	45660
1	45660
1	45660
1	45660
1	45660
1	45665
1	45665
1	45665
1	45665
1	45665
1	45665
1	45665
1	45665
1	45665
1	45665
1	45665
1	45665
1	45665
1	45665
1	45665
1	45665
1	45665
1	45665
1	45665
1	45665
1	45680
1	45680
1	45680
1	45680
1	45680
1	45680
1	45680
1	45680
1	45680
1	45680
1	45685
1	45685
1	45685
1	45685
1	45685
1	45685
1	45685
1	45685
1	45685
1	45685
1	45685
1	45685
1	45685
1	45685
1	45685
1	45685
1	45685
1	45685
1	45685
1	45685
1	45685
1	45685
1	45700
1	45700
1	45705
1	45705
1	45705
1	45705
1	45705
1	45705
1	45705
1	45705
1	45705
1	45705
1	45705
1	45705
1	45705
1	45705
1	45705
1	45705
1	45705
1	45705
1	45705
1	45705
1	45705
1	45705
1	45705
1	45705
1	45705
1	45705
1	45724
1	45724
1	45724
1	45724
1	45724
1	45724
1	45724
1	45724
1	45724
1	45724
1	45724
1	45724
1	45724
1	45724
1	45724
1	45724
1	45724
1	45724
1	45724
1	45724
1	45724
1	45724
1	45724
1	45724
1	45724
1	45724
1	45724
1	45724
1	45724
1	45724
1	45724
1	45724
1	45724
1	45729
1	45744
1	45744
1	45744
1	45744
1	45744
1	45744
1	45744
1	45744
1	45744
1	45744
1	45744
1	45744
1	45744
1	45744
1	45744
1	45744
1	45744
1	45744
1	45744
1	45744
1	45744
1	45744
1	45744
1	45744
1	45744
1	45749
1	45749
1	45749
1	45749
1	45749
1	45764
1	45764
1	45764
1	45764
1	45764
1	45764
1	45764
1	45764
1	45769
1	45769
1	45769
1	45769
1	45769
1	45769
1	45769
1	45769
1	45769
1	45769
1	45769
1	45769
1	45769
1	45769
1	45769
1	45769
1	45769
1	45769
1	45769
1	45784
1	45784
1	45784
1	45784
1	45784
1	45784
1	45784
1	45784
1	45784
1	45784
1	45784
1	45784
1	45784
1	45789
1	45789
1	45789
1	45789
1	45789
1	45789
1	45789
1	45789
1	45789
1	45789
1	45789
1	45789
1	45789
1	45789
1	45789
1	45789
1	45789
1	45789
1	45789
1	45789
1	45789
1	45789
1	45789
1	45804
1	45804
1	45804
1	45804
1	45809
1	45809
1	45809
1	45809
1	45809
1	45809
1	45809
1	45809
1	45809
1	45809
1	45809
1	45809
1	45809
1	45809
1	45809
1	45809
1	45809
1	45809
1	45809
1	45809
1	45809
1	45809
1	45809
1	45809
1	45809
1	45809
1	45809
1	45809
1	45829
1	45829
1	45829
1	45829
1	45829
1	45829
1	45829
1	45829
1	45829
1	45829
1	45829
1	45829
1	45829
1	45829
1	45829
1	45829
1	45829
1	45829
1	45829
1	45829
1	45829
1	45829
1	45829
1	45829
1	45829
1	45829
1	45829
1	45829
1	45829
1	45829
1	45829
1	45829
1	45829
1	45829
1	45829
1	45849
1	45849
1	45849
1	45849
1	45849
1	45849
1	45849
1	45849
1	45849
1	45849
1	45849
1	45849
1	45849
1	45849
1	45849
1	45849
1	45849
1	45849
1	45849
1	45849
1	45849
1	45849
1	45849
1	45849
1	45849
1	45849
1	45854
1	45854
1	45854
1	45854
1	45854
1	45854
1	45854
1	45854
1	45854
1	45854
1	45854
1	45854
1	45854
1	45854
1	45869
1	45869
1	45869
1	45869
1	45869
1	45869
1	45869
1	45869
1	45869
1	45869
1	45869
1	45869
1	45869
1	45869
1	45869
1	45869
1	45869
1	45869
1	45869
1	45869
1	45869
1	45869
1	45869
1	45869
1	45874
1	45874
1	45874
1	45874
1	45874
1	45874
1	45874
1	45874
1	45874
1	45874
1	45874
1	45874
1	45874
1	45874
1	45874
1	45874
1	45890
1	45890
1	45890
1	45890
1	45890
1	45890
1	45890
1	45890
1	45890
1	45890
1	45890
1	45890
1	45890
1	45890
1	45895
1	45895
1	45895
1	45895
1	45895
1	45895
1	45895
1	45895
1	45895
1	45895
1	45895
1	45895
1	45895
1	45895
1	45895
1	45895
1	45895
1	45895
1	45895
1	45895
1	45895
1	45895
1	45895
1	45910
1	45910
1	45910
1	45910
1	45910
1	45910
1	45915
1	45915
1	45915
1	45915
1	45915
1	45915
1	45915
1	45915
1	45915
1	45915
1	45915
1	45915
1	45915
1	45915
1	45915
1	45915
1	45915
1	45915
1	45915
1	45915
1	45915
1	45935
1	45935
1	45935
1	45935
1	45935
1	45935
1	45935
1	45935
1	45935
1	45935
1	45935
1	45935
1	45935
1	45935
1	45935
1	45935
1	45935
1	45935
1	45935
1	45935
1	45935
1	45935
1	45935
1	45935
1	45935
1	45935
1	45949
1	45955
1	45955
1	45955
1	45955
1	45955
1	45955
1	45955
1	45955
1	45955
1	45955
1	45955
1	45955
1	45955
1	45955
1	45955
1	45955
1	45955
1	45955
1	45955
1	45955
1	45955
1	45960
1	45960
1	45960
1	45960
1	45960
1	45975
1	45975
1	45975
1	45975
1	45975
1	45975
1	45975
1	45975
1	45975
1	45975
1	45975
1	45975
1	45975
1	45980
1	45980
1	45980
1	45980
1	45980
1	45980
1	45980
1	45980
1	45980
1	45980
1	45980
1	45980
1	45980
1	45995
1	45995
1	45995
1	45995
1	45995
1	45995
1	45995
1	45995
1	45995
1	45995
1	45995
1	45995
1	45995
1	45995
1	46000
1	46000
1	46000
1	46000
1	46000
1	46000
1	46000
1	46000
1	46000
1	46000
1	46000
1	46000
1	46000
1	46000
1	46000
1	46000
1	46000
1	46000
1	46000
1	46000
1	46000
1	46000
1	46000
1	46000
1	46000
1	46000
1	46000
1	46015
1	46015
1	46015
1	46015
1	46015
1	46015
1	46015
1	46020
1	46020
1	46020
1	46020
1	46020
1	46020
1	46020
1	46020
1	46020
1	46020
1	46020
1	46020
1	46020
1	46020
1	46041
1	46041
1	46041
1	46041
1	46041
1	46041
1	46041
1	46041
1	46041
1	46041
1	46041
1	46041
1	46041
1	46041
1	46041
1	46041
1	46041
1	46041
1	46041
1	46041
1	46041
1	46041
1	46041
1	46041
1	46041
1	46041
1	46041
1	46061
1	46061
1	46061
1	46061
1	46061
1	46061
1	46061
1	46061
1	46061
1	46061
1	46061
1	46061
1	46061
1	46061
1	46061
1	46061
1	46061
1	46061
1	46061
1	46066
1	46066
1	46066
1	46066
1	46066
1	46081
1	46081
1	46081
1	46081
1	46081
1	46081
1	46081
1	46081
1	46081
1	46081
1	46081
1	46081
1	46081
1	46081
1	46081
1	46081
1	46081
1	46086
1	46086
1	46086
1	46086
1	46086
1	46086
1	46086
1	46086
1	46086
1	46101
1	46101
1	46101
1	46101
1	46101
1	46101
1	46101
1	46101
1	46101
1	46101
1	46101
1	46101
1	46106
1	46106
1	46106
1	46106
1	46106
1	46106
1	46106
1	46106
1	46106
1	46106
1	46106
1	46106
1	46106
1	46106
1	46106
1	46106
1	46106
1	46122
1	46122
1	46122
1	46122
1	46124
1	46127
1	46127
1	46127
1	46127
1	46127
1	46127
1	46127
1	46127
1	46127
1	46127
1	46127
1	46127
1	46127
1	46127
1	46127
1	46127
1	46127
1	46127
1	46127
1	46127
1	46127
1	46127
1	46127
1	46142
1	46142
1	46142
1	46147
1	46147
1	46147
1	46147
1	46147
1	46147
1	46147
1	46147
1	46147
1	46147
1	46147
1	46147
1	46147
1	46147
1	46147
1	46147
1	46147
1	46147
1	46147
1	46147
1	46147
1	46147
1	46147
1	46147
1	46147
1	46147
1	46147
1	46147
1	46167
1	46167
1	46167
1	46167
1	46167
1	46167
1	46167
1	46167
1	46167
1	46167
1	46167
1	46167
1	46167
1	46167
1	46167
1	46167
1	46167
1	46167
1	46167
1	46167
1	46167
1	46172
1	46172
1	46172
1	46172
1	46172
1	46172
1	46188
1	46188
1	46188
1	46188
1	46188
1	46188
1	46188
1	46188
1	46188
1	46188
1	46188
1	46188
1	46188
1	46188
1	46188
1	46188
1	46188
1	46188
1	46188
1	46188
1	46188
1	46188
1	46188
1	46193
1	46193
1	46193
1	46193
1	46193
1	46193
1	46193
1	46193
1	46193
1	46193
1	46193
1	46193
1	46208
1	46208
1	46208
1	46208
1	46208
1	46208
1	46208
1	46208
1	46208
1	46208
1	46208
1	46208
1	46208
1	46208
1	46208
1	46213
1	46213
1	46213
1	46213
1	46213
1	46213
1	46213
1	46213
1	46213
1	46213
1	46213
1	46213
1	46213
1	46213
1	46213
1	46213
1	46213
1	46228
1	46228
1	46228
1	46228
1	46228
1	46228
1	46228
1	46228
1	46228
1	46234
1	46234
1	46234
1	46234
1	46234
1	46234
1	46234
1	46234
1	46234
1	46234
1	46234
1	46234
1	46234
1	46234
1	46234
1	46234
1	46234
1	46234
1	46234
1	46234
1	46234
1	46234
1	46234
1	46249
1	46249
1	46249
1	46254
1	46254
1	46254
1	46254
1	46254
1	46254
1	46254
1	46254
1	46254
1	46254
1	46254
1	46254
1	46254
1	46254
1	46254
1	46254
1	46254
1	46254
1	46254
1	46254
1	46254
1	46254
1	46254
1	46254
1	46254
1	46254
1	46254
1	46274
1	46274
1	46274
1	46274
1	46274
1	46274
1	46274
1	46274
1	46274
1	46274
1	46274
1	46274
1	46274
1	46274
1	46274
1	46274
1	46274
1	46274
1	46274
1	46274
1	46274
1	46274
1	46274
1	46274
1	46274
1	46274
1	46279
1	46295
1	46295
1	46295
1	46295
1	46295
1	46295
1	46295
1	46295
1	46295
1	46295
1	46295
1	46295
1	46295
1	46295
1	46295
1	46295
1	46295
1	46295
1	46295
1	46295
1	46295
1	46295
1	46295
1	46295
1	46300
1	46300
1	46300
1	46300
1	46300
1	46300
1	46315
1	46315
1	46315
1	46315
1	46315
1	46315
1	46315
1	46315
1	46315
1	46315
1	46315
1	46315
1	46315
1	46320
1	46320
1	46320
1	46320
1	46320
1	46320
1	46320
1	46320
1	46336
1	46336
1	46336
1	46336
1	46336
1	46336
1	46336
1	46336
1	46336
1	46336
1	46341
1	46341
1	46341
1	46341
1	46341
1	46341
1	46341
1	46341
1	46341
1	46341
1	46341
1	46341
1	46341
1	46356
1	46356
1	46356
1	46356
1	46361
1	46361
1	46361
1	46361
1	46361
1	46361
1	46361
1	46361
1	46361
1	46361
1	46361
1	46361
1	46361
1	46361
1	46361
1	46361
1	46361
1	46361
1	46361
1	46361
1	46361
1	46361
1	46361
1	46361
1	46361
1	46361
1	46361
1	46361
1	46361
1	46361
1	46361
1	46361
1	46382
1	46382
1	46382
1	46382
1	46382
1	46382
1	46382
1	46382
1	46382
1	46382
1	46382
1	46382
1	46382
1	46382
1	46382
1	46382
1	46382
1	46382
1	46382
1	46382
1	46382
1	46382
1	46382
1	46382
1	46387
1	46387
1	46387
1	46387
1	46402
1	46402
1	46402
1	46402
1	46402
1	46402
1	46402
1	46402
1	46402
1	46402
1	46402
1	46402
1	46402
1	46402
1	46402
1	46402
1	46402
1	46402
1	46407
1	46407
1	46407
1	46407
1	46407
1	46407
1	46407
1	46407
1	46407
1	46407
1	46407
1	46423
1	46423
1	46423
1	46423
1	46423
1	46423
1	46423
1	46423
1	46423
1	46423
1	46428
1	46428
1	46428
1	46428
1	46428
1	46428
1	46428
1	46428
1	46428
1	46428
1	46428
1	46428
1	46428
1	46428
1	46428
1	46428
1	46428
1	46443
1	46443
1	46443
1	46443
1	46443
1	46443
1	46443
1	46443
1	46443
1	46449
1	46449
1	46449
1	46449
1	46449
1	46449
1	46449
1	46449
1	46449
1	46449
1	46449
1	46449
1	46449
1	46449
1	46449
1	46449
1	46449
1	46464
1	46464
1	46464
1	46469
1	46469
1	46469
1	46469
1	46469
1	46469
1	46469
1	46469
1	46469
1	46469
1	46469
1	46469
1	46469
1	46469
1	46469
1	46469
1	46469
1	46469
1	46469
1	46469
1	46469
1	46469
1	46469
1	46469
1	46469
1	46469
1	46490
1	46490
1	46490
1	46490
1	46490
1	46490
1	46490
1	46490
1	46490
1	46490
1	46490
1	46490
1	46490
1	46490
1	46490
1	46490
1	46490
1	46490
1	46490
1	46490
1	46490
1	46495
1	46495
1	46495
1	46510
1	46510
1	46510
1	46510
1	46510
1	46510
1	46510
1	46510
1	46510
1	46510
1	46510
1	46510
1	46510
1	46510
1	46510
1	46516
1	46516
1	46516
1	46516
1	46516
1	46531
1	46531
1	46531
1	46531
1	46531
1	46531
1	46531
1	46531
1	46531
1	46531
1	46531
1	46531
1	46531
1	46531
1	46531
1	46531
1	46531
1	46536
1	46536
1	46536
1	46536
1	46536
1	46536
1	46536
1	46536
1	46536
1	46536
1	46536
1	46536
1	46552
1	46552
1	46552
1	46552
1	46552
1	46552
1	46552
1	46552
1	46552
1	46552
1	46552
1	46552
1	46557
1	46557
1	46557
1	46557
1	46557
1	46557
1	46557
1	46557
1	46557
1	46557
1	46557
1	46557
1	46557
1	46557
1	46572
1	46572
1	46572
1	46572
1	46572
1	46572
1	46572
1	46572
1	46578
1	46578
1	46578
1	46578
1	46578
1	46578
1	46578
1	46578
1	46578
1	46578
1	46578
1	46578
1	46578
1	46578
1	46578
1	46578
1	46578
1	46578
1	46578
1	46578
1	46598
1	46598
1	46598
1	46598
1	46598
1	46598
1	46598
1	46598
1	46598
1	46598
1	46598
1	46598
1	46598
1	46598
1	46598
1	46598
1	46598
1	46619
1	46619
1	46619
1	46619
1	46619
1	46619
1	46619
1	46619
1	46619
1	46619
1	46619
1	46619
1	46619
1	46619
1	46619
1	46619
1	46619
1	46619
1	46619
1	46619
1	46619
1	46624
1	46624
1	46624
1	46624
1	46624
1	46624
1	46624
1	46624
1	46624
1	46624
1	46640
1	46640
1	46640
1	46640
1	46640
1	46640
1	46640
1	46640
1	46640
1	46640
1	46640
1	46640
1	46640
1	46640
1	46640
1	46645
1	46645
1	46645
1	46645
1	46645
1	46645
1	46645
1	46645
1	46645
1	46660
1	46660
1	46660
1	46660
1	46660
1	46660
1	46660
1	46660
1	46660
1	46660
1	46660
1	46660
1	46660
1	46660
1	46666
1	46666
1	46666
1	46666
1	46666
1	46666
1	46666
1	46666
1	46666
1	46666
1	46666
1	46666
1	46666
1	46666
1	46666
1	46666
1	46666
1	46666
1	46681
1	46681
1	46681
1	46681
1	46681
1	46681
1	46681
1	46681
1	46686
1	46686
1	46686
1	46686
1	46686
1	46686
1	46686
1	46686
1	46686
1	46686
1	46686
1	46686
1	46686
1	46686
1	46686
1	46686
1	46686
1	46686
1	46686
1	46686
1	46686
1	46686
1	46686
1	46686
1	46686
1	46686
1	46707
1	46707
1	46707
1	46707
1	46707
1	46707
1	46707
1	46707
1	46707
1	46707
1	46707
1	46707
1	46707
1	46707
1	46707
1	46707
1	46707
1	46707
1	46707
1	46707
1	46707
1	46707
1	46707
1	46707
1	46707
1	46707
1	46707
1	46728
1	46728
1	46728
1	46728
1	46728
1	46728
1	46728
1	46728
1	46728
1	46728
1	46728
1	46728
1	46728
1	46728
1	46728
1	46728
1	46728
1	46728
1	46728
1	46728
1	46728
1	46728
1	46733
1	46733
1	46733
1	46733
1	46733
1	46733
1	46749
1	46749
1	46749
1	46749
1	46749
1	46749
1	46749
1	46749
1	46749
1	46749
1	46749
1	46749
1	46749
1	46749
1	46749
1	46749
1	46749
1	46749
1	46749
1	46749
1	46749
1	46749
1	46749
1	46749
1	46749
1	46749
1	46749
1	46749
1	46749
1	46749
1	46749
1	46749
1	46754
1	46754
1	46754
1	46754
1	46754
1	46754
1	46754
1	46754
1	46754
1	46754
1	46770
1	46770
1	46770
1	46770
1	46770
1	46770
1	46770
1	46770
1	46770
1	46770
1	46770
1	46770
1	46775
1	46775
1	46775
1	46775
1	46775
1	46775
1	46775
1	46775
1	46775
1	46775
1	46775
1	46775
1	46775
1	46775
1	46775
1	46775
1	46775
1	46775
1	46775
1	46775
1	46775
1	46791
1	46791
1	46791
1	46791
1	46791
1	46791
1	46791
1	46791
1	46796
1	46796
1	46796
1	46796
1	46796
1	46796
1	46796
1	46796
1	46796
1	46796
1	46796
1	46796
1	46796
1	46796
1	46796
1	46796
1	46796
1	46796
1	46796
1	46796
1	46796
1	46811
1	46811
1	46817
1	46817
1	46817
1	46817
1	46817
1	46817
1	46817
1	46817
1	46817
1	46817
1	46817
1	46817
1	46817
1	46817
1	46817
1	46817
1	46817
1	46817
1	46817
1	46817
1	46817
1	46817
1	46817
1	46817
1	46817
1	46817
1	46817
1	46817
1	46817
1	46817
1	46817
1	46817
1	46817
1	46817
1	46817
1	46817
1	46838
1	46838
1	46838
1	46838
1	46838
1	46838
1	46838
1	46838
1	46838
1	46838
1	46838
1	46838
1	46838
1	46838
1	46838
1	46838
1	46838
1	46838
1	46838
1	46843
1	46843
1	46843
1	46858
1	46858
1	46858
1	46858
1	46858
1	46858
1	46858
1	46858
1	46858
1	46858
1	46858
1	46858
1	46858
1	46858
1	46858
1	46858
1	46864
1	46864
1	46864
1	46864
1	46864
1	46864
1	46878
1	46879
1	46879
1	46879
1	46879
1	46879
1	46879
1	46879
1	46879
1	46879
1	46879
1	46879
1	46879
1	46879
1	46879
1	46879
1	46879
1	46879
1	46879
1	46885
1	46885
1	46885
1	46885
1	46885
1	46885
1	46885
1	46885
1	46885
1	46885
1	46885
1	46885
1	46885
1	46885
1	46885
1	46885
1	46885
1	46885
1	46885
1	46885
1	46885
1	46885
1	46885
1	46885
1	46885
1	46900
1	46900
1	46900
1	46900
1	46906
1	46906
1	46906
1	46906
1	46906
1	46906
1	46906
1	46906
1	46906
1	46906
1	46906
1	46906
1	46906
1	46906
1	46906
1	46906
1	46906
1	46921
1	46921
1	46927
1	46927
1	46927
1	46927
1	46927
1	46927
1	46927
1	46927
1	46927
1	46927
1	46927
1	46927
1	46927
1	46927
1	46927
1	46927
1	46927
1	46927
1	46927
1	46948
1	46948
1	46948
1	46948
1	46948
1	46948
1	46948
1	46948
1	46948
1	46948
1	46948
1	46948
1	46948
1	46948
1	46948
1	46948
1	46948
1	46948
1	46948
1	46948
1	46948
1	46948
1	46948
1	46948
1	46948
1	46948
1	46948
1	46948
1	46948
1	46953
1	46953
1	46969
1	46969
1	46969
1	46969
1	46969
1	46969
1	46969
1	46969
1	46969
1	46969
1	46969
1	46969
1	46969
1	46969
1	46969
1	46969
1	46969
1	46969
1	46969
1	46969
1	46969
1	46969
1	46969
1	46969
1	46969
1	46974
1	46974
1	46974
1	46974
1	46974
1	46974
1	46974
1	46974
1	46974
1	46990
1	46990
1	46990
1	46990
1	46990
1	46990
1	46990
1	46990
1	46990
1	46990
1	46990
1	46990
1	46990
1	46990
1	46990
1	46990
1	46990
1	46990
1	46990
1	46990
1	46990
1	46990
1	46990
1	46995
1	46995
1	46995
1	46995
1	46995
1	47011
1	47011
1	47011
1	47011
1	47011
1	47011
1	47011
1	47011
1	47016
1	47016
1	47016
1	47016
1	47016
1	47016
1	47016
1	47016
1	47016
1	47016
1	47016
1	47016
1	47016
1	47016
1	47016
1	47016
1	47016
1	47016
1	47016
1	47016
1	47016
1	47016
1	47016
1	47032
1	47032
1	47032
1	47037
1	47037
1	47037
1	47037
1	47037
1	47037
1	47037
1	47037
1	47037
1	47037
1	47037
1	47037
1	47037
1	47037
1	47037
1	47037
1	47037
1	47037
1	47037
1	47037
1	47037
1	47037
1	47037
1	47051
1	47058
1	47058
1	47058
1	47058
1	47058
1	47058
1	47058
1	47058
1	47058
1	47058
1	47058
1	47058
1	47058
1	47058
1	47058
1	47058
1	47058
1	47058
1	47058
1	47058
1	47058
1	47058
1	47058
1	47058
1	47058
1	47058
1	47058
1	47064
1	47064
1	47064
1	47064
1	47079
1	47079
1	47079
1	47079
1	47079
1	47079
1	47079
1	47079
1	47079
1	47079
1	47079
1	47079
1	47079
1	47079
1	47079
1	47079
1	47079
1	47079
1	47079
1	47079
1	47079
1	47085
1	47085
1	47085
1	47085
1	47085
1	47085
1	47085
1	47085
1	47101
1	47101
1	47101
1	47101
1	47101
1	47101
1	47101
1	47101
1	47101
1	47101
1	47101
1	47101
1	47101
1	47101
1	47101
1	47106
1	47106
1	47106
1	47106
1	47106
1	47106
1	47106
1	47106
1	47106
1	47106
1	47106
1	47106
1	47106
1	47106
1	47122
1	47122
1	47122
1	47122
1	47122
1	47122
1	47122
1	47122
1	47127
1	47127
1	47127
1	47127
1	47127
1	47127
1	47127
1	47127
1	47127
1	47127
1	47127
1	47127
1	47143
1	47143
1	47148
1	47148
1	47148
1	47148
1	47148
1	47148
1	47148
1	47148
1	47148
1	47148
1	47148
1	47148
1	47148
1	47148
1	47148
1	47148
1	47148
1	47148
1	47148
1	47148
1	47148
1	47148
1	47148
1	47148
1	47148
1	47148
1	47148
1	47148
1	47148
1	47148
1	47148
1	47148
1	47169
1	47169
1	47169
1	47169
1	47169
1	47169
1	47169
1	47169
1	47169
1	47169
1	47169
1	47169
1	47169
1	47169
1	47169
1	47169
1	47169
1	47169
1	47169
1	47169
1	47175
1	47175
1	47191
1	47191
1	47191
1	47191
1	47191
1	47191
1	47191
1	47191
1	47191
1	47191
1	47191
1	47191
1	47191
1	47191
1	47191
1	47191
1	47191
1	47191
1	47191
1	47191
1	47196
1	47196
1	47196
1	47196
1	47196
1	47196
1	47196
1	47196
1	47196
1	47196
1	47211
1	47212
1	47212
1	47212
1	47212
1	47212
1	47212
1	47212
1	47212
1	47212
1	47212
1	47212
1	47212
1	47212
1	47212
1	47212
1	47217
1	47217
1	47217
1	47217
1	47217
1	47217
1	47217
1	47217
1	47217
1	47217
1	47217
1	47217
1	47217
1	47217
1	47217
1	47217
1	47217
1	47217
1	47233
1	47233
1	47233
1	47233
1	47233
1	47233
1	47233
1	47233
1	47233
1	47233
1	47233
1	47233
1	47233
1	47238
1	47238
1	47238
1	47238
1	47238
1	47238
1	47238
1	47238
1	47238
1	47238
1	47238
1	47238
1	47238
1	47238
1	47238
1	47238
1	47238
1	47238
1	47238
1	47238
1	47254
1	47254
1	47254
1	47254
1	47260
1	47260
1	47260
1	47260
1	47260
1	47260
1	47260
1	47260
1	47260
1	47260
1	47260
1	47260
1	47260
1	47260
1	47260
1	47260
1	47260
1	47260
1	47281
1	47281
1	47281
1	47281
1	47281
1	47281
1	47281
1	47281
1	47281
1	47281
1	47281
1	47281
1	47281
1	47281
1	47281
1	47281
1	47281
1	47281
1	47281
1	47281
1	47281
1	47281
1	47281
1	47281
1	47281
1	47281
1	47281
1	47302
1	47302
1	47302
1	47302
1	47302
1	47302
1	47302
1	47302
1	47302
1	47302
1	47302
1	47302
1	47302
1	47302
1	47302
1	47308
1	47308
1	47324
1	47324
1	47324
1	47324
1	47324
1	47324
1	47324
1	47324
1	47324
1	47324
1	47324
1	47324
1	47324
1	47324
1	47324
1	47324
1	47324
1	47329
1	47329
1	47329
1	47329
1	47329
1	47329
1	47329
1	47345
1	47345
1	47345
1	47345
1	47345
1	47345
1	47345
1	47350
1	47350
1	47350
1	47350
1	47350
1	47350
1	47350
1	47350
1	47350
1	47350
1	47350
1	47350
1	47350
1	47350
1	47350
1	47350
1	47350
1	47350
1	47350
1	47350
1	47350
1	47350
1	47367
1	47367
1	47367
1	47367
1	47372
1	47372
1	47372
1	47372
1	47372
1	47372
1	47372
1	47372
1	47372
1	47372
1	47372
1	47372
1	47372
1	47372
1	47372
1	47372
1	47372
1	47372
1	47372
1	47372
1	47372
1	47393
1	47393
1	47393
1	47393
1	47393
1	47393
1	47393
1	47393
1	47393
1	47393
1	47393
1	47393
1	47393
1	47393
1	47393
1	47393
1	47393
1	47393
1	47393
1	47393
1	47393
1	47393
1	47393
1	47393
1	47393
1	47393
1	47393
1	47393
1	47415
1	47415
1	47415
1	47415
1	47415
1	47415
1	47415
1	47415
1	47415
1	47415
1	47415
1	47415
1	47415
1	47415
1	47415
1	47415
1	47415
1	47415
1	47415
1	47415
1	47415
1	47415
1	47415
1	47415
1	47415
1	47415
1	47415
1	47415
1	47415
1	47415
1	47415
1	47415
1	47420
1	47420
1	47420
1	47420
1	47420
1	47420
1	47420
1	47420
1	47436
1	47436
1	47436
1	47436
1	47436
1	47436
1	47436
1	47436
1	47436
1	47436
1	47436
1	47436
1	47436
1	47442
1	47442
1	47442
1	47442
1	47442
1	47442
1	47442
1	47442
1	47442
1	47442
1	47442
1	47442
1	47458
1	47458
1	47458
1	47458
1	47458
1	47458
1	47458
1	47458
1	47458
1	47458
1	47458
1	47458
1	47463
1	47463
1	47463
1	47463
1	47463
1	47463
1	47463
1	47463
1	47463
1	47463
1	47463
1	47463
1	47463
1	47463
1	47463
1	47463
1	47463
1	47463
1	47463
1	47463
1	47463
1	47463
1	47463
1	47463
1	47479
1	47479
1	47484
1	47484
1	47484
1	47484
1	47484
1	47484
1	47484
1	47484
1	47484
1	47484
1	47484
1	47484
1	47484
1	47484
1	47484
1	47484
1	47484
1	47484
1	47484
1	47484
1	47506
1	47506
1	47506
1	47506
1	47506
1	47506
1	47506
1	47506
1	47506
1	47506
1	47506
1	47506
1	47506
1	47506
1	47506
1	47506
1	47506
1	47506
1	47506
1	47506
1	47506
1	47506
1	47506
1	47506
1	47506
1	47506
1	47506
1	47506
1	47506
1	47506
1	47528
1	47528
1	47528
1	47528
1	47528
1	47528
1	47528
1	47528
1	47528
1	47528
1	47528
1	47528
1	47528
1	47528
1	47528
1	47528
1	47528
1	47528
1	47528
1	47528
1	47528
1	47528
1	47528
1	47528
1	47528
1	47528
1	47528
1	47528
1	47533
1	47533
1	47533
1	47533
1	47533
1	47549
1	47549
1	47549
1	47549
1	47549
1	47549
1	47549
1	47549
1	47549
1	47549
1	47549
1	47549
1	47549
1	47549
1	47549
1	47549
1	47549
1	47549
1	47554
1	47554
1	47554
1	47554
1	47554
1	47554
1	47554
1	47554
1	47554
1	47554
1	47554
1	47554
1	47554
1	47554
1	47571
1	47571
1	47571
1	47571
1	47571
1	47571
1	47571
1	47571
1	47571
1	47571
1	47571
1	47571
1	47571
1	47571
1	47571
1	47576
1	47576
1	47576
1	47576
1	47576
1	47576
1	47576
1	47576
1	47576
1	47576
1	47576
1	47576
1	47576
1	47592
1	47592
1	47592
1	47592
1	47592
1	47592
1	47592
1	47598
1	47598
1	47598
1	47598
1	47598
1	47598
1	47598
1	47598
1	47598
1	47598
1	47598
1	47598
1	47598
1	47598
1	47598
1	47598
1	47598
1	47598
1	47598
1	47598
1	47598
1	47598
1	47598
1	47598
1	47619
1	47619
1	47619
1	47619
1	47619
1	47619
1	47619
1	47619
1	47619
1	47619
1	47619
1	47619
1	47619
1	47619
1	47619
1	47619
1	47619
1	47619
1	47619
1	47619
1	47619
1	47619
1	47641
1	47641
1	47641
1	47641
1	47641
1	47641
1	47641
1	47641
1	47641
1	47641
1	47641
1	47641
1	47641
1	47641
1	47641
1	47641
1	47641
1	47641
1	47641
1	47641
1	47641
1	47641
1	47641
1	47641
1	47641
1	47641
1	47641
1	47641
1	47641
1	47641
1	47641
1	47641
1	47641
1	47641
1	47646
1	47646
1	47646
1	47646
1	47646
1	47646
1	47646
1	47646
1	47646
1	47663
1	47663
1	47663
1	47663
1	47663
1	47663
1	47663
1	47663
1	47663
1	47663
1	47663
1	47663
1	47663
1	47663
1	47663
1	47663
1	47663
1	47663
1	47663
1	47663
1	47663
1	47668
1	47668
1	47668
1	47668
1	47668
1	47668
1	47668
1	47668
1	47668
1	47668
1	47668
1	47668
1	47668
1	47668
1	47668
1	47684
1	47684
1	47684
1	47684
1	47684
1	47684
1	47684
1	47684
1	47684
1	47690
1	47690
1	47690
1	47690
1	47690
1	47690
1	47690
1	47690
1	47690
1	47690
1	47706
1	47706
1	47706
1	47706
1	47706
1	47706
1	47706
1	47711
1	47711
1	47711
1	47711
1	47711
1	47711
1	47711
1	47711
1	47711
1	47711
1	47711
1	47711
1	47711
1	47711
1	47711
1	47711
1	47711
1	47711
1	47711
1	47711
1	47711
1	47711
1	47728
1	47728
1	47733
1	47733
1	47733
1	47733
1	47733
1	47733
1	47733
1	47733
1	47733
1	47733
1	47733
1	47733
1	47733
1	47733
1	47733
1	47733
1	47733
1	47733
1	47733
1	47733
1	47733
1	47733
1	47733
1	47733
1	47733
1	47733
1	47733
1	47733
1	47733
1	47733
1	47733
1	47733
1	47733
1	47733
1	47733
1	47733
1	47733
1	47733
1	47755
1	47755
1	47755
1	47755
1	47755
1	47755
1	47755
1	47755
1	47755
1	47755
1	47755
1	47755
1	47755
1	47755
1	47755
1	47755
1	47755
1	47755
1	47755
1	47755
1	47755
1	47755
1	47755
1	47755
1	47755
1	47755
1	47755
1	47755
1	47760
1	47777
1	47777
1	47777
1	47777
1	47777
1	47777
1	47777
1	47777
1	47777
1	47777
1	47777
1	47777
1	47777
1	47777
1	47777
1	47777
1	47777
1	47777
1	47777
1	47777
1	47777
1	47777
1	47777
1	47777
1	47777
1	47777
1	47777
1	47782
1	47782
1	47782
1	47782
1	47782
1	47782
1	47782
1	47782
1	47798
1	47798
1	47798
1	47798
1	47798
1	47798
1	47798
1	47798
1	47798
1	47798
1	47798
1	47798
1	47804
1	47804
1	47804
1	47804
1	47804
1	47804
1	47804
1	47804
1	47804
1	47804
1	47804
1	47804
1	47804
1	47804
1	47804
1	47804
1	47820
1	47820
1	47820
1	47820
1	47820
1	47820
1	47826
1	47826
1	47826
1	47826
1	47826
1	47826
1	47826
1	47826
1	47826
1	47826
1	47826
1	47826
1	47826
1	47826
1	47826
1	47826
1	47826
1	47826
1	47826
1	47826
1	47826
1	47842
1	47847
1	47847
1	47847
1	47847
1	47847
1	47847
1	47847
1	47847
1	47847
1	47847
1	47847
1	47847
1	47847
1	47847
1	47847
1	47847
1	47847
1	47847
1	47847
1	47847
1	47847
1	47847
1	47847
1	47869
1	47869
1	47869
1	47869
1	47869
1	47869
1	47869
1	47869
1	47869
1	47869
1	47869
1	47869
1	47869
1	47869
1	47869
1	47869
1	47869
1	47869
1	47869
1	47869
1	47869
1	47869
1	47869
1	47869
1	47869
1	47875
1	47875
1	47875
1	47891
1	47891
1	47891
1	47891
1	47891
1	47891
1	47891
1	47891
1	47891
1	47891
1	47891
1	47897
1	47897
1	47897
1	47897
1	47897
1	47897
1	47897
1	47913
1	47913
1	47913
1	47913
1	47913
1	47913
1	47913
1	47913
1	47913
1	47913
1	47913
1	47913
1	47913
1	47913
1	47918
1	47918
1	47918
1	47918
1	47918
1	47918
1	47918
1	47918
1	47918
1	47918
1	47918
1	47918
1	47918
1	47918
1	47918
1	47918
1	47918
1	47918
1	47918
1	47935
1	47935
1	47935
1	47935
1	47935
1	47935
1	47935
1	47935
1	47935
1	47935
1	47935
1	47935
1	47935
1	47935
1	47935
1	47940
1	47940
1	47940
1	47940
1	47940
1	47940
1	47940
1	47940
1	47940
1	47940
1	47940
1	47940
1	47957
1	47957
1	47957
1	47957
1	47957
1	47957
1	47962
1	47962
1	47962
1	47962
1	47962
1	47962
1	47962
1	47962
1	47962
1	47962
1	47962
1	47962
1	47962
1	47962
1	47962
1	47962
1	47962
1	47962
1	47962
1	47962
1	47962
1	47962
1	47962
1	47962
1	47962
1	47962
1	47962
1	47962
1	47984
1	47984
1	47984
1	47984
1	47984
1	47984
1	47984
1	47984
1	47984
1	47984
1	47984
1	47984
1	47984
1	47984
1	47984
1	47984
1	47984
1	47984
1	47984
1	47984
1	47984
1	48006
1	48006
1	48006
1	48006
1	48006
1	48006
1	48006
1	48006
1	48006
1	48006
1	48006
1	48006
1	48006
1	48006
1	48006
1	48006
1	48006
1	48006
1	48006
1	48006
1	48006
1	48006
1	48006
1	48006
1	48006
1	48012
1	48012
1	48012
1	48012
1	48012
1	48012
1	48012
1	48012
1	48028
1	48028
1	48028
1	48028
1	48028
1	48028
1	48028
1	48028
1	48028
1	48028
1	48028
1	48028
1	48028
1	48028
1	48028
1	48028
1	48028
1	48028
1	48028
1	48034
1	48034
1	48034
1	48034
1	48034
1	48034
1	48034
1	48034
1	48034
1	48034
1	48034
1	48050
1	48050
1	48050
1	48050
1	48050
1	48050
1	48050
1	48050
1	48050
1	48050
1	48050
1	48050
1	48056
1	48056
1	48056
1	48056
1	48056
1	48056
1	48056
1	48056
1	48056
1	48056
1	48056
1	48056
1	48056
1	48056
1	48056
1	48072
1	48072
1	48072
1	48078
1	48078
1	48078
1	48078
1	48078
1	48078
1	48078
1	48078
1	48078
1	48078
1	48078
1	48078
1	48078
1	48078
1	48078
1	48078
1	48078
1	48078
1	48078
1	48100
1	48100
1	48100
1	48100
1	48100
1	48100
1	48100
1	48100
1	48100
1	48100
1	48100
1	48100
1	48100
1	48100
1	48100
1	48100
1	48100
1	48100
1	48100
1	48100
1	48100
1	48100
1	48100
1	48105
1	48122
1	48122
1	48122
1	48122
1	48122
1	48122
1	48122
1	48122
1	48122
1	48122
1	48122
1	48122
1	48122
1	48122
1	48122
1	48127
1	48127
1	48127
1	48127
1	48127
1	48127
1	48144
1	48144
1	48144
1	48144
1	48144
1	48144
1	48144
1	48144
1	48144
1	48144
1	48144
1	48144
1	48144
1	48144
1	48144
1	48144
1	48144
1	48144
1	48144
1	48144
1	48144
1	48144
1	48150
1	48150
1	48150
1	48150
1	48150
1	48150
1	48150
1	48150
1	48150
1	48150
1	48150
1	48150
1	48150
1	48150
1	48150
1	48150
1	48166
1	48166
1	48166
1	48166
1	48166
1	48166
1	48166
1	48166
1	48166
1	48166
1	48172
1	48172
1	48172
1	48172
1	48172
1	48172
1	48172
1	48172
1	48172
1	48172
1	48172
1	48172
1	48172
1	48172
1	48172
1	48172
1	48172
1	48172
1	48172
1	48172
1	48172
1	48172
1	48172
1	48188
1	48188
1	48188
1	48188
1	48188
1	48188
1	48188
1	48188
1	48188
1	48188
1	48188
1	48194
1	48194
1	48194
1	48194
1	48194
1	48194
1	48194
1	48194
1	48194
1	48194
1	48194
1	48194
1	48194
1	48194
1	48194
1	48194
1	48194
1	48194
1	48194
1	48216
1	48216
1	48216
1	48216
1	48216
1	48216
1	48216
1	48216
1	48216
1	48216
1	48216
1	48216
1	48216
1	48216
1	48216
1	48216
1	48216
1	48216
1	48216
1	48216
1	48216
1	48216
1	48216
1	48216
1	48216
1	48216
1	48216
1	48216
1	48216
1	48216
1	48216
1	48238
1	48238
1	48238
1	48238
1	48238
1	48238
1	48238
1	48238
1	48238
1	48238
1	48238
1	48238
1	48238
1	48238
1	48238
1	48238
1	48238
1	48238
1	48238
1	48238
1	48238
1	48238
1	48238
1	48244
1	48244
1	48244
1	48244
1	48244
1	48260
1	48260
1	48260
1	48260
1	48260
1	48260
1	48260
1	48260
1	48260
1	48260
1	48260
1	48260
1	48260
1	48260
1	48260
1	48260
1	48260
1	48260
1	48260
1	48260
1	48260
1	48260
1	48266
1	48266
1	48266
1	48266
1	48266
1	48266
1	48283
1	48283
1	48283
1	48283
1	48283
1	48283
1	48283
1	48283
1	48283
1	48283
1	48283
1	48283
1	48288
1	48288
1	48288
1	48288
1	48288
1	48288
1	48288
1	48288
1	48288
1	48288
1	48288
1	48288
1	48288
1	48288
1	48288
1	48288
1	48288
1	48288
1	48305
1	48305
1	48305
1	48305
1	48305
1	48305
1	48310
1	48310
1	48310
1	48310
1	48310
1	48310
1	48310
1	48310
1	48310
1	48310
1	48310
1	48310
1	48310
1	48310
1	48310
1	48310
1	48333
1	48333
1	48333
1	48333
1	48333
1	48333
1	48333
1	48333
1	48333
1	48333
1	48333
1	48333
1	48333
1	48333
1	48333
1	48333
1	48333
1	48333
1	48333
1	48333
1	48333
1	48333
1	48333
1	48333
1	48333
1	48333
1	48333
1	48333
1	48333
1	48333
1	48333
1	48333
1	48333
1	48355
1	48355
1	48355
1	48355
1	48355
1	48355
1	48355
1	48355
1	48355
1	48355
1	48355
1	48355
1	48355
1	48355
1	48355
1	48355
1	48355
1	48355
1	48355
1	48355
1	48355
1	48360
1	48360
1	48360
1	48377
1	48377
1	48377
1	48377
1	48377
1	48377
1	48377
1	48377
1	48377
1	48377
1	48377
1	48377
1	48377
1	48377
1	48377
1	48377
1	48377
1	48383
1	48383
1	48383
1	48383
1	48383
1	48383
1	48383
1	48383
1	48383
1	48383
1	48383
1	48400
1	48400
1	48400
1	48400
1	48400
1	48400
1	48400
1	48400
1	48400
1	48400
1	48400
1	48400
1	48400
1	48405
1	48405
1	48405
1	48405
1	48405
1	48405
1	48405
1	48405
1	48405
1	48405
1	48405
1	48405
1	48405
1	48405
1	48422
1	48422
1	48422
1	48422
1	48422
1	48422
1	48422
1	48427
1	48427
1	48427
1	48427
1	48427
1	48427
1	48427
1	48427
1	48427
1	48427
1	48427
1	48427
1	48427
1	48427
1	48427
1	48427
1	48427
1	48427
1	48427
1	48427
1	48427
1	48427
1	48427
1	48427
1	48427
1	48444
1	48444
1	48450
1	48450
1	48450
1	48450
1	48450
1	48450
1	48450
1	48450
1	48450
1	48450
1	48450
1	48450
1	48450
1	48450
1	48450
1	48450
1	48450
1	48450
1	48450
1	48450
1	48472
1	48472
1	48472
1	48472
1	48472
1	48472
1	48472
1	48472
1	48472
1	48472
1	48472
1	48472
1	48472
1	48472
1	48472
1	48472
1	48472
1	48472
1	48472
1	48472
1	48472
1	48472
1	48472
1	48472
1	48472
1	48472
1	48472
1	48472
1	48472
1	48478
1	48478
1	48478
1	48495
1	48495
1	48495
1	48495
1	48495
1	48495
1	48495
1	48495
1	48495
1	48495
1	48495
1	48495
1	48495
1	48495
1	48495
1	48495
1	48495
1	48495
1	48495
1	48495
1	48495
1	48495
1	48495
1	48495
1	48495
1	48495
1	48495
1	48500
1	48500
1	48500
1	48500
1	48500
1	48500
1	48500
1	48500
1	48500
1	48517
1	48517
1	48517
1	48517
1	48517
1	48517
1	48517
1	48517
1	48517
1	48517
1	48523
1	48523
1	48523
1	48523
1	48523
1	48523
1	48523
1	48523
1	48523
1	48523
1	48523
1	48523
1	48523
1	48523
1	48523
1	48523
1	48523
1	48540
1	48540
1	48540
1	48540
1	48540
1	48540
1	48545
1	48545
1	48545
1	48545
1	48545
1	48545
1	48545
1	48545
1	48545
1	48545
1	48545
1	48562
1	48562
1	48568
1	48568
1	48568
1	48568
1	48568
1	48568
1	48568
1	48568
1	48568
1	48568
1	48568
1	48568
1	48568
1	48568
1	48568
1	48568
1	48568
1	48568
1	48590
1	48590
1	48590
1	48590
1	48590
1	48590
1	48590
1	48590
1	48590
1	48590
1	48590
1	48590
1	48590
1	48590
1	48590
1	48590
1	48590
1	48590
1	48596
1	48596
1	48596
1	48613
1	48613
1	48613
1	48613
1	48613
1	48613
1	48613
1	48613
1	48613
1	48613
1	48613
1	48613
1	48613
1	48613
1	48613
1	48613
1	48613
1	48613
1	48613
1	48613
1	48613
1	48613
1	48613
1	48618
1	48618
1	48618
1	48618
1	48618
1	48618
1	48618
1	48618
1	48618
1	48618
1	48618
1	48618
1	48635
1	48635
1	48635
1	48635
1	48635
1	48635
1	48635
1	48635
1	48635
1	48635
1	48635
1	48635
1	48641
1	48641
1	48641
1	48641
1	48641
1	48641
1	48641
1	48641
1	48641
1	48641
1	48641
1	48641
1	48658
1	48658
1	48658
1	48658
1	48658
1	48658
1	48658
1	48658
1	48658
1	48663
1	48663
1	48663
1	48663
1	48663
1	48663
1	48663
1	48663
1	48663
1	48663
1	48663
1	48663
1	48663
1	48663
1	48663
1	48663
1	48663
1	48663
1	48663
1	48663
1	48663
1	48663
1	48663
1	48663
1	48663
1	48663
1	48663
1	48663
1	48663
1	48680
1	48680
1	48680
1	48686
1	48686
1	48686
1	48686
1	48686
1	48686
1	48686
1	48686
1	48686
1	48686
1	48686
1	48686
1	48686
1	48686
1	48686
1	48686
1	48686
1	48686
1	48686
1	48686
1	48686
1	48686
1	48686
1	48686
1	48709
1	48709
1	48709
1	48709
1	48709
1	48709
1	48709
1	48709
1	48709
1	48709
1	48709
1	48709
1	48709
1	48709
1	48709
1	48709
1	48709
1	48709
1	48709
1	48709
1	48709
1	48709
1	48709
1	48709
1	48709
1	48709
1	48709
1	48709
1	48709
1	48709
1	48714
1	48714
1	48714
1	48714
1	48731
1	48731
1	48731
1	48731
1	48731
1	48731
1	48731
1	48731
1	48731
1	48731
1	48731
1	48731
1	48731
1	48731
1	48731
1	48731
1	48731
1	48731
1	48731
1	48731
1	48731
1	48731
1	48731
1	48731
1	48731
1	48731
1	48737
1	48737
1	48737
1	48737
1	48737
1	48737
1	48737
1	48737
1	48737
1	48737
1	48737
1	48737
1	48737
1	48737
1	48754
1	48754
1	48754
1	48754
1	48754
1	48754
1	48754
1	48754
1	48754
1	48754
1	48754
1	48754
1	48754
1	48754
1	48754
1	48760
1	48760
1	48760
1	48760
1	48760
1	48760
1	48760
1	48760
1	48760
1	48760
1	48760
1	48760
1	48760
1	48760
1	48760
1	48760
1	48760
1	48760
1	48760
1	48760
1	48760
1	48760
1	48777
1	48777
1	48777
1	48777
1	48777
1	48777
1	48777
1	48777
1	48777
1	48777
1	48782
1	48782
1	48782
1	48782
1	48782
1	48782
1	48782
1	48782
1	48782
1	48782
1	48782
1	48782
1	48782
1	48782
1	48782
1	48782
1	48782
1	48782
1	48782
1	48799
1	48799
1	48799
1	48799
1	48799
1	48805
1	48805
1	48805
1	48805
1	48805
1	48805
1	48805
1	48805
1	48805
1	48805
1	48805
1	48805
1	48805
1	48805
1	48805
1	48805
1	48805
1	48805
1	48805
1	48805
1	48805
1	48805
1	48805
1	48805
1	48805
1	48805
1	48805
1	48805
1	48828
1	48828
1	48828
1	48828
1	48828
1	48828
1	48828
1	48828
1	48828
1	48828
1	48828
1	48828
1	48828
1	48828
1	48828
1	48828
1	48828
1	48828
1	48828
1	48828
1	48828
1	48828
1	48828
1	48828
1	48828
1	48828
1	48828
1	48828
1	48828
1	48833
1	48833
1	48833
1	48851
1	48851
1	48851
1	48851
1	48851
1	48851
1	48851
1	48851
1	48851
1	48851
1	48851
1	48851
1	48851
1	48851
1	48851
1	48851
1	48851
1	48851
1	48851
1	48851
1	48851
1	48851
1	48856
1	48856
1	48856
1	48856
1	48873
1	48873
1	48873
1	48873
1	48873
1	48873
1	48873
1	48873
1	48873
1	48873
1	48873
1	48873
1	48873
1	48873
1	48873
1	48873
1	48873
1	48873
1	48873
1	48873
1	48879
1	48879
1	48879
1	48879
1	48879
1	48879
1	48879
1	48879
1	48879
1	48879
1	48879
1	48879
1	48879
1	48896
1	48896
1	48896
1	48896
1	48896
1	48896
1	48896
1	48896
1	48896
1	48896
1	48896
1	48896
1	48896
1	48896
1	48902
1	48902
1	48902
1	48902
1	48902
1	48902
1	48902
1	48902
1	48902
1	48902
1	48902
1	48902
1	48902
1	48902
1	48902
1	48902
1	48902
1	48902
1	48902
1	48902
1	48919
1	48919
1	48919
1	48925
1	48925
1	48925
1	48925
1	48925
1	48925
1	48925
1	48925
1	48925
1	48925
1	48925
1	48925
1	48925
1	48925
1	48925
1	48925
1	48925
1	48925
1	48925
1	48925
1	48925
1	48925
1	48925
1	48925
1	48925
1	48925
1	48925
1	48947
1	48947
1	48947
1	48947
1	48947
1	48947
1	48947
1	48947
1	48947
1	48947
1	48947
1	48947
1	48947
1	48947
1	48947
1	48947
1	48947
1	48947
1	48947
1	48947
1	48947
1	48947
1	48947
1	48947
1	48947
1	48947
1	48947
1	48947
1	48947
1	48947
1	48947
1	48947
1	48947
1	48947
1	48947
1	48953
1	48953
1	48970
1	48970
1	48970
1	48970
1	48970
1	48970
1	48970
1	48970
1	48970
1	48970
1	48970
1	48970
1	48970
1	48970
1	48970
1	48970
1	48970
1	48970
1	48970
1	48976
1	48993
1	48993
1	48993
1	48993
1	48993
1	48993
1	48993
1	48993
1	48993
1	48993
1	48993
1	48993
1	48993
1	48993
1	48993
1	48993
1	48993
1	48993
1	48993
1	48993
1	48993
1	48993
1	48999
1	48999
1	48999
1	48999
1	48999
1	48999
1	48999
1	48999
1	48999
1	48999
1	48999
1	48999
1	48999
1	48999
1	48999
1	49016
1	49016
1	49016
1	49016
1	49016
1	49016
1	49016
1	49016
1	49016
1	49016
1	49016
1	49016
1	49016
1	49016
1	49016
1	49016
1	49022
1	49022
1	49022
1	49022
1	49022
1	49022
1	49022
1	49022
1	49022
1	49022
1	49022
1	49022
1	49022
1	49022
1	49022
1	49022
1	49022
1	49022
1	49022
1	49022
1	49022
1	49022
1	49022
1	49022
1	49022
1	49039
1	49039
1	49039
1	49039
1	49039
1	49039
1	49039
1	49039
1	49045
1	49045
1	49045
1	49045
1	49045
1	49045
1	49045
1	49045
1	49045
1	49045
1	49045
1	49045
1	49045
1	49045
1	49045
1	49045
1	49045
1	49045
1	49045
1	49045
1	49068
1	49068
1	49068
1	49068
1	49068
1	49068
1	49068
1	49068
1	49068
1	49068
1	49068
1	49068
1	49068
1	49068
1	49068
1	49068
1	49068
1	49068
1	49068
1	49068
1	49068
1	49068
1	49068
1	49068
1	49068
1	49068
1	49068
1	49068
1	49068
1	49073
1	49091
1	49091
1	49091
1	49091
1	49091
1	49091
1	49091
1	49091
1	49091
1	49091
1	49091
1	49091
1	49091
1	49091
1	49091
1	49091
1	49091
1	49091
1	49091
1	49091
1	49091
1	49091
1	49091
1	49091
1	49091
1	49091
1	49091
1	49091
1	49096
1	49096
1	49096
1	49096
1	49096
1	49114
1	49114
1	49114
1	49114
1	49114
1	49114
1	49114
1	49114
1	49114
1	49114
1	49114
1	49114
1	49114
1	49114
1	49114
1	49114
1	49114
1	49119
1	49119
1	49119
1	49119
1	49119
1	49119
1	49119
1	49119
1	49119
1	49119
1	49119
1	49119
1	49119
1	49119
1	49119
1	49119
1	49119
1	49119
1	49137
1	49137
1	49137
1	49137
1	49137
1	49137
1	49137
1	49137
1	49137
1	49137
1	49137
1	49137
1	49137
1	49142
1	49142
1	49142
1	49142
1	49142
1	49142
1	49142
1	49142
1	49142
1	49142
1	49142
1	49142
1	49142
1	49142
1	49160
1	49160
1	49160
1	49160
1	49160
1	49160
1	49160
1	49160
1	49165
1	49165
1	49165
1	49165
1	49165
1	49165
1	49165
1	49165
1	49165
1	49165
1	49165
1	49165
1	49165
1	49165
1	49165
1	49165
1	49165
1	49165
1	49165
1	49165
1	49183
1	49183
1	49183
1	49183
1	49189
1	49189
1	49189
1	49189
1	49189
1	49189
1	49189
1	49189
1	49189
1	49189
1	49189
1	49189
1	49189
1	49189
1	49189
1	49189
1	49189
1	49189
1	49189
1	49189
1	49189
1	49189
1	49189
1	49189
1	49189
1	49189
1	49189
1	49212
1	49212
1	49212
1	49212
1	49212
1	49212
1	49212
1	49212
1	49212
1	49212
1	49212
1	49212
1	49212
1	49212
1	49212
1	49212
1	49212
1	49217
1	49235
1	49235
1	49235
1	49235
1	49235
1	49235
1	49235
1	49235
1	49235
1	49235
1	49235
1	49235
1	49235
1	49235
1	49235
1	49235
1	49235
1	49235
1	49235
1	49235
1	49235
1	49235
1	49235
1	49240
1	49240
1	49240
1	49240
1	49240
1	49240
1	49240
1	49240
1	49240
1	49240
1	49240
1	49240
1	49258
1	49258
1	49258
1	49258
1	49258
1	49258
1	49258
1	49258
1	49258
1	49258
1	49258
1	49258
1	49258
1	49258
1	49264
1	49264
1	49264
1	49264
1	49264
1	49264
1	49264
1	49264
1	49264
1	49264
1	49264
1	49264
1	49264
1	49281
1	49281
1	49281
1	49281
1	49281
1	49281
1	49281
1	49287
1	49287
1	49287
1	49287
1	49287
1	49287
1	49287
1	49287
1	49287
1	49287
1	49287
1	49287
1	49287
1	49287
1	49287
1	49287
1	49287
1	49287
1	49287
1	49287
1	49287
1	49304
1	49304
1	49310
1	49310
1	49310
1	49310
1	49310
1	49310
1	49310
1	49310
1	49310
1	49310
1	49310
1	49310
1	49310
1	49310
1	49310
1	49310
1	49310
1	49310
1	49310
1	49310
1	49310
1	49333
1	49333
1	49333
1	49333
1	49333
1	49333
1	49333
1	49333
1	49333
1	49333
1	49333
1	49333
1	49333
1	49333
1	49333
1	49333
1	49333
1	49339
1	49339
1	49339
1	49339
1	49339
1	49356
1	49356
1	49356
1	49356
1	49356
1	49356
1	49356
1	49356
1	49356
1	49356
1	49356
1	49356
1	49356
1	49356
1	49356
1	49356
1	49356
1	49356
1	49356
1	49362
1	49362
1	49362
1	49362
1	49362
1	49362
1	49362
1	49380
1	49380
1	49380
1	49380
1	49380
1	49380
1	49380
1	49380
1	49380
1	49380
1	49380
1	49380
1	49380
1	49380
1	49380
1	49380
1	49385
1	49385
1	49385
1	49385
1	49385
1	49385
1	49385
1	49385
1	49385
1	49385
1	49385
1	49385
1	49385
1	49385
1	49385
1	49385
1	49385
1	49385
1	49385
1	49385
1	49385
1	49385
1	49385
1	49385
1	49403
1	49403
1	49403
1	49403
1	49403
1	49409
1	49409
1	49409
1	49409
1	49409
1	49409
1	49409
1	49409
1	49409
1	49409
1	49409
1	49409
1	49409
1	49409
1	49409
1	49409
1	49409
1	49409
1	49409
1	49409
1	49409
1	49409
1	49409
1	49426
1	49426
1	49426
1	49432
1	49432
1	49432
1	49432
1	49432
1	49432
1	49432
1	49432
1	49432
1	49432
1	49432
1	49432
1	49432
1	49432
1	49432
1	49432
1	49455
1	49455
1	49455
1	49455
1	49455
1	49455
1	49455
1	49455
1	49455
1	49455
1	49455
1	49455
1	49455
1	49455
1	49455
1	49455
1	49455
1	49455
1	49455
1	49455
1	49455
1	49455
1	49455
1	49461
1	49461
1	49461
1	49461
1	49479
1	49479
1	49479
1	49479
1	49479
1	49479
1	49479
1	49479
1	49479
1	49479
1	49479
1	49479
1	49479
1	49479
1	49479
1	49479
1	49479
1	49479
1	49479
1	49479
1	49479
1	49479
1	49479
1	49479
1	49479
1	49479
1	49479
1	49484
1	49484
1	49484
1	49484
1	49484
1	49484
1	49484
1	49502
1	49502
1	49502
1	49502
1	49502
1	49502
1	49502
1	49502
1	49502
1	49502
1	49502
1	49502
1	49502
1	49502
1	49508
1	49508
1	49508
1	49508
1	49508
1	49508
1	49508
1	49508
1	49525
1	49525
1	49525
1	49525
1	49525
1	49525
1	49525
1	49531
1	49531
1	49531
1	49531
1	49531
1	49531
1	49531
1	49531
1	49531
1	49531
1	49531
1	49531
1	49531
1	49531
1	49531
1	49531
1	49531
1	49531
1	49531
1	49531
1	49531
1	49531
1	49531
1	49549
1	49549
1	49555
1	49555
1	49555
1	49555
1	49555
1	49555
1	49555
1	49555
1	49555
1	49555
1	49555
1	49555
1	49555
1	49555
1	49555
1	49555
1	49555
1	49555
1	49555
1	49555
1	49555
1	49555
1	49555
1	49555
1	49555
1	49578
1	49578
1	49578
1	49578
1	49578
1	49578
1	49578
1	49578
1	49578
1	49578
1	49578
1	49578
1	49578
1	49578
1	49578
1	49578
1	49578
1	49578
1	49578
1	49578
1	49578
1	49578
1	49578
1	49578
1	49578
1	49584
1	49602
1	49602
1	49602
1	49602
1	49602
1	49602
1	49602
1	49602
1	49602
1	49602
1	49602
1	49602
1	49602
1	49602
1	49602
1	49602
1	49602
1	49602
1	49602
1	49602
1	49602
1	49602
1	49607
1	49607
1	49607
1	49607
1	49607
1	49607
1	49607
1	49607
1	49607
1	49607
1	49607
1	49625
1	49625
1	49625
1	49625
1	49625
1	49625
1	49625
1	49625
1	49625
1	49625
1	49625
1	49625
1	49625
1	49625
1	49625
1	49625
1	49631
1	49631
1	49631
1	49631
1	49631
1	49631
1	49631
1	49631
1	49631
1	49631
1	49631
1	49631
1	49648
1	49648
1	49648
1	49648
1	49648
1	49648
1	49648
1	49648
1	49648
1	49648
1	49648
1	49654
1	49654
1	49654
1	49654
1	49654
1	49654
1	49654
1	49654
1	49654
1	49654
1	49654
1	49654
1	49654
1	49654
1	49654
1	49678
1	49678
1	49678
1	49678
1	49678
1	49678
1	49678
1	49678
1	49678
1	49678
1	49678
1	49678
1	49678
1	49678
1	49678
1	49678
1	49678
1	49678
1	49678
1	49678
1	49678
1	49678
1	49678
1	49678
1	49678
1	49678
1	49678
1	49678
1	49678
1	49678
1	49678
1	49678
1	49678
1	49678
1	49701
1	49701
1	49701
1	49701
1	49701
1	49701
1	49701
1	49701
1	49701
1	49701
1	49701
1	49701
1	49701
1	49701
1	49701
1	49701
1	49701
1	49701
1	49701
1	49701
1	49707
1	49707
1	49725
1	49725
1	49725
1	49725
1	49725
1	49725
1	49725
1	49725
1	49725
1	49725
1	49725
1	49725
1	49725
1	49725
1	49725
1	49725
1	49725
1	49725
1	49725
1	49725
1	49725
1	49731
1	49731
1	49731
1	49731
1	49731
1	49749
1	49749
1	49749
1	49749
1	49749
1	49749
1	49749
1	49749
1	49749
1	49749
1	49749
1	49749
1	49749
1	49749
1	49754
1	49754
1	49754
1	49754
1	49754
1	49754
1	49754
1	49754
1	49754
1	49754
1	49754
1	49754
1	49754
1	49754
1	49772
1	49772
1	49772
1	49772
1	49772
1	49772
1	49772
1	49772
1	49778
1	49778
1	49778
1	49778
1	49778
1	49778
1	49778
1	49778
1	49778
1	49778
1	49778
1	49778
1	49778
1	49778
1	49778
1	49778
1	49778
1	49796
1	49796
1	49796
1	49796
1	49802
1	49802
1	49802
1	49802
1	49802
1	49802
1	49802
1	49802
1	49802
1	49802
1	49802
1	49802
1	49802
1	49802
1	49802
1	49802
1	49802
1	49802
1	49825
1	49825
1	49825
1	49825
1	49825
1	49825
1	49825
1	49825
1	49825
1	49825
1	49825
1	49825
1	49825
1	49825
1	49825
1	49825
1	49825
1	49825
1	49825
1	49825
1	49825
1	49825
1	49825
1	49825
1	49825
1	49825
1	49831
1	49849
1	49849
1	49849
1	49849
1	49849
1	49849
1	49849
1	49849
1	49849
1	49849
1	49849
1	49849
1	49849
1	49849
1	49849
1	49849
1	49849
1	49849
1	49849
1	49849
1	49849
1	49849
1	49855
1	49855
1	49855
1	49855
1	49855
1	49855
1	49873
1	49873
1	49873
1	49873
1	49873
1	49873
1	49873
1	49873
1	49873
1	49873
1	49873
1	49873
1	49873
1	49873
1	49873
1	49873
1	49873
1	49873
1	49873
1	49873
1	49873
1	49873
1	49879
1	49879
1	49879
1	49879
1	49879
1	49879
1	49897
1	49897
1	49897
1	49897
1	49897
1	49897
1	49897
1	49897
1	49897
1	49897
1	49897
1	49902
1	49902
1	49902
1	49902
1	49902
1	49902
1	49902
1	49902
1	49902
1	49902
1	49902
1	49902
1	49902
1	49902
1	49902
1	49902
1	49902
1	49902
1	49902
1	49902
1	49902
1	49902
1	49902
1	49902
1	49902
1	49902
1	49920
1	49920
1	49920
1	49920
1	49920
1	49920
1	49926
1	49926
1	49926
1	49926
1	49926
1	49926
1	49926
1	49926
1	49926
1	49926
1	49926
1	49926
1	49926
1	49926
1	49926
1	49926
1	49926
1	49926
1	49926
1	49926
1	49926
1	49926
1	49926
1	49926
1	49926
1	49950
1	49950
1	49950
1	49950
1	49950
1	49950
1	49950
1	49950
1	49950
1	49950
1	49950
1	49950
1	49950
1	49950
1	49950
1	49950
1	49950
1	49950
1	49950
1	49950
1	49950
1	49950
1	49974
1	49974
1	49974
1	49974
1	49974
1	49974
1	49974
1	49974
1	49974
1	49974
1	49974
1	49974
1	49974
1	49974
1	49974
1	49974
1	49974
1	49974
1	49974
1	49974
1	49980
1	49980
1	49980
1	49980
1	49980
1	49980
1	49980
1	49980
1	49980
1	49998
1	49998
1	49998
1	49998
1	49998
1	49998
1	49998
1	49998
1	49998
1	49998
1	49998
1	49998
1	49998
1	49998
1	49998
1	49998
1	50004
1	50004
1	50004
1	50004
1	50004
1	50004
1	50004
1	50004
1	50004
1	50004
1	50004
1	50004
1	50022
1	50022
1	50022
1	50022
1	50022
1	50022
1	50022
1	50022
1	50027
1	50027
1	50027
1	50027
1	50027
1	50027
1	50027
1	50027
1	50027
1	50027
1	50027
1	50027
1	50027
1	50027
1	50027
1	50027
1	50045
1	50045
1	50045
1	50045
1	50045
1	50045
1	50051
1	50051
1	50051
1	50051
1	50051
1	50051
1	50051
1	50051
1	50051
1	50051
1	50051
1	50051
1	50051
1	50051
1	50051
1	50051
1	50051
1	50051
1	50051
1	50051
1	50069
1	50069
1	50075
1	50075
1	50075
1	50075
1	50075
1	50075
1	50075
1	50075
1	50075
1	50075
1	50075
1	50075
1	50075
1	50075
1	50075
1	50075
1	50075
1	50075
1	50075
1	50075
1	50075
1	50075
1	50075
1	50075
1	50075
1	50075
1	50075
1	50075
1	50075
1	50093
1	50099
1	50099
1	50099
1	50099
1	50099
1	50099
1	50099
1	50099
1	50099
1	50099
1	50099
1	50099
1	50099
1	50099
1	50099
1	50099
1	50099
1	50099
1	50099
1	50099
1	50099
1	50099
1	50099
1	50099
1	50099
1	50099
1	50099
1	50099
1	50099
1	50099
1	50099
1	50099
1	50099
1	50099
1	50099
1	50123
1	50123
1	50123
1	50123
1	50123
1	50123
1	50123
1	50123
1	50123
1	50123
1	50123
1	50123
1	50123
1	50123
1	50129
1	50129
1	50129
1	50129
1	50129
1	50129
1	50129
1	50129
1	50129
1	50129
1	50147
1	50147
1	50147
1	50147
1	50147
1	50147
1	50147
1	50147
1	50147
1	50147
1	50147
1	50147
1	50147
1	50147
1	50147
1	50153
1	50153
1	50153
1	50153
1	50153
1	50153
1	50153
1	50153
1	50153
1	50171
1	50171
1	50171
1	50171
1	50171
1	50171
1	50171
1	50171
1	50171
1	50171
1	50171
1	50177
1	50177
1	50177
1	50177
1	50177
1	50177
1	50177
1	50177
1	50177
1	50177
1	50177
1	50177
1	50177
1	50177
1	50177
1	50177
1	50195
1	50195
1	50195
1	50195
1	50201
1	50201
1	50201
1	50201
1	50201
1	50201
1	50201
1	50201
1	50201
1	50201
1	50201
1	50201
1	50201
1	50201
1	50201
1	50201
1	50201
1	50201
1	50201
1	50201
1	50201
1	50225
1	50225
1	50225
1	50225
1	50225
1	50225
1	50225
1	50225
1	50225
1	50225
1	50225
1	50225
1	50225
1	50225
1	50225
1	50225
1	50225
1	50225
1	50225
1	50225
1	50225
1	50225
1	50225
1	50225
1	50225
1	50231
1	50231
1	50231
1	50249
1	50249
1	50249
1	50249
1	50249
1	50249
1	50249
1	50249
1	50249
1	50249
1	50249
1	50249
1	50249
1	50249
1	50249
1	50249
1	50249
1	50249
1	50249
1	50249
1	50249
1	50255
1	50255
1	50255
1	50255
1	50255
1	50255
1	50255
1	50255
1	50255
1	50255
1	50255
1	50255
1	50255
1	50255
1	50255
1	50255
1	50273
1	50273
1	50273
1	50273
1	50273
1	50273
1	50273
1	50273
1	50279
1	50279
1	50279
1	50279
1	50279
1	50279
1	50279
1	50279
1	50279
1	50279
1	50279
1	50279
1	50279
1	50297
1	50297
1	50297
1	50297
1	50297
1	50297
1	50303
1	50303
1	50303
1	50303
1	50303
1	50303
1	50303
1	50303
1	50303
1	50303
1	50303
1	50303
1	50303
1	50303
1	50303
1	50303
1	50322
1	50322
1	50322
1	50322
1	50328
1	50328
1	50328
1	50328
1	50328
1	50328
1	50328
1	50328
1	50328
1	50328
1	50328
1	50328
1	50328
1	50328
1	50328
1	50328
1	50328
1	50328
1	50328
1	50328
1	50328
1	50328
1	50328
1	50352
1	50352
1	50352
1	50352
1	50352
1	50352
1	50352
1	50352
1	50352
1	50352
1	50352
1	50352
1	50352
1	50352
1	50352
1	50352
1	50352
1	50352
1	50352
1	50352
1	50352
1	50352
1	50352
1	50352
1	50352
1	50352
1	50352
1	50352
1	50352
1	50352
1	50352
1	50358
1	50376
1	50376
1	50376
1	50376
1	50376
1	50376
1	50376
1	50376
1	50376
1	50376
1	50376
1	50376
1	50376
1	50376
1	50376
1	50376
1	50376
1	50376
1	50376
1	50376
1	50382
1	50382
1	50382
1	50382
1	50382
1	50382
1	50382
1	50382
1	50400
1	50400
1	50400
1	50400
1	50400
1	50400
1	50400
1	50400
1	50400
1	50400
1	50400
1	50400
1	50400
1	50400
1	50406
1	50406
1	50406
1	50406
1	50406
1	50406
1	50406
1	50406
1	50406
1	50406
1	50406
1	50406
1	50424
1	50424
1	50424
1	50424
1	50424
1	50424
1	50424
1	50424
1	50430
1	50430
1	50430
1	50430
1	50430
1	50430
1	50430
1	50430
1	50430
1	50430
1	50430
1	50430
1	50430
1	50430
1	50430
1	50430
1	50430
1	50430
1	50430
1	50430
1	50430
1	50430
1	50449
1	50455
1	50455
1	50455
1	50455
1	50455
1	50455
1	50455
1	50455
1	50455
1	50455
1	50455
1	50455
1	50455
1	50455
1	50455
1	50455
1	50455
1	50455
1	50455
1	50455
1	50455
1	50455
1	50455
1	50455
1	50455
1	50479
1	50479
1	50479
1	50479
1	50479
1	50479
1	50479
1	50479
1	50479
1	50479
1	50479
1	50479
1	50479
1	50479
1	50479
1	50479
1	50479
1	50479
1	50479
1	50479
1	50479
1	50479
1	50479
1	50479
1	50479
1	50479
1	50479
1	50479
1	50479
1	50479
1	50485
1	50485
1	50485
1	50503
1	50503
1	50503
1	50503
1	50503
1	50503
1	50503
1	50503
1	50503
1	50503
1	50503
1	50503
1	50503
1	50503
1	50503
1	50503
1	50509
1	50509
1	50509
1	50509
1	50509
1	50509
1	50509
1	50528
1	50528
1	50528
1	50528
1	50528
1	50528
1	50528
1	50528
1	50528
1	50528
1	50528
1	50528
1	50528
1	50534
1	50534
1	50534
1	50534
1	50534
1	50534
1	50534
1	50534
1	50534
1	50534
1	50534
1	50552
1	50552
1	50552
1	50552
1	50552
1	50552
1	50552
1	50552
1	50552
1	50552
1	50558
1	50558
1	50558
1	50558
1	50558
1	50558
1	50558
1	50558
1	50558
1	50558
1	50558
1	50558
1	50558
1	50558
1	50558
1	50558
1	50558
1	50558
1	50558
1	50558
1	50558
1	50558
1	50576
1	50576
1	50576
1	50576
1	50576
1	50576
1	50583
1	50583
1	50583
1	50583
1	50583
1	50583
1	50583
1	50583
1	50583
1	50583
1	50583
1	50583
1	50583
1	50583
1	50583
1	50583
1	50583
1	50583
1	50583
1	50583
1	50607
1	50607
1	50607
1	50607
1	50607
1	50607
1	50607
1	50607
1	50607
1	50607
1	50607
1	50607
1	50607
1	50607
1	50607
1	50607
1	50607
1	50607
1	50607
1	50607
1	50607
1	50607
1	50607
1	50607
1	50631
1	50631
1	50631
1	50631
1	50631
1	50631
1	50631
1	50631
1	50631
1	50631
1	50631
1	50631
1	50631
1	50631
1	50631
1	50631
1	50631
1	50631
1	50631
1	50631
1	50631
1	50631
1	50631
1	50631
1	50631
1	50631
1	50631
1	50631
1	50637
1	50637
1	50637
1	50637
1	50637
1	50637
1	50637
1	50637
1	50656
1	50656
1	50656
1	50656
1	50656
1	50656
1	50656
1	50656
1	50656
1	50656
1	50656
1	50656
1	50656
1	50656
1	50656
1	50656
1	50656
1	50656
1	50656
1	50656
1	50656
1	50662
1	50662
1	50662
1	50662
1	50662
1	50662
1	50662
1	50662
1	50662
1	50662
1	50662
1	50680
1	50680
1	50680
1	50680
1	50680
1	50680
1	50680
1	50680
1	50680
1	50680
1	50680
1	50686
1	50686
1	50686
1	50686
1	50686
1	50686
1	50686
1	50686
1	50686
1	50686
1	50686
1	50686
1	50686
1	50686
1	50686
1	50686
1	50705
1	50705
1	50705
1	50705
1	50711
1	50711
1	50711
1	50711
1	50711
1	50711
1	50711
1	50711
1	50711
1	50711
1	50711
1	50711
1	50711
1	50711
1	50711
1	50711
1	50711
1	50711
1	50711
1	50711
1	50711
1	50711
1	50711
1	50711
1	50711
1	50711
1	50736
1	50736
1	50736
1	50736
1	50736
1	50736
1	50736
1	50736
1	50736
1	50736
1	50736
1	50736
1	50736
1	50736
1	50736
1	50736
1	50736
1	50736
1	50736
1	50736
1	50736
1	50736
1	50736
1	50736
1	50736
1	50736
1	50736
1	50736
1	50760
1	50760
1	50760
1	50760
1	50760
1	50760
1	50760
1	50760
1	50760
1	50760
1	50760
1	50760
1	50760
1	50760
1	50760
1	50760
1	50760
1	50760
1	50760
1	50760
1	50760
1	50760
1	50760
1	50760
1	50760
1	50766
1	50766
1	50766
1	50766
1	50766
1	50785
1	50785
1	50785
1	50785
1	50785
1	50785
1	50785
1	50785
1	50785
1	50785
1	50785
1	50791
1	50791
1	50791
1	50791
1	50791
1	50791
1	50791
1	50791
1	50791
1	50791
1	50791
1	50791
1	50791
1	50791
1	50791
1	50791
1	50791
1	50809
1	50809
1	50809
1	50809
1	50809
1	50809
1	50809
1	50809
1	50809
1	50809
1	50809
1	50815
1	50815
1	50815
1	50815
1	50815
1	50815
1	50815
1	50815
1	50815
1	50815
1	50815
1	50815
1	50815
1	50815
1	50815
1	50834
1	50834
1	50834
1	50834
1	50834
1	50834
1	50834
1	50834
1	50840
1	50840
1	50840
1	50840
1	50840
1	50840
1	50840
1	50840
1	50840
1	50840
1	50840
1	50840
1	50865
1	50865
1	50865
1	50865
1	50865
1	50865
1	50865
1	50865
1	50865
1	50865
1	50865
1	50865
1	50865
1	50865
1	50865
1	50865
1	50865
1	50865
1	50865
1	50865
1	50865
1	50865
1	50865
1	50865
1	50865
1	50865
1	50865
1	50865
1	50865
1	50865
1	50865
1	50865
1	50865
1	50889
1	50889
1	50889
1	50889
1	50889
1	50889
1	50889
1	50889
1	50889
1	50889
1	50889
1	50889
1	50889
1	50889
1	50889
1	50889
1	50889
1	50889
1	50889
1	50889
1	50889
1	50889
1	50889
1	50889
1	50889
1	50889
1	50889
1	50889
1	50896
1	50914
1	50914
1	50914
1	50914
1	50914
1	50914
1	50914
1	50914
1	50914
1	50914
1	50914
1	50914
1	50914
1	50914
1	50914
1	50914
1	50914
1	50914
1	50920
1	50920
1	50920
1	50920
1	50920
1	50920
1	50920
1	50920
1	50920
1	50920
1	50920
1	50920
1	50939
1	50939
1	50939
1	50939
1	50939
1	50939
1	50939
1	50939
1	50939
1	50939
1	50939
1	50939
1	50939
1	50939
1	50945
1	50945
1	50945
1	50945
1	50945
1	50945
1	50945
1	50945
1	50945
1	50945
1	50945
1	50945
1	50945
1	50945
1	50945
1	50945
1	50964
1	50964
1	50964
1	50970
1	50970
1	50970
1	50970
1	50970
1	50970
1	50970
1	50970
1	50970
1	50970
1	50970
1	50970
1	50970
1	50970
1	50970
1	50970
1	50970
1	50970
1	50970
1	50970
1	50970
1	50970
1	50988
1	50995
1	50995
1	50995
1	50995
1	50995
1	50995
1	50995
1	50995
1	50995
1	50995
1	50995
1	50995
1	50995
1	50995
1	50995
1	50995
1	50995
1	50995
1	50995
1	50995
1	50995
1	50995
1	50995
1	50995
1	50995
1	50995
1	50995
1	50995
1	50995
1	50995
1	50995
1	50995
1	50995
1	50995
1	50995
1	51019
1	51019
1	51019
1	51019
1	51019
1	51019
1	51019
1	51019
1	51019
1	51019
1	51019
1	51019
1	51019
1	51019
1	51019
1	51026
1	51026
1	51026
1	51026
1	51044
1	51044
1	51044
1	51044
1	51044
1	51044
1	51044
1	51044
1	51044
1	51044
1	51044
1	51044
1	51044
1	51044
1	51044
1	51044
1	51044
1	51044
1	51044
1	51044
1	51044
1	51044
1	51044
1	51044
1	51048
1	51050
1	51050
1	51050
1	51050
1	51050
1	51050
1	51050
1	51050
1	51050
1	51069
1	51069
1	51069
1	51069
1	51069
1	51069
1	51069
1	51069
1	51069
1	51069
1	51069
1	51069
1	51069
1	51069
1	51075
1	51075
1	51075
1	51075
1	51075
1	51075
1	51075
1	51075
1	51075
1	51075
1	51075
1	51094
1	51094
1	51094
1	51094
1	51094
1	51094
1	51094
1	51094
1	51094
1	51094
1	51100
1	51100
1	51100
1	51100
1	51100
1	51100
1	51100
1	51100
1	51100
1	51100
1	51100
1	51100
1	51100
1	51100
1	51100
1	51100
1	51100
1	51100
1	51100
1	51100
1	51100
1	51100
1	51100
1	51100
1	51100
1	51100
1	51100
1	51100
1	51100
1	51100
1	51119
1	51125
1	51125
1	51125
1	51125
1	51125
1	51125
1	51125
1	51125
1	51125
1	51125
1	51125
1	51125
1	51125
1	51125
1	51125
1	51125
1	51125
1	51125
1	51125
1	51125
1	51125
1	51125
1	51125
1	51125
1	51125
1	51125
1	51125
1	51125
1	51125
1	51125
1	51125
1	51150
1	51150
1	51150
1	51150
1	51150
1	51150
1	51150
1	51150
1	51150
1	51150
1	51150
1	51150
1	51150
1	51150
1	51150
1	51150
1	51150
1	51150
1	51150
1	51150
1	51150
1	51156
1	51156
1	51175
1	51175
1	51175
1	51175
1	51175
1	51175
1	51175
1	51175
1	51175
1	51175
1	51175
1	51175
1	51175
1	51175
1	51175
1	51175
1	51175
1	51175
1	51175
1	51181
1	51181
1	51181
1	51181
1	51181
1	51181
1	51200
1	51200
1	51200
1	51200
1	51200
1	51200
1	51200
1	51200
1	51200
1	51200
1	51206
1	51206
1	51206
1	51206
1	51206
1	51206
1	51206
1	51206
1	51206
1	51206
1	51206
1	51206
1	51206
1	51206
1	51206
1	51206
1	51206
1	51206
1	51206
1	51225
1	51225
1	51225
1	51225
1	51225
1	51225
1	51225
1	51225
1	51231
1	51231
1	51231
1	51231
1	51231
1	51231
1	51231
1	51231
1	51231
1	51231
1	51231
1	51231
1	51231
1	51231
1	51231
1	51231
1	51231
1	51231
1	51231
1	51231
1	51231
1	51231
1	51231
1	51231
1	51231
1	51250
1	51256
1	51256
1	51256
1	51256
1	51256
1	51256
1	51256
1	51256
1	51256
1	51256
1	51256
1	51256
1	51256
1	51256
1	51256
1	51256
1	51256
1	51256
1	51256
1	51256
1	51256
1	51256
1	51256
1	51256
1	51256
1	51256
1	51256
1	51256
1	51256
1	51256
1	51256
1	51256
1	51256
1	51281
1	51281
1	51281
1	51281
1	51281
1	51281
1	51281
1	51281
1	51281
1	51281
1	51281
1	51281
1	51281
1	51281
1	51281
1	51281
1	51281
1	51281
1	51281
1	51281
1	51281
1	51281
1	51288
1	51288
1	51288
1	51288
1	51288
1	51306
1	51306
1	51306
1	51306
1	51306
1	51306
1	51306
1	51306
1	51306
1	51306
1	51306
1	51306
1	51306
1	51306
1	51306
1	51306
1	51306
1	51306
1	51306
1	51306
1	51306
1	51313
1	51313
1	51313
1	51313
1	51313
1	51313
1	51313
1	51313
1	51313
1	51332
1	51332
1	51332
1	51332
1	51332
1	51332
1	51332
1	51332
1	51332
1	51332
1	51332
1	51332
1	51332
1	51332
1	51332
1	51332
1	51338
1	51338
1	51338
1	51338
1	51338
1	51338
1	51338
1	51338
1	51338
1	51338
1	51338
1	51357
1	51357
1	51357
1	51357
1	51357
1	51363
1	51363
1	51363
1	51363
1	51363
1	51363
1	51363
1	51363
1	51363
1	51363
1	51363
1	51363
1	51363
1	51363
1	51363
1	51363
1	51363
1	51363
1	51363
1	51363
1	51363
1	51363
1	51363
1	51382
1	51382
1	51382
1	51388
1	51388
1	51388
1	51388
1	51388
1	51388
1	51388
1	51388
1	51388
1	51388
1	51388
1	51388
1	51388
1	51388
1	51388
1	51388
1	51388
1	51388
1	51388
1	51413
1	51413
1	51413
1	51413
1	51413
1	51413
1	51413
1	51413
1	51413
1	51413
1	51413
1	51413
1	51413
1	51413
1	51413
1	51413
1	51413
1	51413
1	51413
1	51413
1	51413
1	51413
1	51413
1	51413
1	51413
1	51413
1	51413
1	51413
1	51413
1	51413
1	51439
1	51439
1	51439
1	51439
1	51439
1	51439
1	51439
1	51439
1	51439
1	51439
1	51439
1	51439
1	51439
1	51439
1	51439
1	51439
1	51439
1	51439
1	51445
1	51445
1	51445
1	51445
1	51445
1	51445
1	51445
1	51464
1	51464
1	51464
1	51464
1	51464
1	51464
1	51464
1	51464
1	51464
1	51464
1	51464
1	51464
1	51464
1	51464
1	51464
1	51464
1	51470
1	51470
1	51470
1	51470
1	51470
1	51470
1	51470
1	51470
1	51489
1	51489
1	51489
1	51489
1	51489
1	51489
1	51489
1	51489
1	51489
1	51489
1	51495
1	51495
1	51495
1	51495
1	51495
1	51495
1	51495
1	51495
1	51495
1	51495
1	51495
1	51495
1	51495
1	51495
1	51495
1	51495
1	51495
1	51495
1	51495
1	51495
1	51495
1	51514
1	51514
1	51514
1	51514
1	51514
1	51514
1	51514
1	51521
1	51521
1	51521
1	51521
1	51521
1	51521
1	51521
1	51521
1	51521
1	51521
1	51521
1	51521
1	51521
1	51521
1	51521
1	51521
1	51521
1	51521
1	51521
1	51521
1	51521
1	51521
1	51521
1	51521
1	51521
1	51521
1	51521
1	51546
1	51546
1	51546
1	51546
1	51546
1	51546
1	51546
1	51546
1	51546
1	51546
1	51546
1	51546
1	51546
1	51546
1	51546
1	51546
1	51546
1	51546
1	51546
1	51546
1	51546
1	51546
1	51546
1	51571
1	51571
1	51571
1	51571
1	51571
1	51571
1	51571
1	51571
1	51571
1	51571
1	51571
1	51571
1	51571
1	51571
1	51571
1	51571
1	51571
1	51571
1	51571
1	51571
1	51571
1	51578
1	51578
1	51578
1	51578
1	51578
1	51578
1	51586
1	51597
1	51597
1	51597
1	51597
1	51597
1	51597
1	51597
1	51597
1	51597
1	51597
1	51597
1	51597
1	51597
1	51597
1	51603
1	51603
1	51603
1	51603
1	51603
1	51603
1	51603
1	51603
1	51603
1	51603
1	51622
1	51622
1	51622
1	51622
1	51622
1	51622
1	51622
1	51622
1	51622
1	51622
1	51622
1	51622
1	51622
1	51622
1	51622
1	51622
1	51622
1	51622
1	51629
1	51629
1	51629
1	51629
1	51629
1	51629
1	51629
1	51629
1	51629
1	51629
1	51629
1	51629
1	51629
1	51629
1	51629
1	51629
1	51629
1	51629
1	51648
1	51648
1	51648
1	51654
1	51654
1	51654
1	51654
1	51654
1	51654
1	51654
1	51654
1	51654
1	51654
1	51654
1	51654
1	51654
1	51654
1	51654
1	51654
1	51654
1	51654
1	51654
1	51654
1	51654
1	51654
1	51654
1	51654
1	51654
1	51654
1	51654
1	51654
1	51654
1	51654
1	51679
1	51679
1	51679
1	51679
1	51679
1	51679
1	51679
1	51679
1	51679
1	51679
1	51679
1	51679
1	51679
1	51679
1	51679
1	51679
1	51679
1	51679
1	51679
1	51679
1	51679
1	51679
1	51679
1	51679
1	51679
1	51679
1	51679
1	51679
1	51705
1	51705
1	51705
1	51705
1	51705
1	51705
1	51705
1	51705
1	51705
1	51705
1	51705
1	51705
1	51705
1	51705
1	51705
1	51705
1	51711
1	51711
1	51711
1	51711
1	51711
1	51730
1	51730
1	51730
1	51730
1	51730
1	51730
1	51730
1	51730
1	51730
1	51730
1	51730
1	51730
1	51730
1	51730
1	51730
1	51730
1	51730
1	51730
1	51730
1	51730
1	51730
1	51730
1	51737
1	51737
1	51737
1	51737
1	51737
1	51737
1	51737
1	51737
1	51737
1	51737
1	51737
1	51737
1	51737
1	51737
1	51737
1	51737
1	51737
1	51737
1	51737
1	51737
1	51756
1	51756
1	51756
1	51756
1	51756
1	51756
1	51756
1	51756
1	51762
1	51762
1	51762
1	51762
1	51762
1	51762
1	51762
1	51762
1	51762
1	51762
1	51762
1	51762
1	51782
1	51782
1	51782
1	51782
1	51782
1	51788
1	51788
1	51788
1	51788
1	51788
1	51788
1	51788
1	51788
1	51788
1	51788
1	51788
1	51788
1	51788
1	51788
1	51814
1	51814
1	51814
1	51814
1	51814
1	51814
1	51814
1	51814
1	51814
1	51814
1	51814
1	51814
1	51814
1	51814
1	51814
1	51814
1	51814
1	51814
1	51814
1	51814
1	51814
1	51814
1	51814
1	51814
1	51814
1	51814
1	51839
1	51839
1	51839
1	51839
1	51839
1	51839
1	51839
1	51839
1	51839
1	51839
1	51839
1	51839
1	51839
1	51839
1	51839
1	51839
1	51839
1	51839
1	51846
1	51846
1	51846
1	51846
1	51846
1	51865
1	51865
1	51865
1	51865
1	51865
1	51865
1	51865
1	51865
1	51865
1	51865
1	51865
1	51865
1	51865
1	51865
1	51871
1	51871
1	51871
1	51871
1	51871
1	51871
1	51871
1	51871
1	51871
1	51871
1	51871
1	51871
1	51890
1	51890
1	51890
1	51890
1	51890
1	51890
1	51890
1	51890
1	51890
1	51890
1	51890
1	51890
1	51890
1	51890
1	51890
1	51890
1	51890
1	51897
1	51897
1	51897
1	51897
1	51897
1	51897
1	51897
1	51897
1	51897
1	51897
1	51897
1	51897
1	51897
1	51897
1	51897
1	51897
1	51897
1	51897
1	51897
1	51916
1	51916
1	51916
1	51916
1	51916
1	51923
1	51923
1	51923
1	51923
1	51923
1	51923
1	51923
1	51923
1	51923
1	51923
1	51923
1	51923
1	51923
1	51923
1	51923
1	51923
1	51923
1	51923
1	51923
1	51923
1	51923
1	51923
1	51923
1	51923
1	51923
1	51942
1	51948
1	51948
1	51948
1	51948
1	51948
1	51948
1	51948
1	51948
1	51948
1	51948
1	51948
1	51948
1	51948
1	51948
1	51948
1	51948
1	51948
1	51948
1	51948
1	51948
1	51948
1	51948
1	51948
1	51948
1	51948
1	51948
1	51974
1	51974
1	51974
1	51974
1	51974
1	51974
1	51974
1	51974
1	51974
1	51974
1	51974
1	51974
1	51974
1	51974
1	51974
1	51974
1	51974
1	51974
1	51974
1	51974
1	51974
1	51974
1	51974
1	51974
1	51974
1	51974
1	51974
1	51974
1	51974
1	51974
1	51974
1	51974
1	51974
1	51980
1	51980
1	52000
1	52000
1	52000
1	52000
1	52000
1	52000
1	52000
1	52000
1	52000
1	52000
1	52000
1	52000
1	52000
1	52000
1	52000
1	52000
1	52000
1	52000
1	52000
1	52000
1	52000
1	52006
1	52006
1	52006
1	52006
1	52006
1	52006
1	52006
1	52006
1	52006
1	52006
1	52026
1	52026
1	52026
1	52026
1	52026
1	52026
1	52026
1	52026
1	52026
1	52026
1	52026
1	52026
1	52026
1	52026
1	52032
1	52032
1	52032
1	52032
1	52032
1	52032
1	52032
1	52032
1	52032
1	52032
1	52032
1	52032
1	52032
1	52032
1	52032
1	52032
1	52032
1	52032
1	52051
1	52051
1	52051
1	52051
1	52051
1	52051
1	52058
1	52058
1	52058
1	52058
1	52058
1	52058
1	52058
1	52058
1	52058
1	52058
1	52058
1	52058
1	52058
1	52058
1	52058
1	52058
1	52058
1	52058
1	52058
1	52058
1	52058
1	52058
1	52058
1	52058
1	52084
1	52084
1	52084
1	52084
1	52084
1	52084
1	52084
1	52084
1	52084
1	52084
1	52084
1	52084
1	52084
1	52084
1	52084
1	52084
1	52084
1	52084
1	52110
1	52110
1	52110
1	52110
1	52110
1	52110
1	52110
1	52110
1	52110
1	52110
1	52110
1	52110
1	52110
1	52110
1	52110
1	52110
1	52110
1	52116
1	52116
1	52116
1	52116
1	52116
1	52116
1	52136
1	52136
1	52136
1	52136
1	52136
1	52136
1	52136
1	52136
1	52136
1	52136
1	52136
1	52136
1	52136
1	52136
1	52136
1	52136
1	52136
1	52136
1	52142
1	52142
1	52142
1	52142
1	52142
1	52161
1	52161
1	52161
1	52161
1	52161
1	52161
1	52168
1	52168
1	52168
1	52168
1	52168
1	52168
1	52168
1	52168
1	52168
1	52168
1	52168
1	52168
1	52168
1	52168
1	52168
1	52168
1	52187
1	52187
1	52187
1	52187
1	52187
1	52187
1	52187
1	52187
1	52187
1	52194
1	52194
1	52194
1	52194
1	52194
1	52194
1	52194
1	52194
1	52194
1	52194
1	52194
1	52194
1	52194
1	52194
1	52194
1	52194
1	52194
1	52194
1	52213
1	52220
1	52220
1	52220
1	52220
1	52220
1	52220
1	52220
1	52220
1	52220
1	52220
1	52220
1	52220
1	52220
1	52220
1	52220
1	52220
1	52220
1	52220
1	52220
1	52220
1	52220
1	52220
1	52220
1	52220
1	52220
1	52220
1	52220
1	52220
1	52220
1	52220
1	52220
1	52220
1	52220
1	52220
1	52220
1	52220
1	52246
1	52246
1	52246
1	52246
1	52246
1	52246
1	52246
1	52246
1	52246
1	52246
1	52246
1	52246
1	52246
1	52246
1	52246
1	52246
1	52246
1	52246
1	52246
1	52246
1	52246
1	52246
1	52246
1	52246
1	52246
1	52246
1	52246
1	52246
1	52252
1	52252
1	52272
1	52272
1	52272
1	52272
1	52272
1	52272
1	52272
1	52272
1	52272
1	52272
1	52272
1	52272
1	52272
1	52272
1	52272
1	52272
1	52272
1	52272
1	52272
1	52272
1	52278
1	52278
1	52278
1	52278
1	52278
1	52278
1	52278
1	52278
1	52278
1	52298
1	52298
1	52298
1	52298
1	52298
1	52298
1	52298
1	52298
1	52298
1	52298
1	52298
1	52298
1	52298
1	52305
1	52305
1	52305
1	52305
1	52305
1	52305
1	52305
1	52305
1	52305
1	52305
1	52305
1	52305
1	52305
1	52305
1	52305
1	52324
1	52324
1	52324
1	52324
1	52324
1	52324
1	52324
1	52324
1	52324
1	52324
1	52324
1	52331
1	52331
1	52331
1	52331
1	52331
1	52331
1	52331
1	52331
1	52331
1	52331
1	52331
1	52331
1	52350
1	52350
1	52357
1	52357
1	52357
1	52357
1	52357
1	52357
1	52357
1	52357
1	52357
1	52357
1	52357
1	52357
1	52357
1	52357
1	52357
1	52357
1	52357
1	52357
1	52357
1	52357
1	52357
1	52357
1	52357
1	52383
1	52383
1	52383
1	52383
1	52383
1	52383
1	52383
1	52383
1	52383
1	52383
1	52383
1	52383
1	52383
1	52383
1	52383
1	52383
1	52383
1	52383
1	52383
1	52383
1	52383
1	52383
1	52383
1	52383
1	52383
1	52383
1	52383
1	52409
1	52409
1	52409
1	52409
1	52409
1	52409
1	52409
1	52409
1	52416
1	52416
1	52416
1	52416
1	52416
1	52416
1	52416
1	52416
1	52435
1	52435
1	52435
1	52435
1	52435
1	52435
1	52435
1	52442
1	52442
1	52442
1	52442
1	52442
1	52442
1	52442
1	52442
1	52442
1	52442
1	52442
1	52442
1	52462
1	52462
1	52462
1	52462
1	52462
1	52462
1	52462
1	52468
1	52468
1	52468
1	52468
1	52468
1	52468
1	52468
1	52468
1	52468
1	52468
1	52468
1	52468
1	52468
1	52468
1	52468
1	52468
1	52468
1	52488
1	52488
1	52488
1	52488
1	52488
1	52494
1	52494
1	52494
1	52494
1	52494
1	52494
1	52494
1	52494
1	52494
1	52494
1	52494
1	52494
1	52494
1	52494
1	52494
1	52494
1	52494
1	52494
1	52494
1	52494
1	52521
1	52521
1	52521
1	52521
1	52521
1	52521
1	52521
1	52521
1	52521
1	52521
1	52521
1	52521
1	52521
1	52521
1	52521
1	52521
1	52521
1	52521
1	52521
1	52521
1	52521
1	52521
1	52521
1	52521
1	52521
1	52521
1	52521
1	52527
1	52547
1	52547
1	52547
1	52547
1	52547
1	52547
1	52547
1	52547
1	52547
1	52547
1	52547
1	52547
1	52547
1	52547
1	52547
1	52547
1	52554
1	52554
1	52554
1	52573
1	52573
1	52573
1	52573
1	52573
1	52573
1	52573
1	52573
1	52573
1	52573
1	52573
1	52573
1	52573
1	52580
1	52580
1	52580
1	52580
1	52580
1	52580
1	52580
1	52580
1	52580
1	52580
1	52580
1	52600
1	52600
1	52600
1	52600
1	52600
1	52600
1	52600
1	52600
1	52600
1	52606
1	52606
1	52606
1	52606
1	52606
1	52606
1	52606
1	52606
1	52606
1	52606
1	52606
1	52606
1	52606
1	52606
1	52606
1	52606
1	52606
1	52606
1	52606
1	52626
1	52626
1	52626
1	52626
1	52626
1	52626
1	52626
1	52633
1	52633
1	52633
1	52633
1	52633
1	52633
1	52633
1	52633
1	52633
1	52633
1	52633
1	52633
1	52633
1	52633
1	52633
1	52633
1	52633
1	52633
1	52633
1	52633
1	52633
1	52633
1	52659
1	52659
1	52659
1	52659
1	52659
1	52659
1	52659
1	52659
1	52659
1	52659
1	52659
1	52659
1	52659
1	52659
1	52659
1	52659
1	52659
1	52659
1	52659
1	52659
1	52659
1	52659
1	52659
1	52659
1	52659
1	52659
1	52659
1	52659
1	52666
1	52686
1	52686
1	52686
1	52686
1	52686
1	52686
1	52686
1	52686
1	52686
1	52686
1	52686
1	52686
1	52686
1	52686
1	52686
1	52686
1	52686
1	52686
1	52686
1	52686
1	52686
1	52686
1	52686
1	52686
1	52686
1	52686
1	52686
1	52686
1	52692
1	52692
1	52692
1	52712
1	52712
1	52712
1	52712
1	52712
1	52712
1	52712
1	52712
1	52712
1	52712
1	52712
1	52719
1	52719
1	52719
1	52719
1	52719
1	52719
1	52719
1	52719
1	52719
1	52719
1	52719
1	52719
1	52719
1	52739
1	52739
1	52739
1	52739
1	52739
1	52739
1	52739
1	52739
1	52739
1	52739
1	52739
1	52739
1	52739
1	52739
1	52739
1	52745
1	52745
1	52745
1	52745
1	52745
1	52745
1	52745
1	52745
1	52745
1	52745
1	52745
1	52745
1	52745
1	52745
1	52745
1	52745
1	52765
1	52765
1	52765
1	52765
1	52765
1	52765
1	52765
1	52765
1	52765
1	52765
1	52765
1	52772
1	52772
1	52772
1	52772
1	52772
1	52772
1	52772
1	52772
1	52772
1	52772
1	52772
1	52772
1	52772
1	52772
1	52772
1	52772
1	52772
1	52772
1	52772
1	52772
1	52772
1	52792
1	52792
1	52798
1	52798
1	52798
1	52798
1	52798
1	52798
1	52798
1	52798
1	52798
1	52798
1	52798
1	52798
1	52798
1	52798
1	52798
1	52798
1	52798
1	52798
1	52798
1	52798
1	52798
1	52798
1	52798
1	52798
1	52798
1	52798
1	52798
1	52798
1	52798
1	52825
1	52825
1	52825
1	52825
1	52825
1	52825
1	52825
1	52825
1	52825
1	52825
1	52825
1	52825
1	52825
1	52825
1	52825
1	52825
1	52825
1	52825
1	52832
1	52832
1	52832
1	52832
1	52852
1	52852
1	52852
1	52852
1	52852
1	52852
1	52852
1	52852
1	52852
1	52852
1	52852
1	52852
1	52852
1	52852
1	52852
1	52858
1	52858
1	52858
1	52858
1	52858
1	52858
1	52858
1	52878
1	52878
1	52878
1	52878
1	52878
1	52878
1	52878
1	52878
1	52878
1	52878
1	52878
1	52878
1	52878
1	52878
1	52885
1	52885
1	52885
1	52885
1	52885
1	52885
1	52885
1	52885
1	52885
1	52885
1	52885
1	52885
1	52905
1	52905
1	52905
1	52905
1	52905
1	52905
1	52905
1	52905
1	52905
1	52905
1	52912
1	52912
1	52912
1	52912
1	52912
1	52912
1	52912
1	52912
1	52912
1	52912
1	52912
1	52912
1	52912
1	52912
1	52912
1	52912
1	52912
1	52912
1	52912
1	52912
1	52912
1	52932
1	52938
1	52938
1	52938
1	52938
1	52938
1	52938
1	52938
1	52938
1	52938
1	52938
1	52938
1	52938
1	52938
1	52938
1	52938
1	52938
1	52938
1	52938
1	52938
1	52938
1	52938
1	52938
1	52938
1	52965
1	52965
1	52965
1	52965
1	52965
1	52965
1	52965
1	52965
1	52965
1	52965
1	52965
1	52965
1	52965
1	52965
1	52965
1	52965
1	52965
1	52965
1	52965
1	52965
1	52965
1	52965
1	52965
1	52965
1	52965
1	52965
1	52965
1	52972
1	52972
1	52972
1	52972
1	52992
1	52992
1	52992
1	52992
1	52992
1	52992
1	52992
1	52992
1	52992
1	52992
1	52992
1	52992
1	52992
1	52992
1	52992
1	52992
1	52992
1	52999
1	52999
1	52999
1	52999
1	52999
1	52999
1	52999
1	52999
1	53019
1	53019
1	53019
1	53019
1	53019
1	53019
1	53019
1	53019
1	53019
1	53019
1	53019
1	53019
1	53019
1	53019
1	53019
1	53025
1	53025
1	53025
1	53025
1	53025
1	53025
1	53025
1	53025
1	53025
1	53025
1	53025
1	53025
1	53025
1	53025
1	53025
1	53045
1	53045
1	53045
1	53045
1	53045
1	53045
1	53045
1	53052
1	53052
1	53052
1	53052
1	53052
1	53052
1	53052
1	53052
1	53052
1	53052
1	53052
1	53052
1	53052
1	53052
1	53052
1	53052
1	53052
1	53052
1	53052
1	53052
1	53052
1	53052
1	53052
1	53052
1	53052
1	53052
1	53052
1	53052
1	53072
1	53072
1	53072
1	53072
1	53072
1	53079
1	53079
1	53079
1	53079
1	53079
1	53079
1	53079
1	53079
1	53079
1	53079
1	53079
1	53079
1	53079
1	53079
1	53079
1	53079
1	53079
1	53079
1	53079
1	53079
1	53079
1	53079
1	53079
1	53106
1	53106
1	53106
1	53106
1	53106
1	53106
1	53106
1	53106
1	53106
1	53106
1	53106
1	53106
1	53106
1	53106
1	53106
1	53106
1	53106
1	53106
1	53106
1	53106
1	53106
1	53106
1	53106
1	53106
1	53113
1	53113
1	53113
1	53133
1	53133
1	53133
1	53133
1	53133
1	53133
1	53133
1	53133
1	53133
1	53133
1	53133
1	53133
1	53133
1	53133
1	53133
1	53133
1	53133
1	53133
1	53133
1	53140
1	53140
1	53140
1	53140
1	53140
1	53140
1	53140
1	53140
1	53160
1	53160
1	53160
1	53160
1	53160
1	53160
1	53160
1	53160
1	53160
1	53160
1	53160
1	53160
1	53160
1	53166
1	53166
1	53166
1	53166
1	53166
1	53166
1	53166
1	53166
1	53166
1	53166
1	53166
1	53166
1	53187
1	53187
1	53187
1	53187
1	53187
1	53193
1	53193
1	53193
1	53193
1	53193
1	53193
1	53193
1	53193
1	53193
1	53193
1	53193
1	53193
1	53193
1	53193
1	53193
1	53193
1	53193
1	53193
1	53214
1	53214
1	53214
1	53214
1	53220
1	53220
1	53220
1	53220
1	53220
1	53220
1	53220
1	53220
1	53220
1	53220
1	53220
1	53220
1	53220
1	53220
1	53220
1	53220
1	53220
1	53220
1	53220
1	53220
1	53220
1	53220
1	53220
1	53220
1	53220
1	53220
1	53220
1	53220
1	53220
1	53220
1	53220
1	53220
1	53247
1	53247
1	53247
1	53247
1	53247
1	53247
1	53247
1	53247
1	53247
1	53247
1	53247
1	53247
1	53247
1	53247
1	53247
1	53247
1	53247
1	53247
1	53247
1	53247
1	53247
1	53247
1	53247
1	53247
1	53247
1	53247
1	53247
1	53247
1	53247
1	53247
1	53247
1	53254
1	53254
1	53254
1	53254
1	53275
1	53275
1	53275
1	53275
1	53275
1	53275
1	53275
1	53275
1	53275
1	53275
1	53275
1	53275
1	53275
1	53275
1	53275
1	53275
1	53275
1	53275
1	53275
1	53275
1	53281
1	53281
1	53281
1	53281
1	53281
1	53281
1	53281
1	53281
1	53281
1	53281
1	53302
1	53302
1	53302
1	53302
1	53302
1	53302
1	53302
1	53302
1	53302
1	53302
1	53302
1	53302
1	53302
1	53308
1	53308
1	53308
1	53308
1	53308
1	53308
1	53308
1	53308
1	53308
1	53329
1	53329
1	53329
1	53329
1	53329
1	53329
1	53329
1	53329
1	53336
1	53336
1	53336
1	53336
1	53336
1	53336
1	53336
1	53336
1	53336
1	53336
1	53336
1	53336
1	53336
1	53336
1	53336
1	53336
1	53336
1	53336
1	53336
1	53336
1	53336
1	53336
1	53336
1	53336
1	53336
1	53336
1	53356
1	53356
1	53356
1	53363
1	53363
1	53363
1	53363
1	53363
1	53363
1	53363
1	53363
1	53363
1	53363
1	53363
1	53363
1	53363
1	53363
1	53363
1	53363
1	53363
1	53363
1	53363
1	53363
1	53363
1	53363
1	53363
1	53363
1	53363
1	53363
1	53363
1	53363
1	53390
1	53390
1	53390
1	53390
1	53390
1	53390
1	53390
1	53390
1	53390
1	53390
1	53390
1	53390
1	53390
1	53390
1	53390
1	53390
1	53390
1	53390
1	53390
1	53390
1	53390
1	53390
1	53390
1	53390
1	53397
1	53397
1	53417
1	53417
1	53417
1	53417
1	53417
1	53417
1	53417
1	53417
1	53417
1	53417
1	53417
1	53417
1	53417
1	53417
1	53417
1	53417
1	53417
1	53417
1	53424
1	53424
1	53424
1	53424
1	53424
1	53444
1	53444
1	53444
1	53444
1	53444
1	53444
1	53444
1	53444
1	53444
1	53444
1	53444
1	53444
1	53444
1	53444
1	53451
1	53451
1	53451
1	53451
1	53451
1	53451
1	53451
1	53451
1	53451
1	53451
1	53471
1	53471
1	53471
1	53471
1	53471
1	53471
1	53478
1	53478
1	53478
1	53478
1	53478
1	53478
1	53478
1	53478
1	53478
1	53478
1	53478
1	53478
1	53478
1	53478
1	53478
1	53478
1	53478
1	53478
1	53478
1	53478
1	53478
1	53478
1	53499
1	53506
1	53506
1	53506
1	53506
1	53506
1	53506
1	53506
1	53506
1	53506
1	53506
1	53506
1	53506
1	53506
1	53506
1	53506
1	53506
1	53506
1	53506
1	53506
1	53533
1	53533
1	53533
1	53533
1	53533
1	53533
1	53533
1	53533
1	53533
1	53533
1	53533
1	53533
1	53533
1	53533
1	53533
1	53533
1	53533
1	53533
1	53533
1	53533
1	53533
1	53533
1	53533
1	53540
1	53560
1	53560
1	53560
1	53560
1	53560
1	53560
1	53560
1	53560
1	53560
1	53560
1	53560
1	53560
1	53560
1	53560
1	53560
1	53560
1	53560
1	53560
1	53560
1	53560
1	53567
1	53567
1	53567
1	53567
1	53567
1	53567
1	53567
1	53567
1	53567
1	53567
1	53567
1	53567
1	53588
1	53588
1	53588
1	53588
1	53588
1	53594
1	53594
1	53594
1	53594
1	53594
1	53594
1	53594
1	53594
1	53615
1	53615
1	53615
1	53615
1	53615
1	53615
1	53615
1	53622
1	53622
1	53622
1	53622
1	53622
1	53622
1	53622
1	53622
1	53622
1	53622
1	53622
1	53622
1	53622
1	53622
1	53622
1	53622
1	53642
1	53642
1	53642
1	53649
1	53649
1	53649
1	53649
1	53649
1	53649
1	53649
1	53649
1	53649
1	53649
1	53649
1	53649
1	53649
1	53649
1	53649
1	53649
1	53649
1	53649
1	53649
1	53649
1	53649
1	53649
1	53649
1	53649
1	53649
1	53649
1	53677
1	53677
1	53677
1	53677
1	53677
1	53677
1	53677
1	53677
1	53677
1	53677
1	53677
1	53677
1	53677
1	53677
1	53677
1	53677
1	53677
1	53677
1	53677
1	53677
1	53677
1	53704
1	53704
1	53704
1	53704
1	53704
1	53704
1	53704
1	53704
1	53704
1	53704
1	53704
1	53704
1	53704
1	53704
1	53704
1	53704
1	53704
1	53711
1	53711
1	53732
1	53732
1	53732
1	53732
1	53732
1	53732
1	53732
1	53732
1	53732
1	53732
1	53732
1	53732
1	53732
1	53732
1	53732
1	53739
1	53739
1	53739
1	53739
1	53739
1	53739
1	53739
1	53739
1	53759
1	53759
1	53759
1	53759
1	53759
1	53759
1	53759
1	53759
1	53759
1	53759
1	53759
1	53759
1	53759
1	53759
1	53766
1	53766
1	53766
1	53766
1	53766
1	53766
1	53766
1	53766
1	53766
1	53766
1	53766
1	53766
1	53766
1	53766
1	53766
1	53766
1	53766
1	53766
1	53766
1	53787
1	53787
1	53787
1	53787
1	53787
1	53787
1	53787
1	53794
1	53794
1	53794
1	53794
1	53794
1	53794
1	53794
1	53794
1	53794
1	53794
1	53794
1	53794
1	53794
1	53794
1	53794
1	53794
1	53794
1	53794
1	53794
1	53821
1	53821
1	53821
1	53821
1	53821
1	53821
1	53821
1	53821
1	53821
1	53821
1	53821
1	53821
1	53821
1	53821
1	53821
1	53821
1	53821
1	53821
1	53821
1	53821
1	53821
1	53821
1	53821
1	53821
1	53821
1	53821
1	53849
1	53849
1	53849
1	53849
1	53849
1	53849
1	53849
1	53849
1	53849
1	53849
1	53849
1	53849
1	53849
1	53849
1	53849
1	53849
1	53849
1	53849
1	53849
1	53849
1	53849
1	53849
1	53856
1	53856
1	53877
1	53877
1	53877
1	53877
1	53877
1	53877
1	53877
1	53877
1	53877
1	53877
1	53877
1	53877
1	53877
1	53877
1	53884
1	53884
1	53884
1	53884
1	53884
1	53884
1	53884
1	53884
1	53884
1	53884
1	53884
1	53884
1	53884
1	53884
1	53904
1	53904
1	53904
1	53904
1	53904
1	53904
1	53904
1	53904
1	53904
1	53904
1	53904
1	53904
1	53904
1	53904
1	53904
1	53904
1	53904
1	53911
1	53911
1	53911
1	53911
1	53911
1	53911
1	53911
1	53911
1	53911
1	53911
1	53911
1	53911
1	53932
1	53932
1	53932
1	53932
1	53932
1	53932
1	53932
1	53932
1	53939
1	53939
1	53939
1	53939
1	53939
1	53939
1	53939
1	53939
1	53939
1	53939
1	53939
1	53939
1	53939
1	53960
1	53960
1	53967
1	53967
1	53967
1	53967
1	53967
1	53967
1	53967
1	53967
1	53967
1	53967
1	53967
1	53967
1	53967
1	53967
1	53967
1	53967
1	53967
1	53967
1	53967
1	53967
1	53967
1	53967
1	53967
1	53967
1	53967
1	53967
1	53967
1	53967
1	53967
1	53967
1	53967
1	53967
1	53967
1	53967
1	53967
1	53995
1	53995
1	53995
1	53995
1	53995
1	53995
1	53995
1	53995
1	53995
1	53995
1	53995
1	53995
1	53995
1	53995
1	53995
1	53995
1	53995
1	54002
1	54002
1	54002
1	54002
1	54002
1	54022
1	54022
1	54022
1	54022
1	54022
1	54022
1	54022
1	54022
1	54022
1	54022
1	54022
1	54022
1	54022
1	54022
1	54022
1	54022
1	54029
1	54029
1	54029
1	54029
1	54029
1	54029
1	54029
1	54029
1	54029
1	54029
1	54050
1	54050
1	54050
1	54050
1	54050
1	54050
1	54050
1	54050
1	54050
1	54050
1	54050
1	54050
1	54050
1	54057
1	54057
1	54057
1	54057
1	54057
1	54057
1	54057
1	54057
1	54057
1	54057
1	54078
1	54078
1	54078
1	54078
1	54078
1	54078
1	54078
1	54078
1	54085
1	54085
1	54085
1	54085
1	54085
1	54085
1	54085
1	54085
1	54085
1	54085
1	54085
1	54085
1	54085
1	54085
1	54085
1	54085
1	54106
1	54106
1	54106
1	54113
1	54113
1	54113
1	54113
1	54113
1	54113
1	54113
1	54113
1	54113
1	54113
1	54113
1	54113
1	54113
1	54113
1	54113
1	54113
1	54113
1	54113
1	54113
1	54113
1	54113
1	54113
1	54113
1	54113
1	54113
1	54113
1	54113
1	54113
1	54113
1	54141
1	54141
1	54141
1	54141
1	54141
1	54141
1	54141
1	54141
1	54141
1	54141
1	54141
1	54141
1	54141
1	54141
1	54141
1	54141
1	54141
1	54141
1	54141
1	54141
1	54141
1	54141
1	54141
1	54148
1	54148
1	54169
1	54169
1	54169
1	54169
1	54169
1	54169
1	54169
1	54169
1	54169
1	54169
1	54169
1	54169
1	54169
1	54169
1	54169
1	54169
1	54169
1	54169
1	54169
1	54169
1	54169
1	54176
1	54176
1	54176
1	54176
1	54176
1	54176
1	54176
1	54176
1	54197
1	54197
1	54197
1	54197
1	54197
1	54197
1	54197
1	54197
1	54204
1	54204
1	54204
1	54204
1	54204
1	54204
1	54204
1	54204
1	54204
1	54204
1	54204
1	54204
1	54204
1	54204
1	54204
1	54204
1	54225
1	54225
1	54225
1	54225
1	54225
1	54225
1	54225
1	54225
1	54232
1	54232
1	54232
1	54232
1	54232
1	54232
1	54232
1	54232
1	54232
1	54232
1	54232
1	54232
1	54232
1	54232
1	54232
1	54253
1	54260
1	54260
1	54260
1	54260
1	54260
1	54260
1	54260
1	54260
1	54260
1	54260
1	54260
1	54260
1	54260
1	54260
1	54260
1	54260
1	54260
1	54260
1	54260
1	54260
1	54260
1	54260
1	54260
1	54288
1	54288
1	54288
1	54288
1	54288
1	54288
1	54288
1	54288
1	54288
1	54288
1	54288
1	54288
1	54288
1	54288
1	54288
1	54288
1	54288
1	54288
1	54288
1	54288
1	54288
1	54288
1	54288
1	54288
1	54288
1	54288
1	54288
1	54295
1	54295
1	54316
1	54316
1	54316
1	54316
1	54316
1	54316
1	54316
1	54316
1	54316
1	54316
1	54316
1	54316
1	54316
1	54316
1	54316
1	54316
1	54316
1	54316
1	54316
1	54316
1	54316
1	54316
1	54316
1	54323
1	54323
1	54323
1	54323
1	54323
1	54323
1	54323
1	54323
1	54344
1	54344
1	54344
1	54344
1	54344
1	54344
1	54344
1	54344
1	54344
1	54344
1	54344
1	54344
1	54344
1	54344
1	54344
1	54351
1	54351
1	54351
1	54351
1	54351
1	54351
1	54351
1	54351
1	54351
1	54351
1	54351
1	54351
1	54351
1	54351
1	54351
1	54351
1	54373
1	54373
1	54373
1	54373
1	54373
1	54373
1	54373
1	54373
1	54373
1	54373
1	54373
1	54380
1	54380
1	54380
1	54380
1	54380
1	54380
1	54380
1	54380
1	54380
1	54380
1	54380
1	54380
1	54380
1	54380
1	54380
1	54380
1	54380
1	54380
1	54401
1	54401
1	54408
1	54408
1	54408
1	54408
1	54408
1	54408
1	54408
1	54408
1	54408
1	54408
1	54408
1	54408
1	54408
1	54408
1	54408
1	54408
1	54408
1	54408
1	54408
1	54436
1	54436
1	54436
1	54436
1	54436
1	54436
1	54436
1	54436
1	54436
1	54436
1	54436
1	54436
1	54436
1	54436
1	54436
1	54436
1	54436
1	54436
1	54436
1	54436
1	54436
1	54436
1	54436
1	54436
1	54436
1	54436
1	54436
1	54436
1	54436
1	54436
1	54436
1	54436
1	54436
1	54443
1	54443
1	54464
1	54464
1	54464
1	54464
1	54464
1	54464
1	54464
1	54464
1	54464
1	54464
1	54464
1	54464
1	54464
1	54464
1	54464
1	54464
1	54464
1	54464
1	54464
1	54464
1	54464
1	54464
1	54471
1	54471
1	54471
1	54471
1	54471
1	54471
1	54493
1	54493
1	54493
1	54493
1	54493
1	54493
1	54493
1	54493
1	54493
1	54493
1	54493
1	54493
1	54493
1	54493
1	54493
1	54500
1	54500
1	54500
1	54500
1	54500
1	54500
1	54500
1	54500
1	54500
1	54500
1	54521
1	54521
1	54521
1	54521
1	54521
1	54521
1	54521
1	54521
1	54521
1	54521
1	54521
1	54528
1	54528
1	54528
1	54528
1	54528
1	54528
1	54528
1	54528
1	54528
1	54528
1	54528
1	54528
1	54549
1	54549
1	54557
1	54557
1	54557
1	54557
1	54557
1	54557
1	54557
1	54557
1	54557
1	54557
1	54557
1	54557
1	54557
1	54557
1	54557
1	54557
1	54557
1	54557
1	54557
1	54557
1	54557
1	54557
1	54557
1	54557
1	54557
1	54557
1	54557
1	54557
1	54585
1	54585
1	54585
1	54585
1	54585
1	54585
1	54585
1	54585
1	54585
1	54585
1	54585
1	54585
1	54585
1	54585
1	54585
1	54585
1	54585
1	54585
1	54585
1	54592
1	54613
1	54613
1	54613
1	54613
1	54613
1	54613
1	54613
1	54613
1	54613
1	54613
1	54613
1	54613
1	54613
1	54620
1	54620
1	54620
1	54620
1	54642
1	54642
1	54642
1	54642
1	54642
1	54642
1	54642
1	54642
1	54642
1	54642
1	54642
1	54642
1	54642
1	54642
1	54642
1	54649
1	54649
1	54649
1	54649
1	54649
1	54649
1	54649
1	54649
1	54649
1	54649
1	54649
1	54649
1	54649
1	54649
1	54670
1	54670
1	54670
1	54670
1	54670
1	54670
1	54670
1	54670
1	54670
1	54670
1	54670
1	54670
1	54670
1	54670
1	54670
1	54670
1	54670
1	54677
1	54677
1	54677
1	54677
1	54677
1	54677
1	54677
1	54677
1	54677
1	54677
1	54677
1	54677
1	54677
1	54677
1	54677
1	54677
1	54677
1	54677
1	54677
1	54677
1	54677
1	54677
1	54699
1	54699
1	54699
1	54699
1	54699
1	54699
1	54699
1	54706
1	54706
1	54706
1	54706
1	54706
1	54706
1	54706
1	54706
1	54706
1	54706
1	54706
1	54706
1	54706
1	54734
1	54734
1	54734
1	54734
1	54734
1	54734
1	54734
1	54734
1	54734
1	54734
1	54734
1	54734
1	54734
1	54734
1	54734
1	54734
1	54734
1	54734
1	54734
1	54763
1	54763
1	54763
1	54763
1	54763
1	54763
1	54763
1	54763
1	54763
1	54763
1	54763
1	54763
1	54770
1	54770
1	54770
1	54770
1	54770
1	54770
1	54770
1	54770
1	54770
1	54770
1	54792
1	54792
1	54792
1	54792
1	54792
1	54792
1	54792
1	54799
1	54799
1	54799
1	54799
1	54799
1	54799
1	54799
1	54799
1	54820
1	54820
1	54820
1	54820
1	54820
1	54820
1	54820
1	54828
1	54828
1	54828
1	54828
1	54828
1	54828
1	54828
1	54828
1	54828
1	54828
1	54828
1	54849
1	54849
1	54849
1	54849
1	54849
1	54849
1	54849
1	54849
1	54856
1	54856
1	54856
1	54856
1	54856
1	54856
1	54856
1	54856
1	54856
1	54856
1	54856
1	54856
1	54856
1	54856
1	54856
1	54856
1	54856
1	54856
1	54856
1	54878
1	54885
1	54885
1	54885
1	54885
1	54885
1	54885
1	54885
1	54885
1	54885
1	54885
1	54885
1	54885
1	54885
1	54885
1	54885
1	54885
1	54885
1	54885
1	54885
1	54885
1	54885
1	54885
1	54914
1	54914
1	54914
1	54914
1	54914
1	54914
1	54914
1	54914
1	54914
1	54914
1	54914
1	54914
1	54914
1	54914
1	54914
1	54914
1	54914
1	54921
1	54921
1	54921
1	54942
1	54942
1	54942
1	54942
1	54942
1	54942
1	54942
1	54942
1	54942
1	54942
1	54942
1	54942
1	54942
1	54942
1	54942
1	54950
1	54950
1	54950
1	54971
1	54971
1	54971
1	54971
1	54971
1	54971
1	54978
1	54978
1	54978
1	54978
1	54978
1	54978
1	54978
1	54978
1	54978
1	54978
1	54978
1	54978
1	54978
1	54978
1	54978
1	54978
1	54978
1	54978
1	54978
1	54978
1	55000
1	55000
1	55000
1	55000
1	55000
1	55007
1	55007
1	55007
1	55007
1	55007
1	55007
1	55007
1	55007
1	55007
1	55007
1	55007
1	55007
1	55007
1	55007
1	55007
1	55007
1	55007
1	55007
1	55007
1	55007
1	55007
1	55007
1	55007
1	55007
1	55007
1	55007
1	55007
1	55007
1	55007
1	55029
1	55036
1	55036
1	55036
1	55036
1	55036
1	55036
1	55036
1	55036
1	55036
1	55036
1	55036
1	55036
1	55036
1	55036
1	55036
1	55036
1	55036
1	55036
1	55036
1	55036
1	55036
1	55036
1	55036
1	55036
1	55036
1	55036
1	55065
1	55065
1	55065
1	55065
1	55065
1	55065
1	55065
1	55065
1	55065
1	55065
1	55065
1	55065
1	55065
1	55065
1	55065
1	55065
1	55065
1	55065
1	55065
1	55065
1	55065
1	55065
1	55065
1	55065
1	55072
1	55072
1	55094
1	55094
1	55094
1	55094
1	55094
1	55094
1	55094
1	55094
1	55094
1	55094
1	55094
1	55094
1	55094
1	55094
1	55094
1	55094
1	55094
1	55094
1	55101
1	55101
1	55101
1	55101
1	55101
1	55101
1	55101
1	55101
1	55123
1	55123
1	55123
1	55123
1	55123
1	55123
1	55123
1	55123
1	55123
1	55123
1	55123
1	55123
1	55123
1	55130
1	55130
1	55130
1	55130
1	55130
1	55130
1	55130
1	55130
1	55130
1	55152
1	55152
1	55152
1	55152
1	55152
1	55152
1	55152
1	55152
1	55152
1	55159
1	55159
1	55159
1	55159
1	55159
1	55159
1	55159
1	55159
1	55159
1	55159
1	55159
1	55159
1	55159
1	55159
1	55159
1	55159
1	55181
1	55188
1	55188
1	55188
1	55188
1	55188
1	55188
1	55188
1	55188
1	55188
1	55188
1	55188
1	55188
1	55188
1	55188
1	55188
1	55188
1	55188
1	55188
1	55188
1	55188
1	55188
1	55217
1	55217
1	55217
1	55217
1	55217
1	55217
1	55217
1	55217
1	55217
1	55217
1	55217
1	55217
1	55217
1	55217
1	55217
1	55217
1	55217
1	55217
1	55217
1	55217
1	55217
1	55225
1	55225
1	55225
1	55246
1	55246
1	55246
1	55246
1	55246
1	55246
1	55246
1	55246
1	55246
1	55246
1	55246
1	55246
1	55246
1	55246
1	55246
1	55246
1	55246
1	55246
1	55246
1	55246
1	55254
1	55254
1	55254
1	55254
1	55254
1	55254
1	55254
1	55254
1	55275
1	55275
1	55275
1	55275
1	55275
1	55275
1	55275
1	55275
1	55275
1	55275
1	55275
1	55275
1	55283
1	55283
1	55283
1	55283
1	55283
1	55283
1	55283
1	55283
1	55283
1	55283
1	55305
1	55305
1	55305
1	55305
1	55305
1	55305
1	55305
1	55305
1	55312
1	55312
1	55312
1	55312
1	55312
1	55312
1	55312
1	55312
1	55312
1	55312
1	55312
1	55312
1	55312
1	55312
1	55312
1	55312
1	55312
1	55312
1	55312
1	55312
1	55312
1	55312
1	55334
1	55334
1	55334
1	55334
1	55334
1	55341
1	55341
1	55341
1	55341
1	55341
1	55341
1	55341
1	55341
1	55341
1	55341
1	55341
1	55341
1	55341
1	55341
1	55341
1	55341
1	55341
1	55341
1	55341
1	55341
1	55341
1	55341
1	55341
1	55341
1	55341
1	55341
1	55341
1	55341
1	55341
1	55370
1	55370
1	55370
1	55370
1	55370
1	55370
1	55370
1	55370
1	55370
1	55370
1	55370
1	55370
1	55370
1	55370
1	55370
1	55370
1	55370
1	55370
1	55370
1	55370
1	55370
1	55370
1	55370
1	55370
1	55370
1	55370
1	55378
1	55378
1	55400
1	55400
1	55400
1	55400
1	55400
1	55400
1	55400
1	55400
1	55400
1	55400
1	55400
1	55400
1	55400
1	55400
1	55400
1	55400
1	55400
1	55400
1	55400
1	55400
1	55407
1	55407
1	55407
1	55407
1	55407
1	55407
1	55407
1	55407
1	55407
1	55407
1	55429
1	55429
1	55429
1	55429
1	55429
1	55429
1	55429
1	55429
1	55429
1	55429
1	55429
1	55429
1	55429
1	55429
1	55429
1	55436
1	55436
1	55436
1	55436
1	55436
1	55436
1	55436
1	55436
1	55436
1	55436
1	55458
1	55458
1	55458
1	55458
1	55458
1	55466
1	55466
1	55466
1	55466
1	55466
1	55466
1	55466
1	55466
1	55466
1	55466
1	55466
1	55466
1	55466
1	55466
1	55466
1	55488
1	55488
1	55488
1	55488
1	55488
1	55488
1	55488
1	55495
1	55495
1	55495
1	55495
1	55495
1	55495
1	55495
1	55495
1	55495
1	55495
1	55495
1	55495
1	55495
1	55495
1	55495
1	55495
1	55495
1	55495
1	55495
1	55495
1	55524
1	55524
1	55524
1	55524
1	55524
1	55524
1	55524
1	55524
1	55524
1	55524
1	55524
1	55524
1	55524
1	55524
1	55524
1	55524
1	55524
1	55524
1	55524
1	55524
1	55524
1	55524
1	55524
1	55524
1	55524
1	55524
1	55524
1	55524
1	55532
1	55554
1	55554
1	55554
1	55554
1	55554
1	55554
1	55554
1	55554
1	55554
1	55554
1	55554
1	55554
1	55554
1	55554
1	55554
1	55554
1	55554
1	55554
1	55554
1	55554
1	55554
1	55561
1	55561
1	55561
1	55561
1	55561
1	55583
1	55583
1	55583
1	55583
1	55583
1	55583
1	55583
1	55583
1	55583
1	55583
1	55591
1	55591
1	55591
1	55591
1	55591
1	55591
1	55591
1	55591
1	55591
1	55591
1	55613
1	55613
1	55613
1	55613
1	55613
1	55613
1	55620
1	55620
1	55620
1	55620
1	55620
1	55620
1	55620
1	55620
1	55620
1	55620
1	55620
1	55620
1	55620
1	55620
1	55620
1	55620
1	55642
1	55642
1	55642
1	55642
1	55642
1	55650
1	55650
1	55650
1	55650
1	55650
1	55650
1	55650
1	55650
1	55650
1	55650
1	55650
1	55650
1	55650
1	55650
1	55650
1	55650
1	55650
1	55650
1	55650
1	55650
1	55679
1	55679
1	55679
1	55679
1	55679
1	55679
1	55679
1	55679
1	55679
1	55679
1	55679
1	55679
1	55679
1	55679
1	55679
1	55679
1	55679
1	55679
1	55679
1	55679
1	55679
1	55679
1	55679
1	55709
1	55709
1	55709
1	55709
1	55709
1	55709
1	55709
1	55709
1	55709
1	55709
1	55709
1	55709
1	55709
1	55709
1	55709
1	55709
1	55709
1	55709
1	55709
1	55709
1	55709
1	55709
1	55716
1	55716
1	55716
1	55716
1	55716
1	55716
1	55716
1	55738
1	55738
1	55738
1	55738
1	55738
1	55738
1	55738
1	55738
1	55738
1	55738
1	55738
1	55738
1	55738
1	55738
1	55738
1	55738
1	55738
1	55738
1	55738
1	55738
1	55738
1	55738
1	55746
1	55746
1	55746
1	55746
1	55746
1	55768
1	55768
1	55768
1	55768
1	55768
1	55768
1	55768
1	55768
1	55768
1	55775
1	55775
1	55775
1	55775
1	55775
1	55775
1	55775
1	55775
1	55775
1	55775
1	55775
1	55775
1	55775
1	55775
1	55775
1	55775
1	55775
1	55798
1	55798
1	55798
1	55798
1	55805
1	55805
1	55805
1	55805
1	55805
1	55805
1	55805
1	55805
1	55805
1	55805
1	55805
1	55805
1	55805
1	55805
1	55805
1	55805
1	55805
1	55805
1	55805
1	55805
1	55835
1	55835
1	55835
1	55835
1	55835
1	55835
1	55835
1	55835
1	55835
1	55835
1	55835
1	55835
1	55835
1	55835
1	55835
1	55835
1	55835
1	55835
1	55835
1	55835
1	55835
1	55835
1	55835
1	55835
1	55835
1	55835
1	55835
1	55835
1	55835
1	55864
1	55864
1	55864
1	55864
1	55864
1	55864
1	55864
1	55864
1	55864
1	55864
1	55864
1	55864
1	55864
1	55864
1	55864
1	55864
1	55864
1	55864
1	55872
1	55872
1	55872
1	55872
1	55872
1	55872
1	55894
1	55894
1	55894
1	55894
1	55902
1	55902
1	55902
1	55902
1	55902
1	55902
1	55902
1	55902
1	55902
1	55902
1	55902
1	55902
1	55924
1	55924
1	55924
1	55924
1	55924
1	55924
1	55924
1	55932
1	55932
1	55932
1	55932
1	55932
1	55932
1	55932
1	55932
1	55932
1	55932
1	55932
1	55932
1	55932
1	55932
1	55932
1	55932
1	55932
1	55932
1	55932
1	55932
1	55954
1	55954
1	55954
1	55954
1	55961
1	55961
1	55961
1	55961
1	55961
1	55961
1	55961
1	55961
1	55961
1	55961
1	55961
1	55961
1	55961
1	55961
1	55961
1	55961
1	55961
1	55961
1	55961
1	55961
1	55961
1	55961
1	55961
1	55961
1	55961
1	55961
1	55961
1	55961
1	55961
1	55961
1	55961
1	55961
1	55961
1	55961
1	55991
1	55991
1	55991
1	55991
1	55991
1	55991
1	55991
1	55991
1	55991
1	55991
1	55991
1	55991
1	55991
1	55991
1	55991
1	55991
1	55991
1	55991
1	55991
1	55991
1	55991
1	55991
1	55991
1	55991
1	55991
1	55991
1	55991
1	55991
1	56021
1	56021
1	56021
1	56021
1	56021
1	56021
1	56021
1	56021
1	56021
1	56021
1	56021
1	56021
1	56021
1	56021
1	56021
1	56021
1	56021
1	56021
1	56021
1	56021
1	56021
1	56029
1	56029
1	56029
1	56051
1	56051
1	56051
1	56051
1	56051
1	56051
1	56051
1	56051
1	56051
1	56051
1	56051
1	56051
1	56051
1	56059
1	56059
1	56059
1	56059
1	56059
1	56059
1	56059
1	56059
1	56059
1	56059
1	56081
1	56081
1	56081
1	56081
1	56081
1	56081
1	56081
1	56081
1	56081
1	56081
1	56081
1	56081
1	56081
1	56089
1	56089
1	56089
1	56089
1	56089
1	56089
1	56089
1	56089
1	56089
1	56089
1	56089
1	56089
1	56089
1	56089
1	56089
1	56089
1	56089
1	56089
1	56111
1	56111
1	56111
1	56111
1	56111
1	56111
1	56119
1	56119
1	56119
1	56119
1	56119
1	56119
1	56119
1	56119
1	56119
1	56119
1	56119
1	56119
1	56119
1	56119
1	56119
1	56141
1	56141
1	56141
1	56141
1	56141
1	56149
1	56149
1	56149
1	56149
1	56149
1	56149
1	56149
1	56149
1	56149
1	56149
1	56149
1	56149
1	56149
1	56149
1	56149
1	56149
1	56149
1	56149
1	56149
1	56149
1	56149
1	56149
1	56149
1	56149
1	56149
1	56149
1	56149
1	56149
1	56149
1	56179
1	56179
1	56179
1	56179
1	56179
1	56179
1	56179
1	56179
1	56179
1	56179
1	56179
1	56179
1	56179
1	56179
1	56179
1	56179
1	56179
1	56179
1	56179
1	56179
1	56179
1	56179
1	56179
1	56186
1	56186
1	56186
1	56186
1	56186
1	56209
1	56209
1	56209
1	56209
1	56209
1	56209
1	56209
1	56209
1	56209
1	56209
1	56209
1	56209
1	56209
1	56209
1	56209
1	56209
1	56209
1	56209
1	56209
1	56209
1	56216
1	56216
1	56216
1	56216
1	56216
1	56216
1	56216
1	56216
1	56239
1	56239
1	56239
1	56239
1	56239
1	56239
1	56239
1	56239
1	56239
1	56239
1	56239
1	56239
1	56239
1	56239
1	56239
1	56239
1	56239
1	56239
1	56239
1	56247
1	56247
1	56247
1	56247
1	56247
1	56247
1	56247
1	56247
1	56247
1	56247
1	56247
1	56247
1	56247
1	56247
1	56247
1	56269
1	56269
1	56269
1	56269
1	56269
1	56269
1	56269
1	56277
1	56277
1	56277
1	56277
1	56277
1	56277
1	56277
1	56277
1	56277
1	56277
1	56277
1	56277
1	56277
1	56277
1	56277
1	56277
1	56277
1	56277
1	56277
1	56277
1	56277
1	56299
1	56299
1	56299
1	56299
1	56299
1	56307
1	56307
1	56307
1	56307
1	56307
1	56307
1	56307
1	56307
1	56307
1	56307
1	56307
1	56307
1	56307
1	56307
1	56307
1	56307
1	56307
1	56307
1	56307
1	56307
1	56307
1	56307
1	56307
1	56307
1	56337
1	56337
1	56337
1	56337
1	56337
1	56337
1	56337
1	56337
1	56337
1	56337
1	56337
1	56337
1	56337
1	56337
1	56337
1	56337
1	56337
1	56337
1	56337
1	56337
1	56337
1	56337
1	56337
1	56337
1	56337
1	56337
1	56337
1	56337
1	56337
1	56337
1	56337
1	56337
1	56337
1	56337
1	56345
1	56367
1	56367
1	56367
1	56367
1	56367
1	56367
1	56367
1	56367
1	56367
1	56367
1	56367
1	56367
1	56367
1	56367
1	56367
1	56367
1	56367
1	56375
1	56375
1	56375
1	56375
1	56375
1	56375
1	56398
1	56398
1	56398
1	56398
1	56398
1	56398
1	56398
1	56398
1	56398
1	56398
1	56398
1	56398
1	56398
1	56398
1	56405
1	56405
1	56405
1	56405
1	56405
1	56405
1	56405
1	56405
1	56405
1	56405
1	56405
1	56428
1	56428
1	56428
1	56428
1	56428
1	56428
1	56436
1	56436
1	56436
1	56436
1	56436
1	56436
1	56436
1	56436
1	56436
1	56436
1	56436
1	56436
1	56436
1	56436
1	56436
1	56436
1	56436
1	56459
1	56459
1	56459
1	56459
1	56466
1	56466
1	56466
1	56466
1	56466
1	56466
1	56466
1	56466
1	56466
1	56466
1	56466
1	56466
1	56466
1	56466
1	56466
1	56466
1	56466
1	56466
1	56466
1	56466
1	56497
1	56497
1	56497
1	56497
1	56497
1	56497
1	56497
1	56497
1	56497
1	56497
1	56497
1	56497
1	56497
1	56497
1	56504
1	56527
1	56527
1	56527
1	56527
1	56527
1	56527
1	56527
1	56527
1	56527
1	56527
1	56527
1	56527
1	56527
1	56527
1	56527
1	56527
1	56527
1	56527
1	56527
1	56535
1	56535
1	56535
1	56535
1	56535
1	56535
1	56535
1	56557
1	56557
1	56557
1	56557
1	56557
1	56557
1	56557
1	56557
1	56557
1	56557
1	56557
1	56557
1	56557
1	56557
1	56557
1	56565
1	56565
1	56565
1	56565
1	56565
1	56565
1	56565
1	56565
1	56588
1	56588
1	56588
1	56588
1	56588
1	56588
1	56588
1	56588
1	56588
1	56588
1	56588
1	56588
1	56588
1	56596
1	56596
1	56596
1	56596
1	56596
1	56596
1	56596
1	56596
1	56596
1	56596
1	56596
1	56596
1	56596
1	56596
1	56596
1	56596
1	56596
1	56596
1	56596
1	56596
1	56619
1	56619
1	56626
1	56626
1	56626
1	56626
1	56626
1	56626
1	56626
1	56626
1	56626
1	56626
1	56626
1	56626
1	56626
1	56626
1	56626
1	56626
1	56626
1	56626
1	56626
1	56626
1	56626
1	56626
1	56626
1	56626
1	56626
1	56626
1	56626
1	56626
1	56626
1	56626
1	56626
1	56626
1	56657
1	56657
1	56657
1	56657
1	56657
1	56657
1	56657
1	56657
1	56657
1	56657
1	56657
1	56657
1	56657
1	56657
1	56664
1	56664
1	56664
1	56687
1	56687
1	56687
1	56687
1	56687
1	56687
1	56687
1	56687
1	56687
1	56687
1	56687
1	56687
1	56687
1	56687
1	56687
1	56687
1	56687
1	56687
1	56687
1	56687
1	56687
1	56687
1	56687
1	56687
1	56687
1	56695
1	56695
1	56695
1	56695
1	56695
1	56695
1	56695
1	56718
1	56718
1	56718
1	56718
1	56718
1	56718
1	56718
1	56718
1	56718
1	56718
1	56718
1	56718
1	56718
1	56718
1	56718
1	56726
1	56726
1	56726
1	56726
1	56726
1	56726
1	56726
1	56726
1	56726
1	56726
1	56726
1	56749
1	56749
1	56749
1	56749
1	56749
1	56749
1	56756
1	56756
1	56756
1	56756
1	56756
1	56756
1	56756
1	56756
1	56756
1	56756
1	56756
1	56756
1	56756
1	56756
1	56756
1	56756
1	56756
1	56756
1	56780
1	56780
1	56787
1	56787
1	56787
1	56787
1	56787
1	56787
1	56787
1	56787
1	56787
1	56787
1	56787
1	56787
1	56787
1	56787
1	56787
1	56787
1	56818
1	56818
1	56818
1	56818
1	56818
1	56818
1	56818
1	56818
1	56818
1	56818
1	56818
1	56818
1	56818
1	56818
1	56818
1	56818
1	56818
1	56818
1	56818
1	56818
1	56818
1	56818
1	56818
1	56818
1	56818
1	56826
1	56826
1	56826
1	56826
1	56849
1	56849
1	56849
1	56849
1	56849
1	56849
1	56849
1	56849
1	56849
1	56849
1	56849
1	56849
1	56849
1	56849
1	56849
1	56849
1	56849
1	56849
1	56849
1	56856
1	56856
1	56856
1	56880
1	56880
1	56880
1	56880
1	56880
1	56880
1	56880
1	56880
1	56880
1	56880
1	56880
1	56880
1	56880
1	56880
1	56887
1	56887
1	56887
1	56887
1	56887
1	56887
1	56887
1	56887
1	56887
1	56887
1	56911
1	56911
1	56911
1	56911
1	56911
1	56911
1	56911
1	56911
1	56911
1	56918
1	56918
1	56918
1	56918
1	56918
1	56918
1	56918
1	56918
1	56918
1	56918
1	56918
1	56918
1	56918
1	56918
1	56918
1	56918
1	56918
1	56918
1	56918
1	56918
1	56941
1	56941
1	56941
1	56941
1	56941
1	56941
1	56941
1	56941
1	56949
1	56949
1	56949
1	56949
1	56949
1	56949
1	56949
1	56949
1	56949
1	56949
1	56949
1	56949
1	56949
1	56949
1	56949
1	56949
1	56949
1	56949
1	56949
1	56949
1	56949
1	56949
1	56949
1	56980
1	56980
1	56980
1	56980
1	56980
1	56980
1	56980
1	56980
1	56980
1	56980
1	56980
1	56980
1	56980
1	56980
1	56980
1	56980
1	56980
1	56980
1	56980
1	56980
1	56980
1	56980
1	56980
1	56980
1	56980
1	56980
1	56980
1	56980
1	57011
1	57011
1	57011
1	57011
1	57011
1	57011
1	57011
1	57011
1	57011
1	57011
1	57011
1	57011
1	57011
1	57011
1	57011
1	57011
1	57011
1	57019
1	57019
1	57019
1	57019
1	57019
1	57019
1	57042
1	57042
1	57042
1	57042
1	57042
1	57042
1	57042
1	57042
1	57042
1	57042
1	57042
1	57042
1	57042
1	57042
1	57042
1	57042
1	57042
1	57050
1	57050
1	57050
1	57050
1	57050
1	57050
1	57050
1	57050
1	57050
1	57050
1	57050
1	57050
1	57073
1	57073
1	57073
1	57073
1	57073
1	57073
1	57073
1	57073
1	57073
1	57073
1	57081
1	57081
1	57081
1	57081
1	57081
1	57081
1	57081
1	57104
1	57104
1	57104
1	57104
1	57104
1	57104
1	57104
1	57104
1	57112
1	57112
1	57112
1	57112
1	57112
1	57112
1	57112
1	57112
1	57112
1	57112
1	57112
1	57112
1	57112
1	57112
1	57112
1	57112
1	57135
1	57135
1	57143
1	57143
1	57143
1	57143
1	57143
1	57143
1	57143
1	57143
1	57143
1	57143
1	57143
1	57143
1	57143
1	57143
1	57143
1	57143
1	57143
1	57143
1	57143
1	57143
1	57143
1	57143
1	57143
1	57143
1	57143
1	57143
1	57143
1	57143
1	57174
1	57174
1	57174
1	57174
1	57174
1	57174
1	57174
1	57174
1	57174
1	57174
1	57174
1	57174
1	57174
1	57174
1	57174
1	57174
1	57174
1	57174
1	57174
1	57174
1	57174
1	57174
1	57174
1	57174
1	57174
1	57174
1	57174
1	57182
1	57182
1	57182
1	57205
1	57205
1	57205
1	57205
1	57205
1	57205
1	57205
1	57205
1	57205
1	57205
1	57205
1	57205
1	57205
1	57205
1	57205
1	57205
1	57213
1	57213
1	57213
1	57213
1	57213
1	57213
1	57213
1	57213
1	57237
1	57237
1	57237
1	57237
1	57237
1	57237
1	57237
1	57237
1	57237
1	57237
1	57237
1	57237
1	57237
1	57237
1	57237
1	57244
1	57244
1	57244
1	57244
1	57244
1	57244
1	57244
1	57244
1	57244
1	57244
1	57244
1	57244
1	57244
1	57244
1	57244
1	57244
1	57244
1	57244
1	57268
1	57268
1	57268
1	57276
1	57276
1	57276
1	57276
1	57276
1	57276
1	57276
1	57276
1	57276
1	57276
1	57276
1	57276
1	57276
1	57276
1	57276
1	57276
1	57276
1	57276
1	57276
1	57307
1	57307
1	57307
1	57307
1	57307
1	57307
1	57307
1	57307
1	57307
1	57307
1	57307
1	57307
1	57307
1	57307
1	57307
1	57307
1	57307
1	57307
1	57307
1	57307
1	57307
1	57307
1	57307
1	57307
1	57307
1	57338
1	57338
1	57338
1	57338
1	57338
1	57338
1	57338
1	57338
1	57338
1	57338
1	57338
1	57338
1	57338
1	57338
1	57338
1	57338
1	57346
1	57370
1	57370
1	57370
1	57370
1	57370
1	57370
1	57370
1	57370
1	57370
1	57370
1	57370
1	57370
1	57370
1	57370
1	57370
1	57378
1	57378
1	57378
1	57378
1	57378
1	57378
1	57378
1	57378
1	57401
1	57401
1	57401
1	57401
1	57401
1	57401
1	57401
1	57401
1	57401
1	57401
1	57401
1	57401
1	57401
1	57409
1	57409
1	57409
1	57409
1	57409
1	57409
1	57409
1	57409
1	57409
1	57409
1	57409
1	57409
1	57409
1	57409
1	57433
1	57433
1	57433
1	57433
1	57433
1	57433
1	57433
1	57433
1	57433
1	57440
1	57440
1	57440
1	57440
1	57440
1	57440
1	57440
1	57440
1	57440
1	57440
1	57440
1	57440
1	57440
1	57440
1	57440
1	57440
1	57440
1	57440
1	57440
1	57440
1	57440
1	57440
1	57440
1	57440
1	57440
1	57440
1	57464
1	57464
1	57464
1	57464
1	57472
1	57472
1	57472
1	57472
1	57472
1	57472
1	57472
1	57472
1	57472
1	57472
1	57472
1	57472
1	57472
1	57472
1	57472
1	57472
1	57472
1	57472
1	57472
1	57472
1	57503
1	57503
1	57503
1	57503
1	57503
1	57503
1	57503
1	57503
1	57503
1	57503
1	57503
1	57503
1	57503
1	57503
1	57503
1	57503
1	57503
1	57503
1	57503
1	57503
1	57503
1	57503
1	57503
1	57503
1	57503
1	57511
1	57511
1	57511
1	57535
1	57535
1	57535
1	57535
1	57535
1	57535
1	57535
1	57535
1	57535
1	57535
1	57535
1	57535
1	57543
1	57543
1	57543
1	57543
1	57543
1	57543
1	57543
1	57567
1	57567
1	57567
1	57567
1	57567
1	57567
1	57567
1	57567
1	57567
1	57567
1	57567
1	57567
1	57567
1	57567
1	57575
1	57575
1	57575
1	57575
1	57575
1	57575
1	57575
1	57575
1	57575
1	57575
1	57575
1	57575
1	57575
1	57598
1	57598
1	57598
1	57598
1	57598
1	57598
1	57598
1	57598
1	57606
1	57606
1	57606
1	57606
1	57606
1	57606
1	57606
1	57606
1	57606
1	57606
1	57606
1	57606
1	57606
1	57606
1	57606
1	57606
1	57606
1	57606
1	57606
1	57606
1	57606
1	57606
1	57606
1	57606
1	57606
1	57630
1	57630
1	57630
1	57630
1	57630
1	57638
1	57638
1	57638
1	57638
1	57638
1	57638
1	57638
1	57638
1	57638
1	57638
1	57638
1	57638
1	57638
1	57638
1	57638
1	57638
1	57638
1	57638
1	57638
1	57638
1	57638
1	57638
1	57638
1	57638
1	57638
1	57638
1	57638
1	57638
1	57670
1	57670
1	57670
1	57670
1	57670
1	57670
1	57670
1	57670
1	57670
1	57670
1	57670
1	57670
1	57670
1	57670
1	57670
1	57670
1	57670
1	57670
1	57670
1	57670
1	57670
1	57670
1	57670
1	57677
1	57677
1	57701
1	57701
1	57701
1	57701
1	57701
1	57701
1	57701
1	57701
1	57701
1	57701
1	57701
1	57701
1	57701
1	57701
1	57701
1	57701
1	57701
1	57701
1	57701
1	57701
1	57701
1	57701
1	57709
1	57709
1	57709
1	57709
1	57709
1	57709
1	57709
1	57709
1	57733
1	57733
1	57733
1	57733
1	57733
1	57733
1	57733
1	57733
1	57733
1	57733
1	57733
1	57733
1	57733
1	57733
1	57741
1	57741
1	57741
1	57741
1	57741
1	57741
1	57741
1	57741
1	57741
1	57741
1	57765
1	57765
1	57765
1	57765
1	57765
1	57765
1	57773
1	57773
1	57773
1	57773
1	57773
1	57773
1	57773
1	57773
1	57773
1	57773
1	57797
1	57797
1	57797
1	57797
1	57797
1	57805
1	57805
1	57805
1	57805
1	57805
1	57805
1	57805
1	57805
1	57805
1	57805
1	57805
1	57805
1	57805
1	57805
1	57805
1	57805
1	57805
1	57805
1	57837
1	57837
1	57837
1	57837
1	57837
1	57837
1	57837
1	57837
1	57837
1	57837
1	57837
1	57837
1	57837
1	57837
1	57837
1	57837
1	57837
1	57837
1	57837
1	57837
1	57837
1	57837
1	57844
1	57868
1	57868
1	57868
1	57868
1	57868
1	57868
1	57868
1	57868
1	57868
1	57868
1	57868
1	57868
1	57868
1	57868
1	57868
1	57868
1	57868
1	57868
1	57868
1	57868
1	57868
1	57868
1	57868
1	57868
1	57868
1	57868
1	57868
1	57868
1	57868
1	57876
1	57876
1	57876
1	57876
1	57876
1	57876
1	57900
1	57900
1	57900
1	57900
1	57900
1	57900
1	57900
1	57900
1	57900
1	57900
1	57900
1	57900
1	57900
1	57900
1	57900
1	57900
1	57900
1	57900
1	57900
1	57900
1	57908
1	57908
1	57908
1	57908
1	57908
1	57908
1	57908
1	57908
1	57908
1	57908
1	57932
1	57932
1	57932
1	57932
1	57932
1	57932
1	57932
1	57932
1	57932
1	57932
1	57932
1	57932
1	57932
1	57940
1	57940
1	57940
1	57940
1	57940
1	57940
1	57940
1	57940
1	57940
1	57940
1	57940
1	57940
1	57940
1	57940
1	57940
1	57940
1	57940
1	57940
1	57940
1	57940
1	57940
1	57940
1	57940
1	57964
1	57964
1	57964
1	57964
1	57972
1	57972
1	57972
1	57972
1	57972
1	57972
1	57972
1	57972
1	57972
1	57972
1	57972
1	57972
1	57972
1	57972
1	57972
1	57972
1	57972
1	57972
1	57972
1	57972
1	57972
1	57972
1	57972
1	57972
1	58004
1	58004
1	58004
1	58004
1	58004
1	58004
1	58004
1	58004
1	58004
1	58004
1	58004
1	58004
1	58004
1	58004
1	58004
1	58004
1	58004
1	58004
1	58004
1	58004
1	58004
1	58004
1	58004
1	58004
1	58004
1	58004
1	58004
1	58004
1	58004
1	58037
1	58037
1	58037
1	58037
1	58037
1	58037
1	58037
1	58037
1	58037
1	58037
1	58037
1	58037
1	58037
1	58037
1	58037
1	58037
1	58037
1	58045
1	58045
1	58045
1	58045
1	58045
1	58045
1	58045
1	58069
1	58069
1	58069
1	58069
1	58069
1	58069
1	58069
1	58069
1	58069
1	58069
1	58069
1	58069
1	58069
1	58069
1	58069
1	58069
1	58069
1	58069
1	58069
1	58069
1	58077
1	58077
1	58077
1	58077
1	58077
1	58077
1	58077
1	58077
1	58077
1	58077
1	58077
1	58077
1	58077
1	58077
1	58101
1	58101
1	58101
1	58101
1	58101
1	58101
1	58101
1	58101
1	58101
1	58109
1	58109
1	58109
1	58109
1	58109
1	58109
1	58109
1	58109
1	58109
1	58109
1	58109
1	58109
1	58109
1	58109
1	58109
1	58109
1	58133
1	58133
1	58133
1	58141
1	58141
1	58141
1	58141
1	58141
1	58141
1	58141
1	58141
1	58141
1	58141
1	58141
1	58141
1	58141
1	58141
1	58141
1	58141
1	58141
1	58141
1	58141
1	58141
1	58141
1	58141
1	58173
1	58173
1	58173
1	58173
1	58173
1	58173
1	58173
1	58173
1	58173
1	58173
1	58173
1	58173
1	58173
1	58173
1	58173
1	58173
1	58173
1	58173
1	58173
1	58206
1	58206
1	58206
1	58206
1	58206
1	58206
1	58206
1	58206
1	58206
1	58206
1	58206
1	58206
1	58206
1	58206
1	58206
1	58206
1	58206
1	58206
1	58206
1	58206
1	58214
1	58214
1	58214
1	58214
1	58238
1	58238
1	58238
1	58238
1	58238
1	58238
1	58238
1	58238
1	58238
1	58238
1	58238
1	58238
1	58238
1	58238
1	58238
1	58238
1	58238
1	58238
1	58238
1	58246
1	58246
1	58246
1	58246
1	58246
1	58246
1	58246
1	58246
1	58246
1	58246
1	58246
1	58246
1	58246
1	58246
1	58246
1	58246
1	58246
1	58270
1	58270
1	58270
1	58270
1	58270
1	58270
1	58270
1	58270
1	58270
1	58279
1	58279
1	58279
1	58279
1	58279
1	58279
1	58279
1	58279
1	58279
1	58279
1	58279
1	58303
1	58303
1	58311
1	58311
1	58311
1	58311
1	58311
1	58311
1	58311
1	58311
1	58311
1	58311
1	58311
1	58311
1	58311
1	58311
1	58311
1	58311
1	58311
1	58335
1	58343
1	58343
1	58343
1	58343
1	58343
1	58343
1	58343
1	58343
1	58343
1	58343
1	58343
1	58343
1	58343
1	58343
1	58343
1	58343
1	58343
1	58343
1	58343
1	58343
1	58343
1	58343
1	58343
1	58343
1	58343
1	58376
1	58376
1	58376
1	58376
1	58376
1	58376
1	58376
1	58376
1	58376
1	58376
1	58376
1	58376
1	58376
1	58376
1	58376
1	58376
1	58376
1	58384
1	58384
1	58384
1	58384
1	58384
1	58384
1	58408
1	58408
1	58408
1	58408
1	58408
1	58408
1	58408
1	58408
1	58408
1	58408
1	58408
1	58408
1	58408
1	58408
1	58408
1	58408
1	58408
1	58408
1	58408
1	58408
1	58408
1	58408
1	58408
1	58408
1	58416
1	58416
1	58416
1	58416
1	58416
1	58416
1	58416
1	58416
1	58441
1	58441
1	58441
1	58441
1	58441
1	58441
1	58441
1	58441
1	58441
1	58441
1	58441
1	58449
1	58449
1	58449
1	58449
1	58449
1	58449
1	58449
1	58449
1	58449
1	58449
1	58449
1	58449
1	58473
1	58473
1	58473
1	58473
1	58473
1	58473
1	58473
1	58473
1	58473
1	58473
1	58482
1	58482
1	58482
1	58482
1	58482
1	58482
1	58482
1	58482
1	58482
1	58482
1	58482
1	58482
1	58482
1	58482
1	58482
1	58482
1	58482
1	58482
1	58514
1	58514
1	58514
1	58514
1	58514
1	58514
1	58514
1	58514
1	58514
1	58514
1	58514
1	58514
1	58514
1	58514
1	58514
1	58514
1	58514
1	58514
1	58514
1	58514
1	58514
1	58514
1	58514
1	58514
1	58514
1	58547
1	58547
1	58547
1	58547
1	58547
1	58547
1	58547
1	58547
1	58547
1	58547
1	58547
1	58547
1	58547
1	58547
1	58547
1	58547
1	58547
1	58547
1	58547
1	58547
1	58547
1	58547
1	58547
1	58547
1	58547
1	58547
1	58547
1	58547
1	58547
1	58547
1	58555
1	58555
1	58555
1	58555
1	58580
1	58580
1	58580
1	58580
1	58580
1	58580
1	58580
1	58580
1	58580
1	58580
1	58580
1	58580
1	58580
1	58580
1	58580
1	58580
1	58580
1	58580
1	58580
1	58580
1	58588
1	58588
1	58588
1	58588
1	58588
1	58588
1	58588
1	58588
1	58588
1	58588
1	58612
1	58612
1	58612
1	58612
1	58612
1	58612
1	58612
1	58612
1	58612
1	58612
1	58621
1	58621
1	58621
1	58621
1	58621
1	58621
1	58621
1	58621
1	58621
1	58621
1	58621
1	58621
1	58621
1	58621
1	58645
1	58645
1	58645
1	58645
1	58645
1	58645
1	58645
1	58645
1	58645
1	58645
1	58645
1	58645
1	58653
1	58653
1	58653
1	58653
1	58653
1	58653
1	58653
1	58653
1	58653
1	58653
1	58653
1	58653
1	58653
1	58653
1	58653
1	58653
1	58678
1	58686
1	58686
1	58686
1	58686
1	58686
1	58686
1	58686
1	58686
1	58686
1	58686
1	58686
1	58686
1	58686
1	58686
1	58686
1	58686
1	58686
1	58686
1	58686
1	58686
1	58686
1	58686
1	58686
1	58719
1	58719
1	58719
1	58719
1	58719
1	58719
1	58719
1	58719
1	58719
1	58719
1	58719
1	58719
1	58719
1	58719
1	58719
1	58719
1	58719
1	58719
1	58719
1	58719
1	58719
1	58719
1	58719
1	58727
1	58727
1	58727
1	58727
1	58752
1	58752
1	58752
1	58752
1	58752
1	58752
1	58752
1	58752
1	58752
1	58752
1	58752
1	58752
1	58752
1	58752
1	58752
1	58752
1	58752
1	58752
1	58752
1	58760
1	58760
1	58760
1	58760
1	58760
1	58760
1	58760
1	58760
1	58760
1	58760
1	58760
1	58760
1	58760
1	58785
1	58785
1	58785
1	58785
1	58785
1	58785
1	58785
1	58785
1	58785
1	58785
1	58785
1	58793
1	58793
1	58793
1	58793
1	58793
1	58793
1	58793
1	58793
1	58793
1	58793
1	58793
1	58793
1	58793
1	58793
1	58793
1	58818
1	58818
1	58818
1	58818
1	58818
1	58818
1	58818
1	58818
1	58826
1	58826
1	58826
1	58826
1	58826
1	58826
1	58826
1	58826
1	58826
1	58826
1	58826
1	58826
1	58826
1	58826
1	58851
1	58851
1	58851
1	58859
1	58859
1	58859
1	58859
1	58859
1	58859
1	58859
1	58859
1	58859
1	58859
1	58859
1	58859
1	58859
1	58859
1	58859
1	58859
1	58859
1	58859
1	58859
1	58859
1	58859
1	58859
1	58859
1	58859
1	58859
1	58859
1	58859
1	58859
1	58892
1	58892
1	58892
1	58892
1	58892
1	58892
1	58892
1	58892
1	58892
1	58892
1	58892
1	58892
1	58892
1	58892
1	58892
1	58892
1	58892
1	58892
1	58892
1	58892
1	58892
1	58900
1	58900
1	58925
1	58925
1	58925
1	58925
1	58925
1	58925
1	58925
1	58925
1	58925
1	58925
1	58925
1	58925
1	58925
1	58925
1	58925
1	58925
1	58925
1	58925
1	58925
1	58925
1	58934
1	58934
1	58934
1	58934
1	58934
1	58934
1	58934
1	58958
1	58958
1	58958
1	58958
1	58958
1	58958
1	58958
1	58958
1	58958
1	58958
1	58958
1	58958
1	58958
1	58958
1	58958
1	58967
1	58967
1	58967
1	58967
1	58967
1	58967
1	58967
1	58992
1	58992
1	58992
1	58992
1	58992
1	58992
1	58992
1	58992
1	58992
1	59000
1	59000
1	59000
1	59000
1	59000
1	59000
1	59000
1	59000
1	59000
1	59000
1	59000
1	59000
1	59000
1	59025
1	59025
1	59025
1	59025
1	59025
1	59025
1	59033
1	59033
1	59033
1	59033
1	59033
1	59033
1	59033
1	59033
1	59033
1	59033
1	59033
1	59033
1	59033
1	59033
1	59033
1	59033
1	59033
1	59033
1	59033
1	59033
1	59033
1	59033
1	59033
1	59033
1	59033
1	59033
1	59033
1	59033
1	59033
1	59033
1	59066
1	59066
1	59066
1	59066
1	59066
1	59066
1	59066
1	59066
1	59066
1	59066
1	59066
1	59066
1	59066
1	59066
1	59066
1	59066
1	59066
1	59066
1	59066
1	59066
1	59066
1	59066
1	59066
1	59066
1	59066
1	59066
1	59066
1	59066
1	59066
1	59066
1	59075
1	59100
1	59100
1	59100
1	59100
1	59100
1	59100
1	59100
1	59100
1	59100
1	59100
1	59100
1	59100
1	59100
1	59100
1	59100
1	59100
1	59100
1	59100
1	59108
1	59108
1	59108
1	59108
1	59108
1	59108
1	59108
1	59108
1	59108
1	59133
1	59133
1	59133
1	59133
1	59133
1	59133
1	59133
1	59133
1	59133
1	59133
1	59133
1	59133
1	59133
1	59141
1	59141
1	59141
1	59141
1	59141
1	59141
1	59141
1	59141
1	59141
1	59141
1	59141
1	59141
1	59141
1	59166
1	59166
1	59166
1	59166
1	59166
1	59166
1	59166
1	59166
1	59166
1	59175
1	59175
1	59175
1	59175
1	59175
1	59175
1	59175
1	59175
1	59175
1	59175
1	59175
1	59175
1	59175
1	59175
1	59200
1	59200
1	59200
1	59200
1	59200
1	59200
1	59200
1	59208
1	59208
1	59208
1	59208
1	59208
1	59208
1	59208
1	59208
1	59208
1	59208
1	59208
1	59208
1	59208
1	59208
1	59208
1	59208
1	59208
1	59208
1	59208
1	59208
1	59208
1	59208
1	59208
1	59242
1	59242
1	59242
1	59242
1	59242
1	59242
1	59242
1	59242
1	59242
1	59242
1	59242
1	59242
1	59242
1	59242
1	59242
1	59242
1	59242
1	59242
1	59242
1	59242
1	59242
1	59242
1	59242
1	59242
1	59242
1	59242
1	59275
1	59275
1	59275
1	59275
1	59275
1	59275
1	59275
1	59275
1	59275
1	59275
1	59275
1	59275
1	59275
1	59275
1	59275
1	59275
1	59275
1	59275
1	59275
1	59275
1	59275
1	59275
1	59275
1	59275
1	59275
1	59275
1	59283
1	59283
1	59283
1	59309
1	59309
1	59309
1	59309
1	59309
1	59309
1	59309
1	59309
1	59309
1	59309
1	59309
1	59309
1	59309
1	59309
1	59317
1	59317
1	59317
1	59317
1	59317
1	59317
1	59317
1	59317
1	59317
1	59317
1	59317
1	59342
1	59342
1	59342
1	59342
1	59342
1	59342
1	59342
1	59342
1	59342
1	59351
1	59351
1	59351
1	59351
1	59351
1	59351
1	59351
1	59351
1	59351
1	59351
1	59351
1	59351
1	59351
1	59351
1	59351
1	59351
1	59351
1	59351
1	59376
1	59376
1	59376
1	59376
1	59376
1	59384
1	59384
1	59384
1	59384
1	59384
1	59384
1	59384
1	59384
1	59384
1	59384
1	59384
1	59384
1	59384
1	59384
1	59384
1	59384
1	59384
1	59384
1	59384
1	59384
1	59384
1	59384
1	59384
1	59384
1	59418
1	59418
1	59418
1	59418
1	59418
1	59418
1	59418
1	59418
1	59418
1	59418
1	59418
1	59418
1	59418
1	59418
1	59418
1	59418
1	59418
1	59418
1	59418
1	59418
1	59418
1	59418
1	59418
1	59418
1	59418
1	59418
1	59418
1	59418
1	59418
1	59418
1	59418
1	59418
1	59418
1	59418
1	59418
1	59418
1	59452
1	59452
1	59452
1	59452
1	59452
1	59452
1	59452
1	59452
1	59452
1	59452
1	59452
1	59452
1	59452
1	59452
1	59452
1	59452
1	59452
1	59452
1	59452
1	59452
1	59452
1	59452
1	59452
1	59460
1	59460
1	59460
1	59460
1	59460
1	59460
1	59485
1	59485
1	59485
1	59485
1	59485
1	59485
1	59485
1	59485
1	59485
1	59485
1	59485
1	59485
1	59485
1	59485
1	59494
1	59494
1	59494
1	59494
1	59494
1	59494
1	59494
1	59494
1	59519
1	59519
1	59519
1	59519
1	59519
1	59519
1	59519
1	59519
1	59519
1	59519
1	59519
1	59519
1	59527
1	59527
1	59527
1	59527
1	59527
1	59527
1	59527
1	59527
1	59527
1	59527
1	59527
1	59527
1	59527
1	59553
1	59553
1	59553
1	59553
1	59553
1	59553
1	59553
1	59553
1	59553
1	59561
1	59561
1	59561
1	59561
1	59561
1	59561
1	59561
1	59561
1	59561
1	59561
1	59561
1	59561
1	59561
1	59561
1	59561
1	59561
1	59561
1	59561
1	59561
1	59561
1	59561
1	59595
1	59595
1	59595
1	59595
1	59595
1	59595
1	59595
1	59595
1	59595
1	59595
1	59595
1	59595
1	59595
1	59595
1	59595
1	59595
1	59595
1	59595
1	59595
1	59595
1	59629
1	59629
1	59629
1	59629
1	59629
1	59629
1	59629
1	59629
1	59629
1	59629
1	59629
1	59629
1	59629
1	59629
1	59629
1	59629
1	59629
1	59629
1	59629
1	59629
1	59629
1	59629
1	59629
1	59629
1	59629
1	59629
1	59629
1	59629
1	59629
1	59629
1	59629
1	59629
1	59637
1	59637
1	59637
1	59663
1	59663
1	59663
1	59663
1	59663
1	59663
1	59663
1	59663
1	59663
1	59663
1	59663
1	59663
1	59663
1	59663
1	59663
1	59663
1	59663
1	59663
1	59663
1	59663
1	59663
1	59663
1	59663
1	59663
1	59671
1	59671
1	59671
1	59671
1	59671
1	59671
1	59671
1	59671
1	59671
1	59671
1	59671
1	59671
1	59671
1	59697
1	59697
1	59697
1	59697
1	59697
1	59697
1	59697
1	59697
1	59697
1	59697
1	59697
1	59697
1	59697
1	59697
1	59697
1	59697
1	59697
1	59705
1	59705
1	59705
1	59705
1	59705
1	59705
1	59705
1	59705
1	59705
1	59705
1	59705
1	59705
1	59705
1	59731
1	59731
1	59731
1	59731
1	59731
1	59731
1	59731
1	59731
1	59731
1	59739
1	59739
1	59739
1	59739
1	59739
1	59739
1	59739
1	59739
1	59739
1	59739
1	59739
1	59739
1	59739
1	59739
1	59739
1	59739
1	59739
1	59739
1	59739
1	59739
1	59739
1	59765
1	59765
1	59773
1	59773
1	59773
1	59773
1	59773
1	59773
1	59773
1	59773
1	59773
1	59773
1	59773
1	59773
1	59773
1	59773
1	59773
1	59773
1	59773
1	59773
1	59773
1	59773
1	59773
1	59773
1	59808
1	59808
1	59808
1	59808
1	59808
1	59808
1	59808
1	59808
1	59808
1	59808
1	59808
1	59808
1	59808
1	59808
1	59808
1	59808
1	59808
1	59808
1	59808
1	59808
1	59816
1	59816
1	59816
1	59816
1	59842
1	59842
1	59842
1	59842
1	59842
1	59842
1	59842
1	59842
1	59842
1	59842
1	59850
1	59850
1	59850
1	59850
1	59850
1	59850
1	59850
1	59850
1	59850
1	59850
1	59850
1	59850
1	59876
1	59876
1	59876
1	59876
1	59876
1	59876
1	59876
1	59876
1	59876
1	59876
1	59876
1	59884
1	59884
1	59884
1	59884
1	59884
1	59884
1	59884
1	59884
1	59884
1	59884
1	59910
1	59910
1	59910
1	59910
1	59910
1	59910
1	59910
1	59919
1	59919
1	59919
1	59919
1	59919
1	59919
1	59919
1	59919
1	59919
1	59919
1	59919
1	59919
1	59919
1	59919
1	59944
1	59953
1	59953
1	59953
1	59953
1	59953
1	59953
1	59953
1	59953
1	59953
1	59953
1	59953
1	59953
1	59953
1	59953
1	59953
1	59953
1	59953
1	59953
1	59953
1	59953
1	59953
1	59953
1	59953
1	59953
1	59953
1	59987
1	59987
1	59987
1	59987
1	59987
1	59987
1	59987
1	59987
1	59987
1	59987
1	59987
1	59987
1	59987
1	59987
1	59987
1	59987
1	59987
1	59987
1	59987
1	59987
1	59987
1	59987
1	59987
1	59987
1	59987
1	59996
1	59996
1	60022
1	60022
1	60022
1	60022
1	60022
1	60022
1	60022
1	60022
1	60022
1	60022
1	60022
1	60022
1	60022
1	60022
1	60022
1	60022
1	60022
1	60022
1	60022
1	60022
1	60022
1	60022
1	60022
1	60022
1	60030
1	60030
1	60030
1	60030
1	60030
1	60030
1	60030
1	60030
1	60030
1	60030
1	60030
1	60030
1	60056
1	60056
1	60056
1	60056
1	60056
1	60056
1	60056
1	60056
1	60056
1	60056
1	60064
1	60064
1	60064
1	60064
1	60064
1	60064
1	60064
1	60064
1	60064
1	60064
1	60064
1	60064
1	60064
1	60064
1	60064
1	60064
1	60064
1	60090
1	60090
1	60090
1	60090
1	60090
1	60090
1	60099
1	60099
1	60099
1	60099
1	60099
1	60099
1	60099
1	60099
1	60099
1	60099
1	60099
1	60099
1	60099
1	60099
1	60099
1	60099
1	60099
1	60099
1	60099
1	60099
1	60099
1	60099
1	60099
1	60099
1	60099
1	60099
1	60125
1	60125
1	60125
1	60133
1	60133
1	60133
1	60133
1	60133
1	60133
1	60133
1	60133
1	60133
1	60133
1	60133
1	60133
1	60133
1	60133
1	60133
1	60133
1	60133
1	60133
1	60133
1	60133
1	60133
1	60133
1	60133
1	60133
1	60133
1	60133
1	60133
1	60133
1	60168
1	60168
1	60168
1	60168
1	60168
1	60168
1	60168
1	60168
1	60168
1	60168
1	60168
1	60168
1	60168
1	60168
1	60168
1	60168
1	60168
1	60168
1	60168
1	60168
1	60168
1	60177
1	60177
1	60202
1	60202
1	60202
1	60202
1	60202
1	60202
1	60202
1	60202
1	60202
1	60202
1	60202
1	60202
1	60202
1	60202
1	60202
1	60202
1	60202
1	60202
1	60202
1	60211
1	60211
1	60211
1	60211
1	60211
1	60211
1	60211
1	60211
1	60211
1	60237
1	60237
1	60237
1	60237
1	60237
1	60237
1	60237
1	60237
1	60237
1	60246
1	60246
1	60246
1	60246
1	60246
1	60246
1	60246
1	60246
1	60246
1	60246
1	60246
1	60246
1	60272
1	60272
1	60272
1	60272
1	60272
1	60272
1	60272
1	60272
1	60272
1	60272
1	60280
1	60280
1	60280
1	60280
1	60280
1	60280
1	60280
1	60280
1	60280
1	60280
1	60280
1	60306
1	60306
1	60306
1	60306
1	60306
1	60315
1	60315
1	60315
1	60315
1	60315
1	60315
1	60315
1	60315
1	60315
1	60315
1	60315
1	60315
1	60315
1	60315
1	60315
1	60315
1	60350
1	60350
1	60350
1	60350
1	60350
1	60350
1	60350
1	60350
1	60350
1	60350
1	60350
1	60350
1	60350
1	60350
1	60350
1	60350
1	60350
1	60350
1	60350
1	60350
1	60350
1	60350
1	60350
1	60350
1	60350
1	60350
1	60350
1	60350
1	60350
1	60350
1	60350
1	60358
1	60384
1	60384
1	60384
1	60384
1	60384
1	60384
1	60384
1	60384
1	60384
1	60384
1	60384
1	60384
1	60384
1	60384
1	60384
1	60384
1	60384
1	60384
1	60384
1	60393
1	60393
1	60393
1	60393
1	60393
1	60393
1	60393
1	60419
1	60419
1	60419
1	60419
1	60419
1	60419
1	60419
1	60419
1	60419
1	60419
1	60419
1	60419
1	60428
1	60428
1	60428
1	60428
1	60428
1	60428
1	60428
1	60428
1	60428
1	60428
1	60428
1	60428
1	60454
1	60454
1	60454
1	60454
1	60454
1	60454
1	60454
1	60454
1	60454
1	60463
1	60463
1	60463
1	60463
1	60463
1	60463
1	60463
1	60463
1	60463
1	60463
1	60463
1	60463
1	60463
1	60463
1	60463
1	60463
1	60463
1	60463
1	60463
1	60463
1	60463
1	60463
1	60463
1	60463
1	60463
1	60489
1	60489
1	60489
1	60498
1	60498
1	60498
1	60498
1	60498
1	60498
1	60498
1	60498
1	60498
1	60498
1	60498
1	60498
1	60498
1	60498
1	60498
1	60498
1	60498
1	60498
1	60498
1	60498
1	60498
1	60498
1	60498
1	60498
1	60498
1	60533
1	60533
1	60533
1	60533
1	60533
1	60533
1	60533
1	60533
1	60533
1	60533
1	60533
1	60533
1	60533
1	60533
1	60533
1	60533
1	60533
1	60533
1	60533
1	60533
1	60533
1	60548
1	60568
1	60568
1	60568
1	60568
1	60568
1	60568
1	60568
1	60568
1	60568
1	60568
1	60568
1	60568
1	60568
1	60568
1	60568
1	60568
1	60576
1	60576
1	60576
1	60576
1	60576
1	60576
1	60576
1	60576
1	60603
1	60603
1	60603
1	60603
1	60603
1	60603
1	60603
1	60603
1	60603
1	60603
1	60603
1	60603
1	60603
1	60603
1	60603
1	60603
1	60603
1	60603
1	60603
1	60603
1	60603
1	60611
1	60611
1	60611
1	60611
1	60611
1	60611
1	60611
1	60611
1	60611
1	60638
1	60638
1	60638
1	60638
1	60638
1	60638
1	60638
1	60638
1	60638
1	60638
1	60638
1	60638
1	60638
1	60646
1	60646
1	60646
1	60646
1	60646
1	60646
1	60646
1	60646
1	60646
1	60646
1	60646
1	60646
1	60646
1	60646
1	60673
1	60673
1	60673
1	60681
1	60681
1	60681
1	60681
1	60681
1	60681
1	60681
1	60681
1	60681
1	60681
1	60681
1	60681
1	60681
1	60681
1	60681
1	60681
1	60681
1	60681
1	60681
1	60708
1	60717
1	60717
1	60717
1	60717
1	60717
1	60717
1	60717
1	60717
1	60717
1	60717
1	60717
1	60717
1	60717
1	60717
1	60717
1	60717
1	60717
1	60717
1	60717
1	60717
1	60717
1	60717
1	60717
1	60717
1	60717
1	60717
1	60717
1	60717
1	60752
1	60752
1	60752
1	60752
1	60752
1	60752
1	60752
1	60752
1	60752
1	60752
1	60752
1	60752
1	60761
1	60761
1	60761
1	60761
1	60761
1	60761
1	60761
1	60787
1	60787
1	60787
1	60787
1	60787
1	60787
1	60787
1	60787
1	60787
1	60787
1	60787
1	60787
1	60787
1	60787
1	60787
1	60787
1	60796
1	60796
1	60796
1	60796
1	60796
1	60796
1	60796
1	60796
1	60796
1	60796
1	60796
1	60796
1	60796
1	60822
1	60822
1	60822
1	60822
1	60822
1	60822
1	60822
1	60822
1	60822
1	60831
1	60831
1	60831
1	60831
1	60831
1	60831
1	60831
1	60831
1	60831
1	60831
1	60831
1	60858
1	60858
1	60858
1	60858
1	60858
1	60858
1	60858
1	60866
1	60866
1	60866
1	60866
1	60866
1	60866
1	60866
1	60866
1	60866
1	60866
1	60866
1	60866
1	60866
1	60866
1	60866
1	60866
1	60866
1	60866
1	60866
1	60866
1	60902
1	60902
1	60902
1	60902
1	60902
1	60902
1	60902
1	60902
1	60902
1	60902
1	60902
1	60902
1	60902
1	60902
1	60902
1	60902
1	60902
1	60902
1	60902
1	60902
1	60902
1	60902
1	60902
1	60902
1	60902
1	60902
1	60902
1	60937
1	60937
1	60937
1	60937
1	60937
1	60937
1	60937
1	60937
1	60937
1	60937
1	60937
1	60937
1	60937
1	60937
1	60937
1	60937
1	60937
1	60937
1	60937
1	60937
1	60937
1	60937
1	60937
1	60937
1	60937
1	60946
1	60946
1	60946
1	60973
1	60973
1	60973
1	60973
1	60973
1	60973
1	60973
1	60973
1	60973
1	60973
1	60973
1	60973
1	60973
1	60973
1	60973
1	60973
1	60973
1	60973
1	60973
1	60981
1	60981
1	60981
1	60981
1	60981
1	60981
1	60981
1	60981
1	60981
1	60981
1	60981
1	60981
1	60981
1	61008
1	61008
1	61008
1	61008
1	61008
1	61008
1	61008
1	61008
1	61008
1	61008
1	61017
1	61017
1	61017
1	61017
1	61017
1	61017
1	61017
1	61017
1	61017
1	61017
1	61017
1	61017
1	61017
1	61017
1	61017
1	61017
1	61017
1	61044
1	61044
1	61044
1	61044
1	61044
1	61044
1	61044
1	61052
1	61052
1	61052
1	61052
1	61052
1	61052
1	61052
1	61052
1	61052
1	61052
1	61052
1	61052
1	61052
1	61052
1	61052
1	61052
1	61052
1	61052
1	61052
1	61052
1	61052
1	61052
1	61052
1	61052
1	61069
1	61088
1	61088
1	61088
1	61088
1	61088
1	61088
1	61088
1	61088
1	61088
1	61088
1	61088
1	61088
1	61088
1	61088
1	61088
1	61088
1	61088
1	61088
1	61088
1	61088
1	61088
1	61088
1	61124
1	61124
1	61124
1	61124
1	61124
1	61124
1	61124
1	61124
1	61124
1	61124
1	61124
1	61124
1	61124
1	61124
1	61124
1	61124
1	61124
1	61124
1	61124
1	61124
1	61124
1	61133
1	61159
1	61159
1	61159
1	61159
1	61159
1	61159
1	61159
1	61159
1	61159
1	61159
1	61159
1	61159
1	61159
1	61159
1	61168
1	61168
1	61195
1	61195
1	61195
1	61195
1	61195
1	61195
1	61195
1	61195
1	61195
1	61195
1	61195
1	61204
1	61204
1	61204
1	61204
1	61204
1	61204
1	61204
1	61204
1	61204
1	61204
1	61204
1	61231
1	61231
1	61231
1	61231
1	61231
1	61231
1	61231
1	61231
1	61231
1	61240
1	61240
1	61240
1	61240
1	61240
1	61240
1	61240
1	61240
1	61240
1	61240
1	61240
1	61240
1	61240
1	61240
1	61240
1	61240
1	61240
1	61240
1	61240
1	61266
1	61266
1	61275
1	61275
1	61275
1	61275
1	61275
1	61275
1	61275
1	61275
1	61275
1	61275
1	61275
1	61275
1	61275
1	61275
1	61275
1	61275
1	61275
1	61275
1	61275
1	61275
1	61275
1	61275
1	61275
1	61275
1	61275
1	61311
1	61311
1	61311
1	61311
1	61311
1	61311
1	61311
1	61311
1	61311
1	61311
1	61311
1	61311
1	61311
1	61311
1	61311
1	61311
1	61311
1	61311
1	61311
1	61311
1	61311
1	61311
1	61311
1	61311
1	61317
1	61320
1	61347
1	61347
1	61347
1	61347
1	61347
1	61347
1	61347
1	61347
1	61347
1	61347
1	61347
1	61347
1	61347
1	61347
1	61347
1	61347
1	61347
1	61347
1	61347
1	61347
1	61356
1	61356
1	61356
1	61356
1	61356
1	61356
1	61356
1	61383
1	61383
1	61383
1	61383
1	61383
1	61383
1	61383
1	61383
1	61383
1	61383
1	61383
1	61383
1	61383
1	61392
1	61392
1	61392
1	61392
1	61392
1	61392
1	61392
1	61392
1	61392
1	61392
1	61392
1	61392
1	61392
1	61392
1	61392
1	61419
1	61419
1	61419
1	61419
1	61419
1	61419
1	61428
1	61428
1	61428
1	61428
1	61428
1	61428
1	61428
1	61428
1	61428
1	61428
1	61428
1	61428
1	61428
1	61428
1	61428
1	61428
1	61428
1	61428
1	61428
1	61455
1	61455
1	61455
1	61455
1	61455
1	61464
1	61464
1	61464
1	61464
1	61464
1	61464
1	61464
1	61464
1	61464
1	61464
1	61464
1	61464
1	61464
1	61464
1	61464
1	61464
1	61464
1	61464
1	61464
1	61464
1	61464
1	61464
1	61464
1	61464
1	61464
1	61464
1	61500
1	61500
1	61500
1	61500
1	61500
1	61500
1	61500
1	61500
1	61500
1	61500
1	61500
1	61500
1	61500
1	61500
1	61500
1	61500
1	61500
1	61500
1	61500
1	61500
1	61500
1	61500
1	61509
1	61509
1	61536
1	61536
1	61536
1	61536
1	61536
1	61536
1	61536
1	61536
1	61536
1	61536
1	61536
1	61536
1	61536
1	61536
1	61536
1	61536
1	61536
1	61536
1	61545
1	61545
1	61545
1	61545
1	61545
1	61572
1	61572
1	61572
1	61572
1	61572
1	61572
1	61572
1	61572
1	61572
1	61572
1	61572
1	61581
1	61581
1	61581
1	61581
1	61581
1	61581
1	61581
1	61581
1	61581
1	61608
1	61608
1	61608
1	61608
1	61608
1	61608
1	61608
1	61608
1	61608
1	61608
1	61608
1	61618
1	61618
1	61618
1	61618
1	61618
1	61618
1	61618
1	61618
1	61618
1	61618
1	61618
1	61618
1	61618
1	61618
1	61618
1	61618
1	61618
1	61618
1	61645
1	61645
1	61645
1	61645
1	61654
1	61654
1	61654
1	61654
1	61654
1	61654
1	61654
1	61654
1	61654
1	61654
1	61654
1	61690
1	61690
1	61690
1	61690
1	61690
1	61690
1	61690
1	61690
1	61690
1	61690
1	61690
1	61690
1	61690
1	61690
1	61690
1	61690
1	61690
1	61690
1	61690
1	61690
1	61690
1	61690
1	61699
1	61726
1	61726
1	61726
1	61726
1	61726
1	61726
1	61726
1	61726
1	61726
1	61726
1	61726
1	61726
1	61726
1	61726
1	61726
1	61726
1	61726
1	61735
1	61735
1	61735
1	61735
1	61735
1	61735
1	61735
1	61735
1	61763
1	61763
1	61763
1	61763
1	61763
1	61763
1	61763
1	61763
1	61763
1	61763
1	61763
1	61763
1	61763
1	61763
1	61772
1	61772
1	61772
1	61772
1	61772
1	61772
1	61772
1	61772
1	61772
1	61772
1	61772
1	61772
1	61772
1	61772
1	61772
1	61772
1	61799
1	61799
1	61799
1	61799
1	61799
1	61799
1	61799
1	61799
1	61799
1	61808
1	61808
1	61808
1	61808
1	61808
1	61808
1	61808
1	61808
1	61808
1	61808
1	61836
1	61836
1	61836
1	61845
1	61845
1	61845
1	61845
1	61845
1	61845
1	61845
1	61845
1	61845
1	61845
1	61845
1	61845
1	61845
1	61845
1	61845
1	61845
1	61845
1	61845
1	61845
1	61845
1	61845
1	61881
1	61881
1	61881
1	61881
1	61881
1	61881
1	61881
1	61881
1	61881
1	61881
1	61881
1	61881
1	61881
1	61881
1	61881
1	61881
1	61881
1	61881
1	61881
1	61881
1	61881
1	61918
1	61918
1	61918
1	61918
1	61918
1	61918
1	61918
1	61918
1	61918
1	61918
1	61918
1	61918
1	61918
1	61918
1	61918
1	61918
1	61918
1	61918
1	61918
1	61918
1	61918
1	61918
1	61918
1	61918
1	61918
1	61918
1	61918
1	61918
1	61918
1	61918
1	61918
1	61918
1	61918
1	61927
1	61927
1	61927
1	61927
1	61927
1	61927
1	61954
1	61954
1	61954
1	61954
1	61954
1	61954
1	61954
1	61954
1	61954
1	61954
1	61954
1	61954
1	61954
1	61954
1	61954
1	61963
1	61963
1	61963
1	61963
1	61963
1	61963
1	61963
1	61963
1	61963
1	61991
1	61991
1	61991
1	61991
1	61991
1	61991
1	61991
1	61991
1	61991
1	61991
1	61991
1	61991
1	61991
1	62000
1	62000
1	62000
1	62000
1	62000
1	62000
1	62000
1	62000
1	62000
1	62000
1	62000
1	62000
1	62000
1	62000
1	62000
1	62000
1	62000
1	62000
1	62000
1	62000
1	62000
1	62028
1	62028
1	62037
1	62037
1	62037
1	62037
1	62037
1	62037
1	62037
1	62037
1	62037
1	62037
1	62037
1	62037
1	62037
1	62037
1	62037
1	62037
1	62037
1	62037
1	62037
1	62037
1	62037
1	62037
1	62037
1	62037
1	62064
1	62073
1	62073
1	62073
1	62073
1	62073
1	62073
1	62073
1	62073
1	62073
1	62073
1	62073
1	62073
1	62073
1	62073
1	62073
1	62073
1	62073
1	62073
1	62073
1	62073
1	62073
1	62073
1	62073
1	62110
1	62110
1	62110
1	62110
1	62110
1	62110
1	62110
1	62110
1	62110
1	62110
1	62110
1	62110
1	62110
1	62110
1	62110
1	62110
1	62110
1	62110
1	62110
1	62110
1	62110
1	62119
1	62119
1	62119
1	62119
1	62119
1	62119
1	62119
1	62147
1	62147
1	62147
1	62147
1	62147
1	62147
1	62147
1	62147
1	62147
1	62147
1	62147
1	62147
1	62147
1	62147
1	62156
1	62156
1	62156
1	62156
1	62156
1	62156
1	62156
1	62156
1	62156
1	62156
1	62184
1	62184
1	62184
1	62184
1	62184
1	62184
1	62184
1	62184
1	62184
1	62193
1	62193
1	62193
1	62193
1	62193
1	62193
1	62193
1	62193
1	62193
1	62193
1	62193
1	62193
1	62193
1	62193
1	62193
1	62193
1	62221
1	62221
1	62221
1	62221
1	62230
1	62230
1	62230
1	62230
1	62230
1	62230
1	62230
1	62230
1	62230
1	62230
1	62230
1	62230
1	62230
1	62230
1	62230
1	62230
1	62230
1	62230
1	62230
1	62230
1	62230
1	62230
1	62258
1	62267
1	62267
1	62267
1	62267
1	62267
1	62267
1	62267
1	62267
1	62267
1	62267
1	62267
1	62267
1	62267
1	62267
1	62267
1	62267
1	62267
1	62267
1	62267
1	62267
1	62267
1	62267
1	62267
1	62267
1	62267
1	62267
1	62267
1	62267
1	62267
1	62267
1	62267
1	62304
1	62304
1	62304
1	62304
1	62304
1	62304
1	62304
1	62304
1	62304
1	62304
1	62304
1	62304
1	62304
1	62304
1	62304
1	62304
1	62304
1	62304
1	62304
1	62304
1	62304
1	62313
1	62341
1	62341
1	62341
1	62341
1	62341
1	62341
1	62341
1	62341
1	62341
1	62341
1	62341
1	62341
1	62341
1	62341
1	62341
1	62350
1	62350
1	62350
1	62350
1	62350
1	62350
1	62378
1	62378
1	62378
1	62378
1	62378
1	62378
1	62378
1	62378
1	62378
1	62378
1	62378
1	62387
1	62387
1	62387
1	62387
1	62387
1	62387
1	62387
1	62387
1	62387
1	62387
1	62387
1	62387
1	62387
1	62387
1	62387
1	62387
1	62415
1	62415
1	62415
1	62415
1	62425
1	62425
1	62425
1	62425
1	62425
1	62425
1	62425
1	62425
1	62425
1	62425
1	62425
1	62425
1	62425
1	62425
1	62425
1	62425
1	62425
1	62425
1	62425
1	62452
1	62452
1	62452
1	62452
1	62452
1	62462
1	62462
1	62462
1	62462
1	62462
1	62462
1	62462
1	62462
1	62462
1	62462
1	62462
1	62462
1	62462
1	62462
1	62462
1	62462
1	62462
1	62462
1	62462
1	62462
1	62462
1	62462
1	62462
1	62462
1	62462
1	62462
1	62462
1	62499
1	62499
1	62499
1	62499
1	62499
1	62499
1	62499
1	62499
1	62499
1	62499
1	62499
1	62499
1	62499
1	62499
1	62499
1	62499
1	62499
1	62499
1	62508
1	62508
1	62508
1	62508
1	62508
1	62536
1	62536
1	62536
1	62536
1	62536
1	62536
1	62536
1	62536
1	62536
1	62536
1	62536
1	62536
1	62536
1	62536
1	62546
1	62546
1	62546
1	62546
1	62546
1	62546
1	62574
1	62574
1	62574
1	62574
1	62574
1	62574
1	62574
1	62574
1	62574
1	62574
1	62574
1	62574
1	62574
1	62583
1	62583
1	62583
1	62583
1	62583
1	62583
1	62583
1	62583
1	62583
1	62583
1	62583
1	62583
1	62583
1	62611
1	62611
1	62611
1	62611
1	62611
1	62620
1	62620
1	62620
1	62620
1	62620
1	62620
1	62620
1	62620
1	62620
1	62620
1	62620
1	62620
1	62620
1	62620
1	62620
1	62620
1	62648
1	62648
1	62648
1	62658
1	62658
1	62658
1	62658
1	62658
1	62658
1	62658
1	62658
1	62658
1	62658
1	62658
1	62658
1	62658
1	62658
1	62658
1	62658
1	62658
1	62658
1	62695
1	62695
1	62695
1	62695
1	62695
1	62695
1	62695
1	62695
1	62695
1	62695
1	62695
1	62695
1	62695
1	62695
1	62695
1	62695
1	62695
1	62695
1	62704
1	62704
1	62733
1	62733
1	62733
1	62733
1	62733
1	62733
1	62733
1	62733
1	62733
1	62733
1	62733
1	62733
1	62733
1	62733
1	62733
1	62733
1	62733
1	62733
1	62733
1	62742
1	62742
1	62770
1	62770
1	62770
1	62770
1	62770
1	62770
1	62770
1	62770
1	62770
1	62780
1	62780
1	62780
1	62780
1	62780
1	62780
1	62780
1	62780
1	62780
1	62780
1	62780
1	62780
1	62780
1	62780
1	62808
1	62808
1	62808
1	62808
1	62808
1	62808
1	62817
1	62817
1	62817
1	62817
1	62817
1	62817
1	62817
1	62817
1	62817
1	62817
1	62817
1	62817
1	62817
1	62817
1	62817
1	62845
1	62845
1	62845
1	62845
1	62855
1	62855
1	62855
1	62855
1	62855
1	62855
1	62855
1	62855
1	62855
1	62855
1	62855
1	62855
1	62855
1	62855
1	62855
1	62855
1	62855
1	62855
1	62855
1	62893
1	62893
1	62893
1	62893
1	62893
1	62893
1	62893
1	62893
1	62893
1	62893
1	62893
1	62893
1	62893
1	62893
1	62893
1	62893
1	62893
1	62893
1	62893
1	62893
1	62893
1	62893
1	62893
1	62893
1	62902
1	62902
1	62902
1	62930
1	62930
1	62930
1	62930
1	62930
1	62930
1	62930
1	62930
1	62930
1	62930
1	62930
1	62930
1	62930
1	62930
1	62930
1	62930
1	62930
1	62930
1	62940
1	62940
1	62940
1	62940
1	62968
1	62968
1	62968
1	62968
1	62968
1	62968
1	62968
1	62968
1	62968
1	62968
1	62968
1	62968
1	62968
1	62968
1	62968
1	62978
1	62978
1	62978
1	62978
1	63006
1	63006
1	63006
1	63006
1	63006
1	63006
1	63006
1	63006
1	63006
1	63006
1	63006
1	63006
1	63015
1	63015
1	63015
1	63015
1	63015
1	63015
1	63015
1	63015
1	63015
1	63015
1	63015
1	63015
1	63015
1	63015
1	63015
1	63044
1	63044
1	63053
1	63053
1	63053
1	63053
1	63053
1	63053
1	63053
1	63053
1	63053
1	63053
1	63053
1	63053
1	63053
1	63053
1	63053
1	63091
1	63091
1	63091
1	63091
1	63091
1	63091
1	63091
1	63091
1	63091
1	63091
1	63091
1	63091
1	63091
1	63091
1	63091
1	63091
1	63091
1	63091
1	63091
1	63091
1	63091
1	63091
1	63091
1	63101
1	63101
1	63129
1	63129
1	63129
1	63129
1	63129
1	63129
1	63129
1	63129
1	63129
1	63129
1	63129
1	63139
1	63139
1	63139
1	63139
1	63139
1	63167
1	63167
1	63167
1	63167
1	63167
1	63167
1	63167
1	63167
1	63167
1	63167
1	63167
1	63177
1	63177
1	63177
1	63177
1	63177
1	63177
1	63177
1	63177
1	63205
1	63205
1	63205
1	63205
1	63205
1	63215
1	63215
1	63215
1	63215
1	63215
1	63215
1	63215
1	63215
1	63243
1	63243
1	63243
1	63243
1	63243
1	63253
1	63253
1	63253
1	63253
1	63253
1	63253
1	63253
1	63253
1	63253
1	63253
1	63253
1	63253
1	63253
1	63253
1	63253
1	63253
1	63253
1	63253
1	63253
1	63253
1	63253
1	63253
1	63253
1	63253
1	63253
1	63291
1	63291
1	63291
1	63291
1	63291
1	63291
1	63291
1	63291
1	63291
1	63291
1	63291
1	63291
1	63291
1	63291
1	63291
1	63291
1	63291
1	63291
1	63291
1	63291
1	63291
1	63291
1	63291
1	63291
1	63291
1	63291
1	63291
1	63291
1	63329
1	63329
1	63329
1	63329
1	63329
1	63329
1	63329
1	63329
1	63329
1	63329
1	63329
1	63329
1	63329
1	63329
1	63329
1	63339
1	63339
1	63339
1	63368
1	63368
1	63368
1	63368
1	63368
1	63368
1	63368
1	63368
1	63368
1	63368
1	63368
1	63368
1	63368
1	63368
1	63368
1	63368
1	63368
1	63368
1	63377
1	63377
1	63377
1	63377
1	63377
1	63377
1	63377
1	63377
1	63377
1	63377
1	63377
1	63406
1	63406
1	63406
1	63406
1	63406
1	63406
1	63406
1	63406
1	63406
1	63406
1	63406
1	63416
1	63416
1	63416
1	63416
1	63416
1	63416
1	63416
1	63416
1	63416
1	63416
1	63416
1	63416
1	63416
1	63416
1	63416
1	63444
1	63444
1	63444
1	63444
1	63454
1	63454
1	63454
1	63454
1	63454
1	63454
1	63454
1	63454
1	63454
1	63454
1	63454
1	63454
1	63454
1	63454
1	63454
1	63454
1	63454
1	63454
1	63492
1	63492
1	63492
1	63492
1	63492
1	63492
1	63492
1	63492
1	63492
1	63492
1	63492
1	63492
1	63492
1	63492
1	63531
1	63531
1	63531
1	63531
1	63531
1	63531
1	63531
1	63531
1	63531
1	63531
1	63531
1	63531
1	63531
1	63531
1	63531
1	63540
1	63540
1	63540
1	63569
1	63569
1	63569
1	63569
1	63569
1	63569
1	63569
1	63569
1	63569
1	63569
1	63569
1	63569
1	63569
1	63569
1	63579
1	63579
1	63579
1	63579
1	63608
1	63608
1	63608
1	63608
1	63608
1	63608
1	63608
1	63608
1	63608
1	63608
1	63608
1	63618
1	63618
1	63618
1	63618
1	63618
1	63618
1	63618
1	63618
1	63646
1	63646
1	63646
1	63646
1	63646
1	63646
1	63656
1	63656
1	63656
1	63656
1	63656
1	63656
1	63656
1	63656
1	63656
1	63656
1	63656
1	63656
1	63656
1	63656
1	63656
1	63656
1	63656
1	63656
1	63685
1	63685
1	63695
1	63695
1	63695
1	63695
1	63695
1	63695
1	63695
1	63695
1	63695
1	63695
1	63695
1	63695
1	63695
1	63695
1	63695
1	63695
1	63695
1	63695
1	63695
1	63695
1	63695
1	63695
1	63695
1	63734
1	63734
1	63734
1	63734
1	63734
1	63734
1	63734
1	63734
1	63734
1	63734
1	63734
1	63734
1	63734
1	63734
1	63734
1	63734
1	63743
1	63743
1	63772
1	63772
1	63772
1	63772
1	63772
1	63772
1	63772
1	63772
1	63772
1	63772
1	63772
1	63772
1	63772
1	63772
1	63772
1	63772
1	63772
1	63772
1	63782
1	63782
1	63782
1	63782
1	63782
1	63782
1	63782
1	63782
1	63782
1	63811
1	63811
1	63811
1	63811
1	63811
1	63811
1	63811
1	63811
1	63811
1	63811
1	63811
1	63811
1	63821
1	63821
1	63821
1	63821
1	63821
1	63821
1	63850
1	63850
1	63850
1	63850
1	63850
1	63860
1	63860
1	63860
1	63860
1	63860
1	63860
1	63860
1	63860
1	63860
1	63860
1	63860
1	63889
1	63889
1	63899
1	63899
1	63899
1	63899
1	63899
1	63899
1	63899
1	63899
1	63899
1	63899
1	63899
1	63899
1	63899
1	63899
1	63899
1	63938
1	63938
1	63938
1	63938
1	63938
1	63938
1	63938
1	63938
1	63938
1	63938
1	63938
1	63938
1	63938
1	63938
1	63938
1	63947
1	63947
1	63947
1	63977
1	63977
1	63977
1	63977
1	63977
1	63977
1	63977
1	63977
1	63977
1	63977
1	63977
1	63977
1	63977
1	63977
1	63977
1	63977
1	63977
1	63977
1	63977
1	63977
1	63986
1	63986
1	63986
1	63986
1	63986
1	64016
1	64016
1	64016
1	64016
1	64016
1	64016
1	64016
1	64025
1	64025
1	64025
1	64025
1	64025
1	64025
1	64025
1	64025
1	64025
1	64025
1	64055
1	64055
1	64055
1	64055
1	64055
1	64055
1	64065
1	64065
1	64065
1	64065
1	64065
1	64065
1	64065
1	64065
1	64065
1	64065
1	64094
1	64094
1	64094
1	64094
1	64104
1	64104
1	64104
1	64104
1	64104
1	64104
1	64104
1	64104
1	64104
1	64104
1	64104
1	64104
1	64104
1	64104
1	64104
1	64104
1	64104
1	64104
1	64104
1	64104
1	64104
1	64104
1	64104
1	64143
1	64143
1	64143
1	64143
1	64143
1	64143
1	64143
1	64143
1	64143
1	64143
1	64143
1	64143
1	64143
1	64143
1	64143
1	64143
1	64182
1	64182
1	64182
1	64182
1	64182
1	64182
1	64182
1	64182
1	64182
1	64182
1	64182
1	64182
1	64182
1	64182
1	64182
1	64192
1	64192
1	64192
1	64192
1	64192
1	64192
1	64192
1	64192
1	64192
1	64192
1	64192
1	64192
1	64192
1	64221
1	64221
1	64221
1	64221
1	64221
1	64221
1	64221
1	64221
1	64221
1	64221
1	64221
1	64231
1	64231
1	64231
1	64231
1	64231
1	64231
1	64231
1	64231
1	64261
1	64261
1	64261
1	64261
1	64261
1	64261
1	64261
1	64261
1	64261
1	64261
1	64261
1	64261
1	64271
1	64271
1	64271
1	64271
1	64271
1	64271
1	64271
1	64271
1	64271
1	64271
1	64271
1	64271
1	64271
1	64271
1	64271
1	64300
1	64300
1	64300
1	64300
1	64310
1	64310
1	64310
1	64310
1	64310
1	64310
1	64310
1	64310
1	64310
1	64310
1	64310
1	64310
1	64310
1	64310
1	64310
1	64310
1	64310
1	64310
1	64350
1	64350
1	64350
1	64350
1	64350
1	64350
1	64350
1	64350
1	64350
1	64350
1	64350
1	64350
1	64350
1	64350
1	64350
1	64350
1	64350
1	64350
1	64350
1	64389
1	64389
1	64389
1	64389
1	64389
1	64389
1	64389
1	64389
1	64389
1	64389
1	64389
1	64389
1	64389
1	64389
1	64389
1	64399
1	64399
1	64399
1	64399
1	64399
1	64399
1	64429
1	64429
1	64429
1	64429
1	64429
1	64429
1	64429
1	64429
1	64439
1	64439
1	64439
1	64439
1	64439
1	64439
1	64439
1	64439
1	64468
1	64468
1	64468
1	64468
1	64468
1	64468
1	64468
1	64478
1	64478
1	64478
1	64478
1	64478
1	64478
1	64478
1	64478
1	64478
1	64478
1	64478
1	64478
1	64508
1	64508
1	64508
1	64518
1	64518
1	64518
1	64518
1	64518
1	64518
1	64518
1	64518
1	64518
1	64518
1	64518
1	64518
1	64518
1	64518
1	64518
1	64518
1	64518
1	64518
1	64518
1	64558
1	64558
1	64558
1	64558
1	64558
1	64558
1	64558
1	64558
1	64558
1	64558
1	64558
1	64558
1	64558
1	64558
1	64558
1	64558
1	64558
1	64558
1	64558
1	64558
1	64558
1	64558
1	64558
1	64597
1	64597
1	64597
1	64597
1	64597
1	64597
1	64597
1	64597
1	64597
1	64597
1	64607
1	64607
1	64607
1	64637
1	64637
1	64637
1	64637
1	64637
1	64637
1	64647
1	64647
1	64647
1	64647
1	64647
1	64647
1	64677
1	64677
1	64677
1	64677
1	64677
1	64677
1	64687
1	64687
1	64687
1	64687
1	64687
1	64687
1	64687
1	64687
1	64687
1	64687
1	64687
1	64687
1	64687
1	64717
1	64717
1	64717
1	64717
1	64727
1	64727
1	64727
1	64727
1	64727
1	64727
1	64727
1	64727
1	64727
1	64727
1	64727
1	64727
1	64727
1	64727
1	64727
1	64767
1	64767
1	64767
1	64767
1	64767
1	64767
1	64767
1	64767
1	64767
1	64767
1	64767
1	64767
1	64767
1	64767
1	64767
1	64767
1	64767
1	64767
1	64767
1	64767
1	64767
1	64767
1	64767
1	64767
1	64767
1	64767
1	64767
1	64767
1	64807
1	64807
1	64807
1	64807
1	64807
1	64807
1	64807
1	64807
1	64807
1	64807
1	64807
1	64807
1	64807
1	64807
1	64807
1	64807
1	64817
1	64817
1	64817
1	64817
1	64847
1	64847
1	64847
1	64847
1	64847
1	64847
1	64847
1	64847
1	64847
1	64847
1	64847
1	64857
1	64857
1	64857
1	64857
1	64857
1	64857
1	64857
1	64857
1	64887
1	64887
1	64887
1	64887
1	64887
1	64897
1	64897
1	64897
1	64897
1	64897
1	64897
1	64927
1	64927
1	64927
1	64927
1	64927
1	64927
1	64927
1	64937
1	64937
1	64937
1	64937
1	64937
1	64937
1	64937
1	64937
1	64937
1	64937
1	64937
1	64937
1	64937
1	64937
1	64937
1	64968
1	64978
1	64978
1	64978
1	64978
1	64978
1	64978
1	64978
1	64978
1	64978
1	64978
1	64978
1	64978
1	64978
1	64978
1	64978
1	64978
1	64978
1	64978
1	64978
1	65018
1	65018
1	65018
1	65018
1	65018
1	65018
1	65018
1	65018
1	65018
1	65018
1	65018
1	65018
1	65018
1	65018
1	65018
1	65028
1	65028
1	65028
1	65028
1	65028
1	65028
1	65028
1	65028
1	65028
1	65058
1	65058
1	65058
1	65058
1	65058
1	65058
1	65058
1	65058
1	65058
1	65058
1	65058
1	65068
1	65068
1	65068
1	65068
1	65099
1	65099
1	65099
1	65099
1	65099
1	65099
1	65099
1	65099
1	65099
1	65099
1	65099
1	65109
1	65109
1	65109
1	65109
1	65109
1	65109
1	65109
1	65109
1	65109
1	65109
1	65109
1	65109
1	65139
1	65139
1	65139
1	65139
1	65139
1	65139
1	65139
1	65149
1	65149
1	65149
1	65149
1	65149
1	65149
1	65149
1	65149
1	65149
1	65149
1	65149
1	65149
1	65149
1	65149
1	65149
1	65149
1	65149
1	65149
1	65180
1	65180
1	65190
1	65190
1	65190
1	65190
1	65190
1	65190
1	65190
1	65190
1	65190
1	65190
1	65190
1	65190
1	65190
1	65190
1	65190
1	65230
1	65230
1	65230
1	65230
1	65230
1	65230
1	65230
1	65230
1	65230
1	65230
1	65230
1	65230
1	65230
1	65230
1	65230
1	65230
1	65230
1	65230
1	65230
1	65230
1	65230
1	65240
1	65271
1	65271
1	65271
1	65271
1	65271
1	65271
1	65271
1	65271
1	65271
1	65271
1	65271
1	65271
1	65271
1	65271
1	65271
1	65271
1	65271
1	65271
1	65271
1	65271
1	65281
1	65281
1	65281
1	65281
1	65281
1	65281
1	65281
1	65281
1	65281
1	65281
1	65311
1	65311
1	65311
1	65311
1	65311
1	65311
1	65311
1	65322
1	65322
1	65322
1	65322
1	65322
1	65322
1	65322
1	65322
1	65322
1	65322
1	65322
1	65322
1	65322
1	65352
1	65352
1	65352
1	65352
1	65352
1	65362
1	65362
1	65362
1	65362
1	65362
1	65362
1	65362
1	65362
1	65362
1	65362
1	65362
1	65362
1	65362
1	65393
1	65403
1	65403
1	65403
1	65403
1	65403
1	65403
1	65403
1	65403
1	65403
1	65403
1	65403
1	65444
1	65444
1	65444
1	65444
1	65444
1	65444
1	65444
1	65444
1	65444
1	65444
1	65444
1	65444
1	65444
1	65444
1	65444
1	65444
1	65454
1	65454
1	65485
1	65485
1	65485
1	65485
1	65485
1	65485
1	65485
1	65485
1	65485
1	65485
1	65485
1	65485
1	65485
1	65485
1	65495
1	65495
1	65495
1	65495
1	65495
1	65495
1	65495
1	65495
1	65526
1	65526
1	65526
1	65526
1	65526
1	65526
1	65526
1	65526
1	65526
1	65526
1	65526
1	65526
1	65536
1	65536
1	65536
1	65536
1	65536
1	65536
1	65536
1	65567
1	65567
1	65567
1	65567
1	65577
1	65577
1	65577
1	65577
1	65577
1	65577
1	65577
1	65577
1	65577
1	65577
1	65577
1	65577
1	65577
1	65577
1	65577
1	65577
1	65577
1	65577
1	65577
1	65577
1	65608
1	65608
1	65608
1	65608
1	65618
1	65618
1	65618
1	65618
1	65618
1	65618
1	65618
1	65618
1	65618
1	65618
1	65618
1	65618
1	65618
1	65618
1	65618
1	65618
1	65618
1	65618
1	65618
1	65618
1	65659
1	65659
1	65659
1	65659
1	65659
1	65659
1	65659
1	65659
1	65659
1	65659
1	65659
1	65669
1	65669
1	65669
1	65700
1	65700
1	65700
1	65700
1	65700
1	65700
1	65700
1	65700
1	65700
1	65700
1	65700
1	65700
1	65700
1	65711
1	65711
1	65711
1	65711
1	65711
1	65711
1	65711
1	65741
1	65741
1	65741
1	65741
1	65741
1	65741
1	65741
1	65741
1	65741
1	65741
1	65741
1	65741
1	65752
1	65752
1	65752
1	65752
1	65752
1	65752
1	65752
1	65752
1	65752
1	65752
1	65783
1	65783
1	65783
1	65783
1	65783
1	65783
1	65783
1	65793
1	65793
1	65793
1	65793
1	65793
1	65793
1	65793
1	65793
1	65793
1	65824
1	65834
1	65834
1	65834
1	65834
1	65834
1	65834
1	65834
1	65834
1	65834
1	65834
1	65834
1	65834
1	65834
1	65834
1	65834
1	65834
1	65834
1	65834
1	65876
1	65876
1	65876
1	65876
1	65876
1	65876
1	65876
1	65876
1	65876
1	65876
1	65876
1	65876
1	65876
1	65876
1	65876
1	65876
1	65917
1	65917
1	65917
1	65917
1	65917
1	65917
1	65917
1	65917
1	65917
1	65917
1	65917
1	65927
1	65927
1	65927
1	65927
1	65927
1	65927
1	65927
1	65959
1	65959
1	65959
1	65959
1	65959
1	65959
1	65959
1	65969
1	65969
1	65969
1	65969
1	65969
1	65969
1	66000
1	66000
1	66000
1	66000
1	66000
1	66000
1	66000
1	66000
1	66000
1	66000
1	66010
1	66010
1	66010
1	66010
1	66010
1	66010
1	66010
1	66010
1	66010
1	66010
1	66010
1	66010
1	66010
1	66010
1	66042
1	66042
1	66042
1	66042
1	66042
1	66052
1	66052
1	66052
1	66052
1	66052
1	66052
1	66052
1	66052
1	66052
1	66052
1	66052
1	66094
1	66094
1	66094
1	66094
1	66094
1	66094
1	66094
1	66094
1	66094
1	66094
1	66094
1	66094
1	66094
1	66094
1	66094
1	66094
1	66094
1	66135
1	66135
1	66135
1	66135
1	66135
1	66135
1	66135
1	66135
1	66135
1	66135
1	66135
1	66135
1	66135
1	66135
1	66146
1	66177
1	66177
1	66177
1	66177
1	66177
1	66177
1	66177
1	66177
1	66177
1	66177
1	66177
1	66188
1	66188
1	66188
1	66188
1	66219
1	66219
1	66219
1	66219
1	66219
1	66219
1	66219
1	66229
1	66229
1	66229
1	66229
1	66229
1	66229
1	66229
1	66229
1	66229
1	66261
1	66261
1	66261
1	66261
1	66261
1	66271
1	66271
1	66271
1	66271
1	66271
1	66271
1	66271
1	66271
1	66271
1	66313
1	66313
1	66313
1	66313
1	66313
1	66313
1	66313
1	66313
1	66313
1	66313
1	66313
1	66313
1	66313
1	66313
1	66313
1	66355
1	66355
1	66355
1	66355
1	66355
1	66355
1	66355
1	66355
1	66355
1	66355
1	66355
1	66355
1	66355
1	66355
1	66355
1	66366
1	66366
1	66366
1	66366
1	66366
1	66366
1	66397
1	66397
1	66397
1	66397
1	66397
1	66397
1	66397
1	66397
1	66397
1	66397
1	66397
1	66397
1	66397
1	66397
1	66408
1	66408
1	66408
1	66416
1	66439
1	66439
1	66439
1	66439
1	66439
1	66439
1	66439
1	66439
1	66439
1	66439
1	66439
1	66439
1	66439
1	66439
1	66439
1	66450
1	66450
1	66450
1	66450
1	66450
1	66450
1	66450
1	66450
1	66450
1	66450
1	66450
1	66481
1	66481
1	66481
1	66492
1	66492
1	66492
1	66492
1	66492
1	66492
1	66492
1	66492
1	66492
1	66492
1	66492
1	66492
1	66492
1	66523
1	66523
1	66534
1	66534
1	66534
1	66534
1	66534
1	66534
1	66534
1	66534
1	66534
1	66534
1	66534
1	66534
1	66534
1	66534
1	66534
1	66534
1	66534
1	66534
1	66534
1	66534
1	66576
1	66576
1	66576
1	66576
1	66576
1	66576
1	66576
1	66576
1	66576
1	66576
1	66576
1	66576
1	66576
1	66576
1	66576
1	66576
1	66576
1	66576
1	66587
1	66587
1	66587
1	66619
1	66619
1	66619
1	66619
1	66619
1	66619
1	66619
1	66629
1	66629
1	66629
1	66629
1	66629
1	66661
1	66661
1	66661
1	66661
1	66661
1	66661
1	66661
1	66661
1	66661
1	66661
1	66671
1	66671
1	66671
1	66671
1	66671
1	66703
1	66703
1	66714
1	66714
1	66714
1	66714
1	66714
1	66714
1	66714
1	66714
1	66714
1	66714
1	66714
1	66714
1	66746
1	66746
1	66756
1	66756
1	66756
1	66756
1	66756
1	66756
1	66756
1	66756
1	66756
1	66756
1	66756
1	66756
1	66756
1	66756
1	66799
1	66799
1	66799
1	66799
1	66799
1	66799
1	66799
1	66799
1	66799
1	66799
1	66799
1	66799
1	66810
1	66810
1	66810
1	66841
1	66841
1	66841
1	66841
1	66841
1	66841
1	66841
1	66841
1	66841
1	66841
1	66841
1	66852
1	66852
1	66852
1	66852
1	66852
1	66852
1	66852
1	66884
1	66884
1	66884
1	66884
1	66884
1	66884
1	66884
1	66884
1	66884
1	66895
1	66895
1	66895
1	66895
1	66895
1	66895
1	66895
1	66927
1	66927
1	66927
1	66927
1	66927
1	66927
1	66927
1	66927
1	66938
1	66938
1	66938
1	66938
1	66938
1	66938
1	66938
1	66938
1	66938
1	66938
1	66980
1	66980
1	66980
1	66980
1	66980
1	66980
1	66980
1	66980
1	66980
1	66980
1	67023
1	67023
1	67023
1	67023
1	67023
1	67023
1	67023
1	67023
1	67023
1	67023
1	67023
1	67023
1	67023
1	67023
1	67023
1	67023
1	67023
1	67023
1	67023
1	67023
1	67023
1	67023
1	67023
1	67034
1	67034
1	67034
1	67034
1	67034
1	67066
1	67066
1	67066
1	67066
1	67066
1	67066
1	67066
1	67066
1	67066
1	67066
1	67066
1	67066
1	67077
1	67077
1	67077
1	67077
1	67077
1	67077
1	67077
1	67077
1	67077
1	67109
1	67109
1	67109
1	67109
1	67109
1	67109
1	67109
1	67109
1	67120
1	67120
1	67120
1	67120
1	67120
1	67120
1	67120
1	67120
1	67120
1	67120
1	67152
1	67152
1	67152
1	67152
1	67152
1	67152
1	67163
1	67163
1	67163
1	67163
1	67163
1	67163
1	67163
1	67163
1	67163
1	67163
1	67163
1	67163
1	67163
1	67163
1	67163
1	67163
1	67163
1	67163
1	67163
1	67163
1	67163
1	67195
1	67195
1	67206
1	67206
1	67206
1	67206
1	67206
1	67206
1	67206
1	67206
1	67206
1	67206
1	67206
1	67206
1	67206
1	67206
1	67206
1	67249
1	67249
1	67249
1	67249
1	67249
1	67249
1	67249
1	67249
1	67249
1	67249
1	67249
1	67249
1	67249
1	67249
1	67249
1	67249
1	67260
1	67292
1	67292
1	67292
1	67292
1	67292
1	67292
1	67292
1	67292
1	67292
1	67292
1	67292
1	67292
1	67292
1	67292
1	67292
1	67292
1	67292
1	67292
1	67292
1	67292
1	67292
1	67292
1	67292
1	67303
1	67303
1	67303
1	67303
1	67303
1	67335
1	67335
1	67346
1	67346
1	67346
1	67346
1	67346
1	67378
1	67378
1	67378
1	67378
1	67378
1	67389
1	67389
1	67389
1	67389
1	67389
1	67389
1	67389
1	67389
1	67389
1	67389
1	67389
1	67389
1	67422
1	67433
1	67433
1	67433
1	67433
1	67433
1	67433
1	67433
1	67433
1	67433
1	67433
1	67433
1	67433
1	67433
1	67433
1	67476
1	67476
1	67476
1	67476
1	67476
1	67476
1	67476
1	67476
1	67476
1	67476
1	67476
1	67476
1	67476
1	67487
1	67519
1	67519
1	67519
1	67519
1	67519
1	67519
1	67519
1	67519
1	67519
1	67519
1	67519
1	67519
1	67530
1	67530
1	67530
1	67563
1	67563
1	67563
1	67563
1	67574
1	67574
1	67574
1	67574
1	67574
1	67574
1	67574
1	67606
1	67606
1	67606
1	67606
1	67606
1	67606
1	67606
1	67617
1	67617
1	67617
1	67617
1	67617
1	67617
1	67617
1	67617
1	67617
1	67650
1	67650
1	67650
1	67650
1	67661
1	67661
1	67661
1	67661
1	67661
1	67661
1	67661
1	67661
1	67661
1	67661
1	67661
1	67661
1	67661
1	67661
1	67661
1	67661
1	67661
1	67705
1	67705
1	67705
1	67705
1	67705
1	67705
1	67705
1	67705
1	67705
1	67705
1	67705
1	67705
1	67705
1	67705
1	67705
1	67705
1	67705
1	67705
1	67716
1	67748
1	67748
1	67748
1	67748
1	67748
1	67748
1	67748
1	67748
1	67792
1	67792
1	67792
1	67792
1	67792
1	67792
1	67792
1	67792
1	67792
1	67803
1	67803
1	67803
1	67803
1	67803
1	67803
1	67803
1	67803
1	67803
1	67836
1	67836
1	67836
1	67836
1	67836
1	67836
1	67836
1	67836
1	67847
1	67847
1	67847
1	67847
1	67847
1	67880
1	67880
1	67880
1	67880
1	67891
1	67891
1	67891
1	67891
1	67891
1	67891
1	67891
1	67891
1	67891
1	67891
1	67891
1	67891
1	67935
1	67935
1	67935
1	67935
1	67935
1	67935
1	67935
1	67935
1	67935
1	67935
1	67935
1	67935
1	67935
1	67979
1	67979
1	67979
1	67979
1	67979
1	67979
1	67979
1	67979
1	67979
1	67979
1	67979
1	67979
1	67979
1	67979
1	68023
1	68023
1	68023
1	68023
1	68023
1	68023
1	68023
1	68023
1	68023
1	68023
1	68023
1	68023
1	68023
1	68023
1	68023
1	68034
1	68034
1	68034
1	68034
1	68034
1	68034
1	68034
1	68034
1	68034
1	68034
1	68034
1	68067
1	68067
1	68067
1	68078
1	68078
1	68078
1	68078
1	68078
1	68078
1	68078
1	68123
1	68123
1	68123
1	68123
1	68123
1	68123
1	68123
1	68123
1	68123
1	68123
1	68123
1	68123
1	68123
1	68156
1	68156
1	68167
1	68167
1	68167
1	68167
1	68167
1	68167
1	68211
1	68211
1	68211
1	68211
1	68211
1	68211
1	68211
1	68211
1	68211
1	68211
1	68211
1	68211
1	68222
1	68256
1	68256
1	68256
1	68256
1	68256
1	68256
1	68256
1	68256
1	68256
1	68267
1	68267
1	68267
1	68300
1	68300
1	68300
1	68300
1	68300
1	68311
1	68311
1	68311
1	68311
1	68311
1	68311
1	68311
1	68311
1	68311
1	68311
1	68345
1	68356
1	68356
1	68356
1	68356
1	68356
1	68356
1	68356
1	68356
1	68389
1	68389
1	68400
1	68400
1	68400
1	68400
1	68400
1	68400
1	68445
1	68445
1	68445
1	68445
1	68445
1	68445
1	68445
1	68445
1	68445
1	68445
1	68445
1	68445
1	68445
1	68456
1	68490
1	68490
1	68490
1	68490
1	68490
1	68490
1	68490
1	68490
1	68490
1	68490
1	68490
1	68490
1	68490
1	68490
1	68501
1	68501
1	68501
1	68501
1	68501
1	68534
1	68534
1	68534
1	68534
1	68534
1	68534
1	68546
1	68546
1	68546
1	68546
1	68546
1	68546
1	68546
1	68546
1	68546
1	68546
1	68579
1	68579
1	68579
1	68579
1	68579
1	68590
1	68590
1	68590
1	68590
1	68590
1	68590
1	68590
1	68590
1	68590
1	68590
1	68624
1	68624
1	68635
1	68635
1	68635
1	68635
1	68635
1	68635
1	68635
1	68635
1	68635
1	68635
1	68635
1	68680
1	68680
1	68680
1	68680
1	68680
1	68680
1	68680
1	68680
1	68680
1	68680
1	68680
1	68680
1	68680
1	68692
1	68692
1	68725
1	68725
1	68725
1	68725
1	68725
1	68725
1	68725
1	68725
1	68725
1	68725
1	68725
1	68725
1	68725
1	68725
1	68725
1	68725
1	68725
1	68725
1	68725
1	68725
1	68725
1	68737
1	68737
1	68737
1	68737
1	68737
1	68737
1	68737
1	68737
1	68770
1	68770
1	68770
1	68770
1	68770
1	68770
1	68782
1	68782
1	68782
1	68782
1	68782
1	68782
1	68782
1	68782
1	68815
1	68827
1	68827
1	68827
1	68827
1	68827
1	68827
1	68827
1	68827
1	68827
1	68827
1	68827
1	68861
1	68872
1	68872
1	68872
1	68872
1	68872
1	68872
1	68872
1	68872
1	68872
1	68872
1	68872
1	68872
1	68872
1	68872
1	68872
1	68917
1	68917
1	68917
1	68917
1	68917
1	68917
1	68917
1	68917
1	68917
1	68917
1	68917
1	68963
1	68963
1	68963
1	68963
1	68963
1	68963
1	68963
1	68963
1	68963
1	68963
1	68963
1	68963
1	68974
1	68974
1	68974
1	69008
1	69008
1	69008
1	69008
1	69019
1	69019
1	69019
1	69019
1	69019
1	69019
1	69053
1	69053
1	69053
1	69053
1	69053
1	69065
1	69065
1	69065
1	69065
1	69065
1	69065
1	69065
1	69065
1	69099
1	69099
1	69110
1	69110
1	69110
1	69110
1	69110
1	69110
1	69110
1	69110
1	69110
1	69110
1	69110
1	69110
1	69110
1	69110
1	69156
1	69156
1	69156
1	69156
1	69156
1	69156
1	69156
1	69156
1	69156
1	69156
1	69156
1	69156
1	69156
1	69156
1	69156
1	69156
1	69156
1	69202
1	69202
1	69202
1	69202
1	69202
1	69202
1	69202
1	69202
1	69202
1	69213
1	69213
1	69213
1	69247
1	69247
1	69247
1	69247
1	69247
1	69247
1	69259
1	69259
1	69259
1	69259
1	69259
1	69259
1	69293
1	69293
1	69293
1	69304
1	69304
1	69304
1	69304
1	69304
1	69304
1	69304
1	69350
1	69350
1	69350
1	69350
1	69350
1	69350
1	69396
1	69396
1	69396
1	69396
1	69396
1	69396
1	69396
1	69396
1	69396
1	69442
1	69442
1	69442
1	69442
1	69442
1	69442
1	69442
1	69442
1	69454
1	69454
1	69454
1	69454
1	69454
1	69488
1	69488
1	69488
1	69488
1	69488
1	69488
1	69488
1	69488
1	69488
1	69488
1	69488
1	69488
1	69488
1	69500
1	69500
1	69534
1	69534
1	69534
1	69534
1	69534
1	69546
1	69546
1	69546
1	69546
1	69546
1	69546
1	69546
1	69580
1	69580
1	69592
1	69592
1	69592
1	69592
1	69592
1	69592
1	69592
1	69592
1	69592
1	69592
1	69638
1	69638
1	69638
1	69638
1	69638
1	69638
1	69638
1	69638
1	69638
1	69684
1	69684
1	69684
1	69684
1	69684
1	69684
1	69684
1	69684
1	69684
1	69684
1	69684
1	69684
1	69696
1	69696
1	69696
1	69696
1	69731
1	69731
1	69731
1	69731
1	69731
1	69731
1	69731
1	69731
1	69731
1	69742
1	69742
1	69742
1	69742
1	69742
1	69742
1	69777
1	69777
1	69777
1	69777
1	69777
1	69789
1	69789
1	69789
1	69789
1	69789
1	69789
1	69789
1	69824
1	69824
1	69835
1	69835
1	69835
1	69835
1	69835
1	69835
1	69835
1	69835
1	69835
1	69835
1	69835
1	69835
1	69882
1	69882
1	69882
1	69928
1	69928
1	69928
1	69928
1	69928
1	69928
1	69928
1	69928
1	69928
1	69928
1	69940
1	69940
1	69975
1	69975
1	69975
1	69975
1	69975
1	69975
1	69975
1	69975
1	69975
1	69987
1	69987
1	69987
1	69987
1	69987
1	69987
1	69987
1	70022
1	70022
1	70022
1	70022
1	70022
1	70022
1	70033
1	70033
1	70033
1	70033
1	70069
1	70069
1	70080
1	70080
1	70080
1	70080
1	70080
1	70080
1	70080
1	70080
1	70080
1	70080
1	70080
1	70080
1	70080
1	70115
1	70127
1	70127
1	70127
1	70127
1	70127
1	70127
1	70174
1	70174
1	70174
1	70174
1	70174
1	70174
1	70174
1	70186
1	70221
1	70221
1	70221
1	70221
1	70221
1	70221
1	70221
1	70221
1	70233
1	70233
1	70233
1	70233
1	70233
1	70233
1	70233
1	70233
1	70233
1	70233
1	70233
1	70268
1	70268
1	70268
1	70280
1	70280
1	70280
1	70280
1	70280
1	70280
1	70280
1	70315
1	70315
1	70315
1	70327
1	70327
1	70327
1	70327
1	70327
1	70327
1	70327
1	70327
1	70327
1	70327
1	70327
1	70327
1	70374
1	70374
1	70374
1	70374
1	70374
1	70374
1	70374
1	70374
1	70374
1	70421
1	70421
1	70421
1	70421
1	70421
1	70421
1	70421
1	70421
1	70433
1	70433
1	70469
1	70469
1	70469
1	70469
1	70469
1	70469
1	70469
1	70469
1	70469
1	70469
1	70469
1	70469
1	70481
1	70481
1	70481
1	70481
1	70516
1	70516
1	70516
1	70528
1	70528
1	70528
1	70528
1	70528
1	70528
1	70528
1	70528
1	70564
1	70564
1	70564
1	70564
1	70564
1	70564
1	70564
1	70564
1	70576
1	70576
1	70576
1	70576
1	70576
1	70576
1	70576
1	70576
1	70576
1	70576
1	70576
1	70576
1	70623
1	70623
1	70623
1	70623
1	70623
1	70623
1	70623
1	70623
1	70671
1	70671
1	70671
1	70671
1	70671
1	70671
1	70671
1	70671
1	70671
1	70671
1	70671
1	70671
1	70671
1	70718
1	70718
1	70718
1	70718
1	70718
1	70730
1	70730
1	70730
1	70766
1	70766
1	70766
1	70766
1	70766
1	70766
1	70778
1	70778
1	70814
1	70814
1	70814
1	70826
1	70826
1	70826
1	70826
1	70826
1	70826
1	70826
1	70862
1	70874
1	70874
1	70874
1	70874
1	70874
1	70874
1	70874
1	70922
1	70922
1	70922
1	70922
1	70922
1	70922
1	70922
1	70922
1	70922
1	70922
1	70922
1	70922
1	70922
1	70922
1	70922
1	70922
1	70922
1	70970
1	70970
1	70970
1	70970
1	70970
1	70970
1	70970
1	70982
1	70982
1	70982
1	71018
1	71018
1	71018
1	71018
1	71018
1	71018
1	71018
1	71018
1	71018
1	71018
1	71018
1	71018
1	71018
1	71030
1	71030
1	71030
1	71030
1	71030
1	71030
1	71066
1	71066
1	71078
1	71078
1	71078
1	71114
1	71126
1	71126
1	71126
1	71126
1	71126
1	71126
1	71174
1	71174
1	71174
1	71174
1	71174
1	71174
1	71174
1	71174
1	71174
1	71174
1	71174
1	71174
1	71174
1	71174
1	71174
1	71174
1	71174
1	71174
1	71223
1	71223
1	71223
1	71223
1	71223
1	71223
1	71223
1	71223
1	71223
1	71223
1	71223
1	71223
1	71223
1	71235
1	71235
1	71271
1	71271
1	71271
1	71271
1	71271
1	71271
1	71271
1	71271
1	71271
1	71283
1	71283
1	71283
1	71283
1	71283
1	71320
1	71320
1	71332
1	71332
1	71332
1	71332
1	71332
1	71332
1	71332
1	71332
1	71332
1	71332
1	71332
1	71332
1	71368
1	71368
1	71368
1	71368
1	71380
1	71380
1	71380
1	71380
1	71380
1	71380
1	71380
1	71429
1	71429
1	71429
1	71429
1	71429
1	71429
1	71429
1	71429
1	71429
1	71429
1	71429
1	71429
1	71429
1	71429
1	71478
1	71478
1	71478
1	71478
1	71478
1	71478
1	71478
1	71478
1	71478
1	71526
1	71526
1	71526
1	71526
1	71539
1	71539
1	71539
1	71539
1	71539
1	71575
1	71575
1	71575
1	71575
1	71575
1	71575
1	71587
1	71587
1	71587
1	71587
1	71587
1	71587
1	71587
1	71587
1	71624
1	71624
1	71636
1	71636
1	71636
1	71636
1	71636
1	71636
1	71636
1	71636
1	71636
1	71636
1	71673
1	71685
1	71685
1	71685
1	71685
1	71685
1	71685
1	71685
1	71685
1	71685
1	71685
1	71734
1	71734
1	71734
1	71734
1	71734
1	71734
1	71734
1	71734
1	71734
1	71734
1	71734
1	71734
1	71734
1	71734
1	71734
1	71747
1	71747
1	71747
1	71747
1	71747
1	71747
1	71783
1	71783
1	71783
1	71783
1	71783
1	71783
1	71783
1	71783
1	71783
1	71783
1	71783
1	71783
1	71796
1	71796
1	71796
1	71833
1	71833
1	71833
1	71833
1	71845
1	71845
1	71845
1	71845
1	71845
1	71882
1	71882
1	71882
1	71882
1	71894
1	71894
1	71894
1	71894
1	71894
1	71894
1	71894
1	71943
1	71943
1	71943
1	71943
1	71943
1	71943
1	71943
1	71943
1	71993
1	71993
1	71993
1	71993
1	71993
1	71993
1	72005
1	72042
1	72042
1	72042
1	72042
1	72042
1	72042
1	72042
1	72042
1	72042
1	72055
1	72055
1	72092
1	72092
1	72092
1	72092
1	72092
1	72092
1	72104
1	72104
1	72104
1	72104
1	72104
1	72104
1	72104
1	72104
1	72104
1	72141
1	72141
1	72154
1	72154
1	72154
1	72154
1	72154
1	72154
1	72154
1	72154
1	72191
1	72204
1	72204
1	72204
1	72204
1	72204
1	72204
1	72204
1	72204
1	72204
1	72204
1	72204
1	72204
1	72204
1	72204
1	72253
1	72253
1	72253
1	72253
1	72253
1	72253
1	72253
1	72253
1	72253
1	72253
1	72266
1	72303
1	72303
1	72303
1	72303
1	72303
1	72303
1	72316
1	72316
1	72316
1	72316
1	72316
1	72316
1	72353
1	72353
1	72353
1	72353
1	72353
1	72353
1	72365
1	72365
1	72365
1	72365
1	72365
1	72403
1	72415
1	72415
1	72415
1	72415
1	72453
1	72453
1	72453
1	72516
1	72516
1	72516
1	72516
1	72516
1	72516
1	72516
1	72516
1	72516
1	72516
1	72516
1	72528
1	72566
1	72566
1	72566
1	72566
1	72566
1	72566
1	72566
1	72566
1	72566
1	72578
1	72578
1	72578
1	72616
1	72616
1	72616
1	72629
1	72629
1	72629
1	72666
1	72679
1	72679
1	72679
1	72679
1	72679
1	72729
1	72729
1	72729
1	72729
1	72729
1	72729
1	72729
1	72780
1	72780
1	72780
1	72780
1	72780
1	72780
1	72793
1	72830
1	72830
1	72830
1	72830
1	72830
1	72830
1	72881
1	72881
1	72894
1	72894
1	72894
1	72932
1	72932
1	72944
1	72944
1	72944
1	72944
1	72944
1	72944
1	72944
1	72944
1	72944
1	72944
1	72944
1	72982
1	72995
1	72995
1	72995
1	72995
1	72995
1	72995
1	72995
1	72995
1	73046
1	73046
1	73046
1	73046
1	73046
1	73046
1	73046
1	73046
1	73046
1	73097
1	73097
1	73097
1	73097
1	73097
1	73097
1	73097
1	73097
1	73110
1	73148
1	73148
1	73148
1	73148
1	73148
1	73148
1	73148
1	73161
1	73161
1	73161
1	73199
1	73199
1	73199
1	73212
1	73212
1	73212
1	73250
1	73250
1	73263
1	73263
1	73263
1	73263
1	73263
1	73314
1	73314
1	73314
1	73314
1	73314
1	73314
1	73314
1	73314
1	73314
1	73314
1	73314
1	73314
1	73314
1	73314
1	73365
1	73365
1	73365
1	73378
1	73378
1	73417
1	73417
1	73417
1	73417
1	73430
1	73468
1	73468
1	73468
1	73468
1	73468
1	73468
1	73468
1	73468
1	73481
1	73481
1	73481
1	73481
1	73481
1	73481
1	73520
1	73520
1	73520
1	73533
1	73533
1	73533
1	73533
1	73533
1	73533
1	73533
1	73533
1	73533
1	73533
1	73571
1	73584
1	73584
1	73584
1	73584
1	73584
1	73584
1	73636
1	73636
1	73636
1	73636
1	73636
1	73636
1	73636
1	73636
1	73636
1	73636
1	73649
1	73649
1	73688
1	73688
1	73688
1	73701
1	73701
1	73701
1	73701
1	73701
1	73740
1	73740
1	73752
1	73752
1	73752
1	73752
1	73752
1	73791
1	73791
1	73791
1	73804
1	73804
1	73804
1	73804
1	73804
1	73804
1	73804
1	73804
1	73843
1	73843
1	73856
1	73856
1	73856
1	73856
1	73856
1	73856
1	73856
1	73856
1	73856
1	73856
1	73908
1	73908
1	73908
1	73908
1	73908
1	73908
1	73908
1	73908
1	73908
1	73908
1	73908
1	73908
1	73921
1	73961
1	73961
1	73961
1	73961
1	73961
1	73974
1	74013
1	74013
1	74013
1	74026
1	74065
1	74065
1	74065
1	74078
1	74078
1	74078
1	74078
1	74117
1	74131
1	74131
1	74131
1	74131
1	74131
1	74131
1	74131
1	74131
1	74131
1	74131
1	74131
1	74183
1	74183
1	74183
1	74183
1	74183
1	74183
1	74235
1	74235
1	74235
1	74235
1	74235
1	74235
1	74235
1	74249
1	74288
1	74288
1	74288
1	74288
1	74288
1	74288
1	74301
1	74301
1	74301
1	74301
1	74301
1	74301
1	74301
1	74301
1	74301
1	74301
1	74301
1	74341
1	74354
1	74354
1	74407
1	74407
1	74407
1	74407
1	74407
1	74407
1	74407
1	74407
1	74460
1	74460
1	74460
1	74460
1	74460
1	74460
1	74473
1	74473
1	74512
1	74512
1	74512
1	74512
1	74512
1	74512
1	74512
1	74512
1	74512
1	74526
1	74526
1	74526
1	74526
1	74565
1	74565
1	74565
1	74565
1	74565
1	74565
1	74565
1	74565
1	74565
1	74565
1	74579
1	74579
1	74579
1	74579
1	74579
1	74579
1	74579
1	74579
1	74618
1	74618
1	74618
1	74618
1	74632
1	74632
1	74632
1	74632
1	74632
1	74672
1	74685
1	74685
1	74685
1	74685
1	74738
1	74738
1	74738
1	74738
1	74738
1	74738
1	74738
1	74738
1	74738
1	74738
1	74791
1	74791
1	74791
1	74791
1	74791
1	74791
1	74791
1	74791
1	74791
1	74805
1	74845
1	74845
1	74845
1	74845
1	74845
1	74845
1	74858
1	74858
1	74858
1	74858
1	74858
1	74898
1	74898
1	74912
1	74912
1	74912
1	74912
1	74912
1	74912
1	74965
1	74965
1	74965
1	74965
1	74965
1	74965
1	74965
1	74965
1	74965
1	74965
1	75019
1	75019
1	75019
1	75019
1	75019
1	75019
1	75019
1	75019
1	75019
1	75073
1	75073
1	75073
1	75073
1	75126
1	75126
1	75126
1	75126
1	75140
1	75140
1	75180
1	75180
1	75180
1	75180
1	75194
1	75194
1	75194
1	75194
1	75234
1	75234
1	75234
1	75234
1	75248
1	75248
1	75248
1	75248
1	75248
1	75248
1	75248
1	75248
1	75248
1	75248
1	75248
1	75302
1	75302
1	75302
1	75302
1	75302
1	75302
1	75302
1	75302
1	75356
1	75356
1	75356
1	75356
1	75356
1	75356
1	75356
1	75369
1	75369
1	75410
1	75410
1	75410
1	75410
1	75410
1	75424
1	75424
1	75424
1	75424
1	75424
1	75464
1	75464
1	75464
1	75464
1	75464
1	75464
1	75478
1	75478
1	75478
1	75478
1	75478
1	75478
1	75519
1	75532
1	75532
1	75532
1	75532
1	75573
1	75587
1	75587
1	75587
1	75587
1	75587
1	75641
1	75641
1	75641
1	75641
1	75641
1	75641
1	75641
1	75641
1	75641
1	75655
1	75696
1	75696
1	75696
1	75696
1	75696
1	75709
1	75709
1	75750
1	75750
1	75750
1	75750
1	75750
1	75750
1	75750
1	75750
1	75750
1	75764
1	75764
1	75764
1	75764
1	75764
1	75805
1	75805
1	75819
1	75819
1	75819
1	75819
1	75819
1	75860
1	75874
1	75874
1	75874
1	75874
1	75874
1	75874
1	75874
1	75874
1	75929
1	75929
1	75929
1	75929
1	75929
1	75942
1	75984
1	75984
1	75984
1	75984
1	75984
1	75984
1	75984
1	75984
1	75984
1	75998
1	75998
1	76039
1	76039
1	76039
1	76039
1	76039
1	76039
1	76053
1	76053
1	76053
1	76053
1	76094
1	76108
1	76108
1	76108
1	76108
1	76163
1	76163
1	76163
1	76163
1	76163
1	76163
1	76218
1	76218
1	76218
1	76218
1	76218
1	76218
1	76232
1	76274
1	76274
1	76274
1	76274
1	76274
1	76274
1	76274
1	76288
1	76288
1	76288
1	76329
1	76329
1	76329
1	76329
1	76343
1	76343
1	76385
1	76399
1	76399
1	76399
1	76399
1	76399
1	76455
1	76455
1	76455
1	76455
1	76455
1	76455
1	76455
1	76455
1	76455
1	76455
1	76510
1	76510
1	76510
1	76510
1	76510
1	76510
1	76566
1	76566
1	76566
1	76566
1	76566
1	76566
1	76566
1	76580
1	76580
1	76580
1	76622
1	76622
1	76622
1	76622
1	76622
1	76627
1	76636
1	76636
1	76678
1	76678
1	76678
1	76678
1	76692
1	76692
1	76692
1	76692
1	76692
1	76692
1	76692
1	76748
1	76748
1	76748
1	76748
1	76805
1	76805
1	76805
1	76805
1	76805
1	76805
1	76805
1	76805
1	76805
1	76805
1	76819
1	76861
1	76861
1	76861
1	76861
1	76861
1	76861
1	76861
1	76875
1	76875
1	76875
1	76917
1	76917
1	76917
1	76917
1	76917
1	76917
1	76931
1	76931
1	76931
1	76974
1	76988
1	76988
1	76988
1	77030
1	77045
1	77045
1	77045
1	77045
1	77045
1	77087
1	77101
1	77101
1	77101
1	77101
1	77101
1	77101
1	77101
1	77101
1	77158
1	77158
1	77158
1	77158
1	77158
1	77158
1	77158
1	77158
1	77158
1	77158
1	77172
1	77215
1	77215
1	77229
1	77229
1	77229
1	77229
1	77272
1	77272
1	77286
1	77286
1	77286
1	77286
1	77329
1	77343
1	77343
1	77343
1	77400
1	77400
1	77400
1	77400
1	77400
1	77400
1	77400
1	77400
1	77400
1	77400
1	77400
1	77457
1	77457
1	77457
1	77457
1	77471
1	77471
1	77471
1	77514
1	77514
1	77514
1	77514
1	77514
1	77514
1	77529
1	77572
1	77586
1	77586
1	77644
1	77644
1	77644
1	77644
1	77644
1	77644
1	77644
1	77644
1	77701
1	77701
1	77701
1	77701
1	77701
1	77701
1	77701
1	77759
1	77759
1	77759
1	77759
1	77759
1	77773
1	77773
1	77816
1	77816
1	77816
1	77816
1	77816
1	77816
1	77816
1	77831
1	77874
1	77874
1	77874
1	77932
1	77932
1	77947
1	77947
1	77947
1	77947
1	77947
1	77947
1	77947
1	77947
1	77947
1	77947
1	77947
1	77947
1	77990
1	77990
1	78005
1	78005
1	78005
1	78005
1	78005
1	78005
1	78005
1	78005
1	78005
1	78005
1	78063
1	78063
1	78063
1	78063
1	78063
1	78121
1	78121
1	78121
1	78121
1	78121
1	78121
1	78121
1	78121
1	78121
1	78135
1	78179
1	78179
1	78179
1	78179
1	78179
1	78194
1	78194
1	78194
1	78237
1	78237
1	78237
1	78237
1	78237
1	78252
1	78252
1	78252
1	78252
1	78252
1	78310
1	78310
1	78310
1	78310
1	78310
1	78310
1	78310
1	78310
1	78310
1	78369
1	78369
1	78369
1	78369
1	78369
1	78369
1	78369
1	78369
1	78384
1	78428
1	78428
1	78428
1	78442
1	78442
1	78442
1	78486
1	78486
1	78486
1	78501
1	78545
1	78545
1	78560
1	78560
1	78560
1	78560
1	78619
1	78619
1	78619
1	78619
1	78678
1	78678
1	78678
1	78678
1	78678
1	78678
1	78678
1	78678
1	78678
1	78678
1	78737
1	78737
1	78751
1	78796
1	78796
1	78796
1	78796
1	78796
1	78796
1	78811
1	78811
1	78811
1	78811
1	78855
1	78855
1	78855
1	78855
1	78855
1	78870
1	78870
1	78870
1	78914
1	78929
1	78929
1	78929
1	78929
1	78929
1	78929
1	78929
1	78929
1	78989
1	78989
1	78989
1	78989
1	78989
1	78989
1	79048
1	79048
1	79048
1	79048
1	79048
1	79063
1	79063
1	79108
1	79108
1	79108
1	79108
1	79108
1	79123
1	79123
1	79123
1	79123
1	79123
1	79123
1	79123
1	79168
1	79168
1	79183
1	79183
1	79183
1	79183
1	79183
1	79228
1	79228
1	79228
1	79242
1	79242
1	79242
1	79242
1	79302
1	79302
1	79302
1	79302
1	79302
1	79302
1	79302
1	79302
1	79302
1	79362
1	79362
1	79362
1	79377
1	79423
1	79423
1	79438
1	79438
1	79438
1	79483
1	79483
1	79498
1	79498
1	79498
1	79498
1	79543
1	79543
1	79543
1	79558
1	79558
1	79558
1	79558
1	79558
1	79558
1	79558
1	79558
1	79558
1	79619
1	79619
1	79619
1	79619
1	79619
1	79619
1	79619
1	79619
1	79679
1	79679
1	79740
1	79740
1	79740
1	79740
1	79740
1	79740
1	79740
1	79755
1	79800
1	79815
1	79815
1	79815
1	79815
1	79815
1	79861
1	79861
1	79876
1	79876
1	79876
1	79876
1	79876
1	79876
1	79876
1	79876
1	79876
1	79876
1	79876
1	79876
1	79937
1	79937
1	79937
1	79937
1	79937
1	79998
1	79998
1	80013
1	80013
1	80013
1	80059
1	80059
1	80059
1	80059
1	80059
1	80059
1	80059
1	80059
1	80059
1	80075
1	80136
1	80136
1	80182
1	80182
1	80197
1	80197
1	80197
1	80197
1	80258
1	80258
1	80258
1	80258
1	80258
1	80258
1	80258
1	80320
1	80320
1	80320
1	80320
1	80320
1	80320
1	80320
1	80381
1	80381
1	80381
1	80381
1	80381
1	80397
1	80397
1	80397
1	80397
1	80397
1	80397
1	80443
1	80459
1	80459
1	80459
1	80505
1	80505
1	80505
1	80505
1	80505
1	80520
1	80520
1	80520
1	80520
1	80644
1	80644
1	80644
1	80644
1	80644
1	80644
1	80706
1	80706
1	80706
1	80706
1	80706
1	80706
1	80706
1	80706
1	80706
1	80722
1	80722
1	80768
1	80768
1	80768
1	80784
1	80784
1	80831
1	80831
1	80846
1	80846
1	80893
1	80893
1	80893
1	80893
1	80909
1	80909
1	80909
1	80909
1	80909
1	80909
1	80971
1	80971
1	80971
1	80971
1	80971
1	80971
1	80971
1	80971
1	80971
1	81034
1	81034
1	81034
1	81049
1	81049
1	81096
1	81096
1	81096
1	81096
1	81096
1	81112
1	81112
1	81159
1	81159
1	81175
1	81175
1	81175
1	81175
1	81222
1	81222
1	81238
1	81238
1	81238
1	81238
1	81301
1	81301
1	81301
1	81301
1	81301
1	81301
1	81301
1	81301
1	81364
1	81380
1	81380
1	81427
1	81427
1	81443
1	81443
1	81443
1	81490
1	81506
1	81506
1	81570
1	81570
1	81570
1	81570
1	81570
1	81570
1	81633
1	81633
1	81633
1	81633
1	81633
1	81633
1	81633
1	81633
1	81697
1	81697
1	81697
1	81760
1	81760
1	81776
1	81776
1	81776
1	81776
1	81824
1	81824
1	81840
1	81840
1	81840
1	81840
1	81840
1	81888
1	81888
1	81904
1	81904
1	81904
1	81968
1	81968
1	81968
1	81968
1	81968
1	81968
1	82032
1	82032
1	82032
1	82032
1	82032
1	82032
1	82048
1	82048
1	82096
1	82096
1	82096
1	82096
1	82112
1	82112
1	82112
1	82161
1	82161
1	82161
1	82177
1	82177
1	82225
1	82225
1	82241
1	82241
1	82241
1	82290
1	82306
1	82306
1	82306
1	82370
1	82370
1	82370
1	82435
1	82435
1	82435
1	82435
1	82435
1	82451
1	82451
1	82500
1	82500
1	82500
1	82500
1	82516
1	82516
1	82565
1	82565
1	82565
1	82581
1	82581
1	82581
1	82646
1	82646
1	82646
1	82646
1	82646
1	82712
1	82712
1	82712
1	82712
1	82712
1	82712
1	82712
1	82712
1	82712
1	82712
1	82728
1	82777
1	82777
1	82777
1	82777
1	82793
1	82793
1	82793
1	82842
1	82842
1	82842
1	82842
1	82859
1	82859
1	82924
1	82924
1	82924
1	82973
1	82973
1	82973
1	82990
1	82990
1	82990
1	82990
1	83056
1	83056
1	83056
1	83056
1	83056
1	83121
1	83121
1	83121
1	83121
1	83121
1	83121
1	83138
1	83138
1	83138
1	83138
1	83187
1	83187
1	83204
1	83253
1	83253
1	83253
1	83270
1	83270
1	83270
1	83270
1	83270
1	83336
1	83336
1	83336
1	83402
1	83402
1	83402
1	83469
1	83469
1	83469
1	83469
1	83485
1	83535
1	83535
1	83535
1	83535
1	83535
1	83535
1	83552
1	83602
1	83619
1	83619
1	83619
1	83619
1	83619
1	83619
1	83619
1	83619
1	83619
1	83669
1	83685
1	83685
1	83685
1	83685
1	83685
1	83685
1	83685
1	83685
1	83752
1	83752
1	83752
1	83752
1	83752
1	83752
1	83752
1	83752
1	83819
1	83819
1	83819
1	83819
1	83819
1	83819
1	83819
1	83819
1	83836
1	83836
1	83886
1	83886
1	83953
1	83953
1	83953
1	83953
1	83953
1	83953
1	83970
1	83970
1	84037
1	84037
1	84037
1	84037
1	84105
1	84105
1	84105
1	84105
1	84105
1	84172
1	84172
1	84172
1	84189
1	84240
1	84240
1	84240
1	84240
1	84257
1	84257
1	84257
1	84308
1	84308
1	84325
1	84325
1	84325
1	84375
1	84375
1	84392
1	84392
1	84392
1	84392
1	84392
1	84392
1	84392
1	84392
1	84392
1	84392
1	84460
1	84460
1	84460
1	84460
1	84528
1	84528
1	84528
1	84528
1	84597
1	84597
1	84597
1	84614
1	84614
1	84614
1	84665
1	84665
1	84665
1	84682
1	84682
1	84682
1	84733
1	84733
1	84733
1	84751
1	84751
1	84751
1	84751
1	84751
1	84751
1	84751
1	84819
1	84819
1	84819
1	84819
1	84819
1	84819
1	84819
1	84819
1	84888
1	84888
1	84888
1	84888
1	84888
1	84888
1	84905
1	84957
1	84957
1	84957
1	84957
1	84974
1	84974
1	85025
1	85025
1	85025
1	85025
1	85043
1	85043
1	85043
1	85112
1	85112
1	85112
1	85112
1	85112
1	85112
1	85164
1	85181
1	85181
1	85181
1	85181
1	85181
1	85250
1	85250
1	85319
1	85319
1	85319
1	85319
1	85319
1	85389
1	85389
1	85389
1	85389
1	85389
1	85406
1	85406
1	85459
1	85459
1	85476
1	85476
1	85476
1	85546
1	85546
1	85546
1	85546
1	85616
1	85616
1	85616
1	85616
1	85616
1	85616
1	85616
1	85616
1	85616
1	85616
1	85685
1	85685
1	85685
1	85685
1	85756
1	85756
1	85773
1	85773
1	85773
1	85773
1	85826
1	85826
1	85826
1	85843
1	85843
1	85843
1	85843
1	85843
1	85843
1	85914
1	85914
1	85984
1	85984
1	85984
1	85984
1	85984
1	85984
1	86055
1	86055
1	86055
1	86055
1	86055
1	86055
1	86055
1	86072
1	86072
1	86072
1	86125
1	86125
1	86125
1	86125
1	86125
1	86125
1	86143
1	86143
1	86214
1	86214
1	86267
1	86285
1	86285
1	86356
1	86356
1	86356
1	86356
1	86356
1	86356
1	86356
1	86356
1	86356
1	86356
1	86427
1	86427
1	86427
1	86427
1	86427
1	86427
1	86445
1	86445
1	86445
1	86498
1	86498
1	86498
1	86498
1	86498
1	86516
1	86516
1	86516
1	86516
1	86516
1	86570
1	86570
1	86570
1	86570
1	86570
1	86570
1	86588
1	86641
1	86641
1	86659
1	86659
1	86731
1	86731
1	86731
1	86731
1	86731
1	86731
1	86803
1	86803
1	86803
1	86803
1	86803
1	86803
1	86803
1	86803
1	86803
1	86821
1	86821
1	86875
1	86875
1	86875
1	86893
1	86893
1	86947
1	86965
1	86965
1	86965
1	86965
1	86965
1	87019
1	87019
1	87019
1	87019
1	87037
1	87037
1	87037
1	87037
1	87037
1	87091
1	87109
1	87109
1	87109
1	87109
1	87109
1	87109
1	87109
1	87182
1	87182
1	87182
1	87182
1	87182
1	87182
1	87200
1	87200
1	87200
1	87254
1	87254
1	87272
1	87272
1	87327
1	87327
1	87327
1	87345
1	87345
1	87418
1	87418
1	87418
1	87418
1	87418
1	87472
1	87472
1	87472
1	87491
1	87491
1	87491
1	87491
1	87491
1	87491
1	87491
1	87491
1	87564
1	87564
1	87564
1	87564
1	87564
1	87564
1	87582
1	87582
1	87637
1	87637
1	87637
1	87637
1	87637
1	87710
1	87710
1	87710
1	87729
1	87729
1	87729
1	87784
1	87784
1	87784
1	87784
1	87784
1	87802
1	87802
1	87802
1	87802
1	87802
1	87802
1	87802
1	87802
1	87802
1	87857
1	87857
1	87876
1	87876
1	87876
1	87876
1	87876
1	87876
1	87876
1	87876
1	87876
1	87876
1	87876
1	87949
1	87949
1	87949
1	87949
1	87949
1	87949
1	87949
1	87949
1	87949
1	87949
1	87968
1	88023
1	88023
1	88023
1	88023
1	88023
1	88023
1	88042
1	88042
1	88042
1	88097
1	88097
1	88097
1	88116
1	88116
1	88116
1	88171
1	88171
1	88190
1	88190
1	88190
1	88190
1	88190
1	88264
1	88264
1	88264
1	88264
1	88264
1	88264
1	88264
1	88338
1	88338
1	88338
1	88338
1	88338
1	88338
1	88338
1	88338
1	88338
1	88338
1	88357
1	88413
1	88413
1	88413
1	88413
1	88413
1	88413
1	88413
1	88487
1	88487
1	88487
1	88506
1	88506
1	88506
1	88506
1	88562
1	88562
1	88581
1	88581
1	88581
1	88581
1	88656
1	88656
1	88656
1	88656
1	88656
1	88656
1	88656
1	88656
1	88656
1	88656
1	88731
1	88731
1	88731
1	88731
1	88731
1	88731
1	88731
1	88731
1	88806
1	88806
1	88806
1	88806
1	88806
1	88806
1	88806
1	88806
1	88806
1	88806
1	88825
1	88881
1	88881
1	88881
1	88900
1	88900
1	88900
1	88900
1	88957
1	88957
1	88975
1	88975
1	88975
1	88975
1	88975
1	89032
1	89032
1	89032
1	89032
1	89032
1	89032
1	89051
1	89051
1	89051
1	89051
1	89051
1	89051
1	89051
1	89127
1	89127
1	89127
1	89127
1	89127
1	89127
1	89127
1	89127
1	89127
1	89127
1	89127
1	89127
1	89203
1	89203
1	89222
1	89222
1	89279
1	89279
1	89279
1	89279
1	89279
1	89298
1	89298
1	89298
1	89298
1	89355
1	89355
1	89355
1	89355
1	89374
1	89374
1	89431
1	89431
1	89431
1	89450
1	89450
1	89450
1	89450
1	89450
1	89450
1	89526
1	89526
1	89526
1	89526
1	89526
1	89526
1	89526
1	89603
1	89603
1	89603
1	89603
1	89603
1	89603
1	89603
1	89603
1	89603
1	89603
1	89603
1	89622
1	89679
1	89679
1	89699
1	89756
1	89756
1	89756
1	89775
1	89775
1	89775
1	89775
1	89775
1	89833
1	89833
1	89852
1	89852
1	89852
1	89852
1	89852
1	89852
1	89852
1	89852
1	89852
1	89852
1	89852
1	89852
1	89852
1	89852
1	89852
1	89852
1	89929
1	89929
1	89929
1	89929
1	89929
1	89929
1	89929
1	89929
1	89929
1	89929
1	89929
1	89929
1	89929
1	90007
1	90007
1	90007
1	90007
1	90007
1	90007
1	90007
1	90007
1	90007
1	90007
1	90007
1	90084
1	90084
1	90084
1	90084
1	90084
1	90084
1	90103
1	90103
1	90103
1	90103
1	90161
1	90161
1	90161
1	90181
1	90181
1	90181
1	90239
1	90258
1	90258
1	90258
1	90258
1	90258
1	90258
1	90317
1	90336
1	90336
1	90336
1	90336
1	90336
1	90336
1	90336
1	90336
1	90336
1	90336
1	90414
1	90414
1	90414
1	90414
1	90414
1	90433
1	90492
1	90492
1	90492
1	90492
1	90492
1	90512
1	90512
1	90570
1	90570
1	90570
1	90570
1	90590
1	90590
1	90590
1	90590
1	90648
1	90648
1	90648
1	90648
1	90668
1	90668
1	90668
1	90668
1	90668
1	90668
1	90668
1	90727
1	90727
1	90727
1	90747
1	90747
1	90747
1	90747
1	90747
1	90747
1	90747
1	90747
1	90747
1	90747
1	90747
1	90825
1	90825
1	90825
1	90825
1	90825
1	90825
1	90825
1	90825
1	90825
1	90825
1	90825
1	90845
1	90845
1	90904
1	90904
1	90904
1	90904
1	90904
1	90904
1	90924
1	90924
1	90983
1	90983
1	90983
1	90983
1	90983
1	90983
1	91002
1	91062
1	91062
1	91082
1	91082
1	91082
1	91082
1	91141
1	91141
1	91161
1	91161
1	91161
1	91161
1	91161
1	91161
1	91161
1	91161
1	91161
1	91240
1	91240
1	91240
1	91240
1	91240
1	91240
1	91240
1	91240
1	91240
1	91319
1	91319
1	91319
1	91339
1	91339
1	91339
1	91339
1	91339
1	91399
1	91399
1	91399
1	91399
1	91399
1	91399
1	91399
1	91399
1	91399
1	91419
1	91419
1	91419
1	91419
1	91419
1	91479
1	91479
1	91479
1	91479
1	91479
1	91499
1	91499
1	91499
1	91499
1	91499
1	91499
1	91559
1	91579
1	91579
1	91579
1	91579
1	91579
1	91579
1	91579
1	91579
1	91579
1	91579
1	91579
1	91659
1	91659
1	91659
1	91659
1	91739
1	91739
1	91739
1	91739
1	91739
1	91739
1	91819
1	91819
1	91819
1	91819
1	91819
1	91819
1	91819
1	91819
1	91819
1	91839
1	91839
1	91839
1	91900
1	91920
1	91920
1	91920
1	91920
1	91920
1	91920
1	91920
1	91920
1	91920
1	91980
1	91980
1	91980
1	92001
1	92001
1	92001
1	92001
1	92001
1	92001
1	92001
1	92001
1	92061
1	92081
1	92081
1	92081
1	92145
1	92162
1	92162
1	92162
1	92162
1	92162
1	92162
1	92162
1	92162
1	92162
1	92162
1	92183
1	92183
1	92183
1	92243
1	92243
1	92243
1	92243
1	92243
1	92243
1	92243
1	92243
1	92264
1	92264
1	92264
1	92264
1	92264
1	92325
1	92325
1	92325
1	92325
1	92325
1	92325
1	92325
1	92325
1	92345
1	92345
1	92345
1	92345
1	92406
1	92406
1	92406
1	92426
1	92426
1	92426
1	92426
1	92426
1	92426
1	92426
1	92426
1	92487
1	92508
1	92508
1	92508
1	92508
1	92508
1	92508
1	92508
1	92508
1	92508
1	92508
1	92508
1	92508
1	92589
1	92589
1	92589
1	92589
1	92589
1	92589
1	92610
1	92610
1	92671
1	92671
1	92671
1	92671
1	92671
1	92671
1	92671
1	92692
1	92692
1	92692
1	92692
1	92692
1	92692
1	92753
1	92753
1	92753
1	92753
1	92753
1	92753
1	92753
1	92753
1	92774
1	92774
1	92774
1	92774
1	92774
1	92835
1	92835
1	92856
1	92856
1	92856
1	92856
1	92856
1	92856
1	92856
1	92856
1	92856
1	92856
1	92918
1	92938
1	92938
1	92938
1	92938
1	92938
1	92938
1	92938
1	92938
1	92938
1	92938
1	93021
1	93021
1	93021
1	93021
1	93021
1	93021
1	93021
1	93021
1	93041
1	93103
1	93103
1	93103
1	93103
1	93103
1	93103
1	93103
1	93103
1	93103
1	93124
1	93124
1	93124
1	93124
1	93186
1	93186
1	93186
1	93186
1	93186
1	93186
1	93207
1	93207
1	93207
1	93207
1	93207
1	93269
1	93269
1	93269
1	93269
1	93290
1	93290
1	93290
1	93290
1	93290
1	93290
1	93290
1	93290
1	93290
1	93290
1	93290
1	93290
1	93352
1	93373
1	93373
1	93373
1	93373
1	93373
1	93373
1	93373
1	93373
1	93373
1	93373
1	93373
1	93373
1	93373
1	93373
1	93456
1	93456
1	93456
1	93456
1	93456
1	93456
1	93456
1	93456
1	93456
1	93539
1	93539
1	93539
1	93539
1	93539
1	93539
1	93539
1	93539
1	93539
1	93539
1	93539
1	93539
1	93539
1	93623
1	93623
1	93623
1	93623
1	93623
1	93623
1	93623
1	93623
1	93623
1	93623
1	93623
1	93623
1	93644
1	93644
1	93644
1	93644
1	93644
1	93644
1	93644
1	93707
1	93707
1	93707
1	93707
1	93727
1	93727
1	93727
1	93727
1	93727
1	93727
1	93727
1	93727
1	93727
1	93790
1	93790
1	93790
1	93811
1	93811
1	93811
1	93811
1	93811
1	93811
1	93811
1	93895
1	93895
1	93895
1	93895
1	93895
1	93895
1	93895
1	93895
1	93895
1	93895
1	93895
1	93895
1	93916
1	93916
1	93979
1	93979
1	93979
1	93979
1	93979
1	93979
1	93979
1	93979
1	93979
1	93979
1	93979
1	93979
1	93979
1	94001
1	94064
1	94064
1	94064
1	94064
1	94064
1	94064
1	94064
1	94064
1	94064
1	94064
1	94064
1	94064
1	94064
1	94085
1	94085
1	94085
1	94085
1	94085
1	94085
1	94085
1	94085
1	94085
1	94085
1	94148
1	94148
1	94148
1	94169
1	94169
1	94169
1	94169
1	94169
1	94169
1	94169
1	94169
1	94169
1	94233
1	94233
1	94254
1	94254
1	94254
1	94254
1	94254
1	94254
1	94254
1	94254
1	94254
1	94254
1	94254
1	94339
1	94339
1	94339
1	94339
1	94339
1	94339
1	94339
1	94339
1	94339
1	94339
1	94339
1	94339
1	94339
1	94424
1	94424
1	94424
1	94424
1	94424
1	94424
1	94424
1	94509
1	94509
1	94509
1	94530
1	94530
1	94530
1	94594
1	94594
1	94594
1	94594
1	94594
1	94615
1	94615
1	94615
1	94615
1	94680
1	94680
1	94701
1	94701
1	94701
1	94701
1	94701
1	94701
1	94701
1	94701
1	94787
1	94787
1	94787
1	94787
1	94787
1	94787
1	94787
1	94787
1	94787
1	94787
1	94872
1	94872
1	94872
1	94872
1	94872
1	94872
1	94872
1	94872
1	94872
1	94894
1	94894
1	94894
1	94894
1	94894
1	94894
1	94958
1	94958
1	94958
1	94958
1	94958
1	94958
1	94958
1	94958
1	94958
1	94980
1	94980
1	95044
1	95044
1	95044
1	95044
1	95044
1	95044
1	95044
1	95044
1	95044
1	95044
1	95066
1	95066
1	95066
1	95066
1	95066
1	95066
1	95066
1	95066
1	95066
1	95066
1	95131
1	95131
1	95152
1	95152
1	95152
1	95152
1	95152
1	95152
1	95152
1	95152
1	95152
1	95152
1	95152
1	95152
1	95239
1	95239
1	95239
1	95239
1	95239
1	95239
1	95239
1	95239
1	95239
1	95239
1	95325
1	95325
1	95325
1	95325
1	95325
1	95325
1	95325
1	95325
1	95325
1	95325
1	95325
1	95325
1	95325
1	95347
1	95347
1	95412
1	95412
1	95412
1	95412
1	95412
1	95412
1	95412
1	95434
1	95434
1	95434
1	95434
1	95434
1	95434
1	95499
1	95499
1	95499
1	95520
1	95520
1	95520
1	95520
1	95520
1	95520
1	95520
1	95586
1	95586
1	95608
1	95608
1	95608
1	95608
1	95608
1	95608
1	95608
1	95608
1	95608
1	95608
1	95695
1	95695
1	95695
1	95695
1	95695
1	95695
1	95695
1	95695
1	95695
1	95695
1	95695
1	95695
1	95695
1	95695
1	95695
1	95695
1	95695
1	95695
1	95695
1	95695
1	95695
1	95695
1	95695
1	95695
1	95782
1	95782
1	95782
1	95782
1	95782
1	95782
1	95782
1	95782
1	95782
1	95782
1	95782
1	95782
1	95782
1	95782
1	95782
1	95804
1	95870
1	95870
1	95870
1	95870
1	95870
1	95870
1	95870
1	95870
1	95870
1	95870
1	95870
1	95870
1	95870
1	95892
1	95892
1	95892
1	95958
1	95958
1	95958
1	95958
1	95979
1	95979
1	95979
1	95979
1	95979
1	95979
1	95979
1	96045
1	96045
1	96045
1	96045
1	96067
1	96067
1	96067
1	96067
1	96067
1	96067
1	96067
1	96067
1	96067
1	96067
1	96067
1	96067
1	96133
1	96156
1	96156
1	96156
1	96156
1	96156
1	96156
1	96156
1	96156
1	96156
1	96156
1	96156
1	96156
1	96156
1	96156
1	96244
1	96244
1	96244
1	96244
1	96244
1	96244
1	96244
1	96244
1	96244
1	96244
1	96244
1	96244
1	96244
1	96244
1	96244
1	96244
1	96266
1	96266
1	96332
1	96332
1	96332
1	96332
1	96332
1	96332
1	96332
1	96332
1	96332
1	96332
1	96332
1	96332
1	96332
1	96332
1	96332
1	96332
1	96332
1	96332
1	96354
1	96354
1	96354
1	96354
1	96354
1	96354
1	96354
1	96354
1	96354
1	96421
1	96421
1	96421
1	96421
1	96421
1	96421
1	96421
1	96421
1	96421
1	96443
1	96443
1	96443
1	96443
1	96443
1	96443
1	96443
1	96510
1	96510
1	96510
1	96510
1	96510
1	96532
1	96532
1	96532
1	96532
1	96532
1	96532
1	96532
1	96532
1	96598
1	96598
1	96621
1	96621
1	96621
1	96621
1	96621
1	96621
1	96621
1	96621
1	96621
1	96621
1	96621
1	96621
1	96621
1	96621
1	96621
1	96621
1	96621
1	96710
1	96710
1	96710
1	96710
1	96710
1	96710
1	96710
1	96710
1	96710
1	96710
1	96710
1	96710
1	96710
1	96710
1	96710
1	96710
1	96710
1	96710
1	96732
1	96732
1	96732
1	96732
1	96732
1	96799
1	96799
1	96799
1	96799
1	96799
1	96799
1	96799
1	96799
1	96799
1	96799
1	96799
1	96799
1	96799
1	96799
1	96799
1	96821
1	96821
1	96821
1	96821
1	96821
1	96821
1	96821
1	96821
1	96821
1	96889
1	96889
1	96889
1	96889
1	96889
1	96889
1	96911
1	96911
1	96911
1	96911
1	96911
1	96911
1	96911
1	96911
1	96978
1	96978
1	96978
1	96978
1	96978
1	96978
1	96978
1	96978
1	96978
1	97001
1	97001
1	97001
1	97001
1	97001
1	97001
1	97001
1	97001
1	97001
1	97001
1	97001
1	97001
1	97001
1	97001
1	97001
1	97001
1	97068
1	97068
1	97068
1	97068
1	97068
1	97090
1	97090
1	97090
1	97090
1	97090
1	97090
1	97090
1	97090
1	97090
1	97180
1	97180
1	97180
1	97180
1	97180
1	97180
1	97180
1	97180
1	97180
1	97180
1	97180
1	97180
1	97180
1	97180
1	97180
1	97180
1	97180
1	97180
1	97180
1	97271
1	97271
1	97271
1	97271
1	97271
1	97271
1	97271
1	97271
1	97271
1	97271
1	97271
1	97293
1	97293
1	97361
1	97361
1	97361
1	97361
1	97361
1	97361
1	97361
1	97361
1	97361
1	97383
1	97383
1	97383
1	97383
1	97383
1	97383
1	97383
1	97383
1	97383
1	97451
1	97451
1	97451
1	97451
1	97451
1	97474
1	97474
1	97474
1	97474
1	97474
1	97474
1	97474
1	97474
1	97542
1	97542
1	97542
1	97542
1	97542
1	97542
1	97565
1	97565
1	97565
1	97565
1	97565
1	97565
1	97565
1	97565
1	97565
1	97565
1	97565
1	97565
1	97565
1	97565
1	97565
1	97565
1	97565
1	97656
1	97656
1	97656
1	97656
1	97656
1	97656
1	97656
1	97656
1	97656
1	97656
1	97656
1	97656
1	97656
1	97656
1	97656
1	97656
1	97656
1	97656
1	97656
1	97656
1	97678
1	97747
1	97747
1	97747
1	97747
1	97747
1	97747
1	97747
1	97747
1	97747
1	97747
1	97747
1	97747
1	97747
1	97747
1	97747
1	97769
1	97769
1	97769
1	97769
1	97838
1	97838
1	97838
1	97838
1	97838
1	97838
1	97838
1	97838
1	97838
1	97838
1	97838
1	97838
1	97861
1	97861
1	97861
1	97861
1	97861
1	97861
1	97861
1	97861
1	97861
1	97861
1	97861
1	97929
1	97929
1	97929
1	97929
1	97929
1	97929
1	97929
1	97952
1	97952
1	97952
1	97952
1	97952
1	97952
1	97952
1	97952
1	97952
1	97952
1	97952
1	97952
1	97952
1	97952
1	97952
1	98021
1	98021
1	98021
1	98021
1	98044
1	98044
1	98044
1	98044
1	98044
1	98044
1	98044
1	98044
1	98044
1	98044
1	98044
1	98044
1	98044
1	98044
1	98044
1	98135
1	98135
1	98135
1	98135
1	98135
1	98135
1	98135
1	98135
1	98135
1	98135
1	98135
1	98135
1	98135
1	98135
1	98135
1	98135
1	98135
1	98135
1	98135
1	98135
1	98160
1	98227
1	98227
1	98227
1	98227
1	98227
1	98227
1	98227
1	98227
1	98227
1	98227
1	98227
1	98227
1	98227
1	98227
1	98227
1	98227
1	98250
1	98250
1	98250
1	98319
1	98319
1	98319
1	98319
1	98319
1	98319
1	98319
1	98319
1	98319
1	98319
1	98319
1	98319
1	98319
1	98319
1	98319
1	98342
1	98342
1	98342
1	98342
1	98342
1	98412
1	98412
1	98412
1	98412
1	98412
1	98412
1	98412
1	98412
1	98412
1	98412
1	98412
1	98412
1	98412
1	98412
1	98435
1	98435
1	98435
1	98435
1	98435
1	98435
1	98435
1	98435
1	98435
1	98435
1	98435
1	98435
1	98435
1	98504
1	98504
1	98504
1	98504
1	98527
1	98527
1	98527
1	98527
1	98527
1	98527
1	98527
1	98527
1	98527
1	98527
1	98527
1	98527
1	98527
1	98527
1	98527
1	98527
1	98527
1	98527
1	98620
1	98620
1	98620
1	98620
1	98620
1	98620
1	98620
1	98620
1	98620
1	98620
1	98620
1	98620
1	98620
1	98620
1	98620
1	98713
1	98713
1	98713
1	98713
1	98713
1	98713
1	98713
1	98713
1	98713
1	98713
1	98736
1	98806
1	98806
1	98806
1	98806
1	98806
1	98806
1	98806
1	98806
1	98806
1	98806
1	98806
1	98829
1	98829
1	98829
1	98829
1	98829
1	98899
1	98899
1	98899
1	98899
1	98899
1	98899
1	98899
1	98922
1	98922
1	98922
1	98922
1	98922
1	98922
1	98922
1	98922
1	98922
1	98922
1	98922
1	98922
1	98922
1	98992
1	98992
1	98992
1	98992
1	98992
1	99016
1	99016
1	99016
1	99016
1	99016
1	99016
1	99016
1	99016
1	99016
1	99016
1	99016
1	99109
1	99109
1	99109
1	99109
1	99109
1	99109
1	99109
1	99109
1	99109
1	99109
1	99109
1	99109
1	99203
1	99203
1	99203
1	99203
1	99203
1	99203
1	99203
1	99203
1	99203
1	99203
1	99226
1	99297
1	99297
1	99297
1	99297
1	99297
1	99297
1	99297
1	99297
1	99297
1	99297
1	99297
1	99320
1	99320
1	99320
1	99320
1	99320
1	99320
1	99391
1	99391
1	99391
1	99391
1	99391
1	99391
1	99391
1	99391
1	99391
1	99391
1	99391
1	99415
1	99415
1	99415
1	99415
1	99415
1	99415
1	99415
1	99415
1	99415
1	99485
1	99485
1	99485
1	99485
1	99485
1	99485
1	99485
1	99485
1	99485
1	99509
1	99509
1	99509
1	99509
1	99509
1	99509
1	99509
1	99509
1	99509
1	99509
1	99604
1	99604
1	99604
1	99604
1	99604
1	99604
1	99604
1	99604
1	99604
1	99604
1	99604
1	99604
1	99604
1	99698
1	99698
1	99698
1	99698
1	99698
1	99698
1	99698
1	99698
1	99698
1	99698
1	99698
1	99698
1	99698
1	99698
1	99698
1	99698
1	99698
1	99698
1	99793
1	99793
1	99793
1	99793
1	99793
1	99793
1	99793
1	99793
1	99793
1	99817
1	99817
1	99817
1	99817
1	99817
1	99817
1	99888
1	99888
1	99888
1	99888
1	99888
1	99888
1	99888
1	99888
1	99888
1	99888
1	99888
1	99888
1	99888
1	99888
1	99888
1	99912
1	99912
1	99912
1	99912
1	99912
1	99912
1	99912
1	99983
1	99983
1	99983
1	99983
1	99983
1	100007
1	100007
1	100007
1	100007
1	100007
1	100007
1	100007
1	100007
1	100007
1	100007
1	100007
1	100007
1	100007
1	100007
1	100079
1	100079
1	100079
1	100103
1	100103
1	100103
1	100103
1	100103
1	100103
1	100103
1	100103
1	100103
1	100103
1	100103
1	100103
1	100103
1	100103
1	100103
1	100103
1	100103
1	100103
1	100198
1	100198
1	100198
1	100198
1	100198
1	100198
1	100198
1	100198
1	100198
1	100198
1	100198
1	100198
1	100198
1	100198
1	100198
1	100222
1	100222
1	100222
1	100294
1	100294
1	100294
1	100294
1	100294
1	100294
1	100294
1	100294
1	100294
1	100294
1	100294
1	100294
1	100294
1	100294
1	100294
1	100294
1	100294
1	100294
1	100294
1	100318
1	100318
1	100318
1	100318
1	100318
1	100318
1	100318
1	100390
1	100390
1	100390
1	100390
1	100390
1	100390
1	100414
1	100414
1	100414
1	100414
1	100414
1	100414
1	100414
1	100414
1	100414
1	100414
1	100414
1	100486
1	100486
1	100486
1	100486
1	100486
1	100486
1	100511
1	100511
1	100511
1	100511
1	100511
1	100511
1	100511
1	100511
1	100511
1	100511
1	100511
1	100511
1	100511
1	100607
1	100607
1	100607
1	100607
1	100607
1	100607
1	100607
1	100607
1	100607
1	100607
1	100607
1	100607
1	100607
1	100607
1	100607
1	100607
1	100607
1	100607
1	100607
1	100607
1	100607
1	100704
1	100704
1	100704
1	100704
1	100704
1	100704
1	100704
1	100704
1	100704
1	100704
1	100704
1	100704
1	100704
1	100704
1	100704
1	100704
1	100704
1	100704
1	100704
1	100728
1	100728
1	100728
1	100800
1	100800
1	100800
1	100800
1	100800
1	100800
1	100800
1	100800
1	100800
1	100800
1	100800
1	100825
1	100825
1	100825
1	100825
1	100825
1	100897
1	100897
1	100897
1	100897
1	100897
1	100897
1	100897
1	100922
1	100922
1	100922
1	100922
1	100922
1	100995
1	100995
1	100995
1	100995
1	100995
1	100995
1	100995
1	100995
1	101019
1	101019
1	101019
1	101019
1	101019
1	101019
1	101019
1	101019
1	101019
1	101116
1	101116
1	101116
1	101116
1	101116
1	101116
1	101116
1	101116
1	101116
1	101116
1	101116
1	101116
1	101214
1	101214
1	101214
1	101214
1	101214
1	101214
1	101214
1	101214
1	101214
1	101214
1	101214
1	101214
1	101214
1	101214
1	101214
1	101214
1	101214
1	101214
1	101214
1	101214
1	101214
1	101214
1	101214
1	101214
1	101214
1	101214
1	101214
1	101214
1	101312
1	101312
1	101312
1	101312
1	101312
1	101312
1	101312
1	101312
1	101312
1	101312
1	101312
1	101336
1	101336
1	101336
1	101336
1	101410
1	101410
1	101410
1	101410
1	101410
1	101410
1	101410
1	101410
1	101410
1	101434
1	101434
1	101434
1	101434
1	101434
1	101434
1	101434
1	101434
1	101434
1	101434
1	101434
1	101434
1	101508
1	101508
1	101508
1	101508
1	101532
1	101532
1	101532
1	101532
1	101532
1	101532
1	101532
1	101532
1	101532
1	101532
1	101532
1	101532
1	101606
1	101631
1	101631
1	101631
1	101631
1	101631
1	101631
1	101631
1	101631
1	101631
1	101631
1	101631
1	101631
1	101631
1	101631
1	101631
1	101631
1	101729
1	101729
1	101729
1	101729
1	101729
1	101729
1	101729
1	101729
1	101729
1	101729
1	101729
1	101729
1	101729
1	101729
1	101729
1	101729
1	101828
1	101828
1	101828
1	101828
1	101828
1	101828
1	101828
1	101828
1	101828
1	101828
1	101828
1	101828
1	101853
1	101853
1	101853
1	101853
1	101927
1	101927
1	101927
1	101927
1	101927
1	101927
1	101927
1	101927
1	101927
1	101927
1	101927
1	101927
1	101952
1	101952
1	101952
1	101952
1	101952
1	101952
1	101952
1	102026
1	102026
1	102026
1	102051
1	102051
1	102051
1	102051
1	102051
1	102051
1	102051
1	102051
1	102051
1	102051
1	102051
1	102051
1	102051
1	102126
1	102126
1	102126
1	102126
1	102126
1	102126
1	102151
1	102151
1	102151
1	102151
1	102151
1	102151
1	102151
1	102151
1	102151
1	102151
1	102151
1	102151
1	102225
1	102250
1	102250
1	102250
1	102250
1	102250
1	102250
1	102250
1	102250
1	102250
1	102250
1	102250
1	102250
1	102250
1	102250
1	102250
1	102250
1	102250
1	102250
1	102250
1	102350
1	102350
1	102350
1	102350
1	102350
1	102350
1	102350
1	102350
1	102350
1	102350
1	102350
1	102350
1	102350
1	102350
1	102350
1	102350
1	102375
1	102375
1	102375
1	102375
1	102375
1	102450
1	102450
1	102450
1	102450
1	102450
1	102450
1	102450
1	102450
1	102450
1	102450
1	102450
1	102475
1	102475
1	102475
1	102475
1	102550
1	102550
1	102550
1	102550
1	102550
1	102550
1	102550
1	102550
1	102575
1	102575
1	102575
1	102575
1	102575
1	102575
1	102575
1	102575
1	102575
1	102575
1	102575
1	102575
1	102575
1	102651
1	102651
1	102651
1	102651
1	102651
1	102651
1	102651
1	102651
1	102676
1	102676
1	102676
1	102676
1	102676
1	102676
1	102676
1	102676
1	102676
1	102676
1	102676
1	102676
1	102676
1	102676
1	102676
1	102676
1	102676
1	102751
1	102776
1	102776
1	102776
1	102776
1	102776
1	102776
1	102776
1	102776
1	102776
1	102776
1	102776
1	102776
1	102776
1	102877
1	102877
1	102877
1	102877
1	102877
1	102877
1	102877
1	102877
1	102877
1	102877
1	102877
1	102877
1	102877
1	102877
1	102877
1	102902
1	102902
1	102902
1	102978
1	102978
1	102978
1	102978
1	102978
1	102978
1	102978
1	102978
1	102978
1	102978
1	102978
1	102978
1	102978
1	102978
1	102978
1	103004
1	103004
1	103004
1	103004
1	103079
1	103079
1	103105
1	103105
1	103105
1	103105
1	103105
1	103105
1	103105
1	103105
1	103105
1	103105
1	103105
1	103105
1	103181
1	103206
1	103206
1	103206
1	103206
1	103206
1	103206
1	103206
1	103206
1	103206
1	103206
1	103206
1	103206
1	103283
1	103283
1	103283
1	103308
1	103308
1	103308
1	103308
1	103308
1	103308
1	103308
1	103308
1	103308
1	103308
1	103308
1	103308
1	103308
1	103308
1	103308
1	103308
1	103308
1	103308
1	103308
1	103308
1	103308
1	103308
1	103308
1	103308
1	103410
1	103410
1	103410
1	103410
1	103410
1	103410
1	103410
1	103410
1	103410
1	103410
1	103435
1	103512
1	103512
1	103512
1	103512
1	103512
1	103512
1	103512
1	103512
1	103512
1	103512
1	103512
1	103512
1	103512
1	103512
1	103512
1	103512
1	103537
1	103537
1	103537
1	103614
1	103614
1	103614
1	103614
1	103614
1	103614
1	103614
1	103640
1	103640
1	103640
1	103640
1	103640
1	103640
1	103640
1	103640
1	103640
1	103640
1	103640
1	103640
1	103640
1	103717
1	103717
1	103717
1	103717
1	103742
1	103742
1	103742
1	103742
1	103742
1	103742
1	103742
1	103742
1	103742
1	103742
1	103819
1	103819
1	103845
1	103845
1	103845
1	103845
1	103845
1	103845
1	103845
1	103845
1	103845
1	103845
1	103845
1	103845
1	103845
1	103845
1	103948
1	103948
1	103948
1	103948
1	103948
1	103948
1	103948
1	103948
1	103948
1	103948
1	103948
1	103948
1	103948
1	103948
1	103948
1	103948
1	103948
1	103974
1	104051
1	104051
1	104051
1	104051
1	104051
1	104051
1	104051
1	104051
1	104051
1	104077
1	104077
1	104077
1	104077
1	104155
1	104155
1	104155
1	104155
1	104155
1	104155
1	104155
1	104155
1	104180
1	104180
1	104180
1	104180
1	104180
1	104180
1	104180
1	104258
1	104258
1	104258
1	104258
1	104284
1	104284
1	104284
1	104284
1	104284
1	104284
1	104284
1	104284
1	104284
1	104362
1	104362
1	104362
1	104388
1	104388
1	104388
1	104388
1	104388
1	104388
1	104388
1	104388
1	104388
1	104388
1	104388
1	104388
1	104388
1	104388
1	104388
1	104388
1	104492
1	104492
1	104492
1	104492
1	104492
1	104492
1	104492
1	104492
1	104492
1	104492
1	104492
1	104596
1	104596
1	104596
1	104596
1	104596
1	104596
1	104596
1	104596
1	104596
1	104596
1	104596
1	104596
1	104622
1	104622
1	104622
1	104622
1	104622
1	104622
1	104622
1	104701
1	104701
1	104701
1	104701
1	104701
1	104701
1	104701
1	104701
1	104727
1	104727
1	104727
1	104727
1	104805
1	104831
1	104831
1	104831
1	104831
1	104831
1	104831
1	104910
1	104910
1	104910
1	104910
1	104936
1	104936
1	104936
1	104936
1	104936
1	104936
1	104936
1	104936
1	104936
1	105041
1	105041
1	105041
1	105041
1	105041
1	105041
1	105041
1	105041
1	105041
1	105041
1	105041
1	105147
1	105147
1	105147
1	105147
1	105147
1	105147
1	105147
1	105147
1	105147
1	105147
1	105147
1	105147
1	105173
1	105252
1	105252
1	105252
1	105252
1	105252
1	105252
1	105252
1	105252
1	105279
1	105279
1	105279
1	105279
1	105279
1	105358
1	105358
1	105358
1	105385
1	105385
1	105385
1	105385
1	105385
1	105385
1	105385
1	105464
1	105464
1	105491
1	105491
1	105491
1	105491
1	105491
1	105491
1	105491
1	105597
1	105597
1	105597
1	105597
1	105597
1	105597
1	105597
1	105597
1	105597
1	105597
1	105597
1	105597
1	105597
1	105597
1	105597
1	105703
1	105703
1	105703
1	105703
1	105703
1	105703
1	105703
1	105703
1	105703
1	105703
1	105703
1	105703
1	105730
1	105730
1	105730
1	105810
1	105810
1	105810
1	105810
1	105810
1	105810
1	105810
1	105837
1	105837
1	105837
1	105837
1	105837
1	105837
1	105917
1	105917
1	105917
1	105917
1	105917
1	105944
1	105944
1	105944
1	106024
1	106051
1	106051
1	106051
1	106051
1	106051
1	106051
1	106051
1	106051
1	106051
1	106131
1	106158
1	106158
1	106158
1	106158
1	106158
1	106158
1	106158
1	106158
1	106158
1	106158
1	106158
1	106266
1	106266
1	106266
1	106266
1	106266
1	106266
1	106266
1	106293
1	106373
1	106373
1	106373
1	106373
1	106373
1	106373
1	106373
1	106373
1	106373
1	106373
1	106373
1	106400
1	106400
1	106481
1	106481
1	106481
1	106481
1	106481
1	106508
1	106508
1	106508
1	106508
1	106508
1	106545
1	106590
1	106590
1	106590
1	106590
1	106590
1	106617
1	106617
1	106617
1	106617
1	106617
1	106623
1	106725
1	106725
1	106725
1	106725
1	106725
1	106725
1	106834
1	106834
1	106834
1	106834
1	106834
1	106834
1	106834
1	106834
1	106834
1	106834
1	106834
1	106943
1	106943
1	106943
1	106943
1	106943
1	106943
1	106943
1	106970
1	106970
1	106970
1	106970
1	106970
1	107052
1	107052
1	107052
1	107052
1	107079
1	107079
1	107079
1	107079
1	107079
1	107079
1	107162
1	107162
1	107162
1	107162
1	107189
1	107189
1	107189
1	107189
1	107189
1	107299
1	107299
1	107299
1	107299
1	107299
1	107299
1	107409
1	107409
1	107409
1	107409
1	107409
1	107409
1	107409
1	107409
1	107409
1	107409
1	107409
1	107409
1	107436
1	107519
1	107519
1	107519
1	107519
1	107519
1	107519
1	107519
1	107519
1	107519
1	107546
1	107629
1	107629
1	107629
1	107629
1	107629
1	107629
1	107629
1	107629
1	107657
1	107657
1	107657
1	107657
1	107657
1	107657
1	107657
1	107740
1	107740
1	107767
1	107767
1	107767
1	107767
1	107767
1	107767
1	107767
1	107767
1	107767
1	107850
1	107850
1	107878
1	107878
1	107878
1	107878
1	107878
1	107878
1	107878
1	107878
1	107878
1	107878
1	107989
1	107989
1	107989
1	107989
1	107989
1	107989
1	107989
1	107989
1	108017
1	108101
1	108101
1	108101
1	108101
1	108212
1	108212
1	108212
1	108212
1	108212
1	108240
1	108240
1	108240
1	108240
1	108240
1	108240
1	108240
1	108324
1	108324
1	108324
1	108352
1	108352
1	108352
1	108352
1	108352
1	108352
1	108464
1	108464
1	108464
1	108464
1	108464
1	108464
1	108464
1	108464
1	108464
1	108464
1	108464
1	108576
1	108576
1	108576
1	108576
1	108576
1	108576
1	108576
1	108576
1	108576
1	108576
1	108689
1	108689
1	108689
1	108689
1	108689
1	108717
1	108717
1	108802
1	108802
1	108802
1	108802
1	108830
1	108830
1	108830
1	108830
1	108830
1	108915
1	108915
1	108943
1	108943
1	108943
1	109056
1	109056
1	109056
1	109056
1	109056
1	109056
1	109170
1	109170
1	109170
1	109170
1	109170
1	109170
1	109170
1	109170
1	109170
1	109198
1	109284
1	109284
1	109284
1	109312
1	109312
1	109398
1	109398
1	109398
1	109398
1	109398
1	109398
1	109398
1	109426
1	109426
1	109426
1	109426
1	109512
1	109540
1	109626
1	109655
1	109655
1	109655
1	109655
1	109655
1	109655
1	109770
1	109770
1	109770
1	109770
1	109770
1	109770
1	109770
1	109770
1	109770
1	109770
1	109885
1	109885
1	109885
1	109885
1	109885
1	109885
1	109885
1	109885
1	109885
1	109885
1	109914
1	110000
1	110000
1	110029
1	110029
1	110116
1	110116
1	110116
1	110116
1	110145
1	110145
1	110145
1	110231
1	110231
1	110231
1	110260
1	110260
1	110260
1	110260
1	110260
1	110260
1	110376
1	110376
1	110376
1	110376
1	110376
1	110376
1	110493
1	110493
1	110493
1	110493
1	110493
1	110493
1	110493
1	110522
1	110522
1	110522
1	110609
1	110609
1	110609
1	110609
1	110609
1	110609
1	110638
1	110638
1	110726
1	110755
1	110755
1	110843
1	110872
1	110872
1	110872
1	110960
1	110990
1	110990
1	110990
1	110990
1	110990
1	110990
1	110990
1	110990
1	110990
1	110990
1	111107
1	111107
1	111107
1	111107
1	111107
1	111107
1	111107
1	111137
1	111225
1	111225
1	111225
1	111225
1	111255
1	111343
1	111343
1	111343
1	111343
1	111343
1	111343
1	111373
1	111373
1	111373
1	111373
1	111373
1	111491
1	111491
1	111491
1	111491
1	111610
1	111610
1	111610
1	111610
1	111610
1	111610
1	111729
1	111729
1	111729
1	111729
1	111729
1	111729
1	111729
1	111729
1	111759
1	111848
1	111848
1	111848
1	111878
1	111968
1	111968
1	111968
1	111968
1	111997
1	112087
1	112087
1	112117
1	112117
1	112117
1	112207
1	112237
1	112237
1	112237
1	112237
1	112237
1	112357
1	112357
1	112357
1	112357
1	112357
1	112478
1	112478
1	112478
1	112508
1	112599
1	112629
1	112750
1	112750
1	112750
1	112841
1	112871
1	112871
1	112871
1	112871
1	112871
1	112993
1	112993
1	112993
1	112993
1	113115
1	113115
1	113115
1	113115
1	113115
1	113237
1	113268
1	113360
1	113513
1	113513
1	113513
1	113636
1	113636
1	113636
1	113636
1	113636
1	113636
1	113636
1	113636
1	113636
1	113759
1	113759
1	113759
1	113759
1	113883
1	113883
1	113914
1	113914
1	114007
1	114007
1	114007
1	114007
1	114007
1	114038
1	114038
1	114038
1	114038
1	114038
1	114131
1	114162
1	114162
1	114162
1	114286
1	114286
1	114286
1	114286
1	114286
1	114411
1	114411
1	114411
1	114411
1	114536
1	114536
1	114661
1	114661
1	114661
1	114787
1	114818
1	114818
1	114944
1	114944
1	115070
1	115196
1	115196
1	115196
1	115228
1	115228
1	115228
1	115323
1	115323
1	115355
1	115355
1	115482
1	115482
1	115482
1	115482
1	115482
1	115609
1	115609
1	115737
1	115737
1	115737
1	115769
1	115865
1	115865
1	115897
1	115993
1	115993
1	116025
1	116025
1	116025
1	116025
1	116121
1	116121
1	116154
1	116154
1	116154
1	116154
1	116154
1	116154
1	116282
1	116282
1	116282
1	116282
1	116282
1	116411
1	116411
1	116411
1	116411
1	116541
1	116541
1	116541
1	116541
1	116541
1	116541
1	116541
1	116541
1	116573
1	116670
1	116703
1	116800
1	116833
1	116833
1	116833
1	116833
1	116833
1	116963
1	116963
1	116963
1	116963
1	116963
1	117094
1	117094
1	117094
1	117094
1	117094
1	117225
1	117225
1	117258
1	117258
1	117258
1	117258
1	117356
1	117389
1	117389
1	117389
1	117488
1	117520
1	117520
1	117520
1	117520
1	117520
1	117652
1	117652
1	117784
1	117784
1	117784
1	117784
1	117818
1	117917
1	117917
1	118050
1	118083
1	118083
1	118183
1	118183
1	118349
1	118349
1	118483
1	118483
1	118483
1	118483
1	118483
1	118483
1	118483
1	118617
1	118617
1	118617
1	118752
1	118752
1	118785
1	118785
1	118785
1	118886
1	118920
1	118920
1	119021
1	119055
1	119055
1	119190
1	119190
1	119190
1	119190
1	119190
1	119190
1	119190
1	119190
1	119190
1	119326
1	119326
1	119326
1	119326
1	119360
1	119360
1	119360
1	119462
1	119462
1	119462
1	119496
1	119496
1	119598
1	119598
1	119632
1	119735
1	119735
1	119769
1	119906
1	119906
1	119906
1	119906
1	119906
1	120043
1	120043
1	120077
1	120181
1	120181
1	120181
1	120181
1	120215
1	120319
1	120319
1	120319
1	120457
1	120491
1	120595
1	120630
1	120630
1	120630
1	120630
1	120769
1	120769
1	120769
1	120769
1	120908
1	120908
1	120908
1	120908
1	121048
1	121048
1	121188
1	121223
1	121223
1	121223
1	121328
1	121363
1	121363
1	121363
1	121504
1	121504
1	121504
1	121645
1	121645
1	121645
1	121680
1	121680
1	121786
1	121821
1	121821
1	121927
1	121927
1	121927
1	121963
1	121963
1	121963
1	121963
1	122069
1	122069
1	122105
1	122105
1	122105
1	122105
1	122105
1	122105
1	122247
1	122283
1	122390
1	122390
1	122390
1	122390
1	122426
1	122533
1	122533
1	122533
1	122533
1	122533
1	122569
1	122569
1	122569
1	122676
1	122712
1	122712
1	122712
1	122820
1	122856
1	122856
1	122856
1	123145
1	123145
1	123289
1	123289
1	123289
1	123326
1	123326
1	123471
1	123471
1	123471
1	123471
1	123471
1	123616
1	123616
1	123616
1	123616
1	123762
1	123762
1	123762
1	123762
1	123909
1	123909
1	123909
1	124055
1	124055
1	124055
1	124055
1	124055
1	124092
1	124202
1	124202
1	124239
1	124239
1	124239
1	124239
1	124239
1	124239
1	124239
1	124239
1	124386
1	124386
1	124386
1	124534
1	124534
1	124534
1	124534
1	124534
1	124534
1	124682
1	124682
1	124682
1	124682
1	124682
1	124682
1	124719
1	124830
1	124830
1	124830
1	124830
1	124830
1	124830
1	124868
1	124868
1	125017
1	125017
1	125017
1	125166
1	125166
1	125166
1	125166
1	125278
1	125278
1	125315
1	125465
1	125465
1	125503
1	125616
1	125616
1	125653
1	125766
1	125804
1	125804
1	125804
1	125804
1	125804
1	125917
1	125917
1	125917
1	125955
1	125955
1	125955
1	126107
1	126107
1	126258
1	126258
1	126258
1	126258
1	126258
1	126258
1	126411
1	126411
1	126411
1	126411
1	126411
1	126411
1	126563
1	126563
1	126601
1	126601
1	126716
1	126754
1	126754
1	126754
1	126754
1	126754
1	126754
1	126754
1	126908
1	126908
1	126908
1	126908
1	126908
1	126908
1	126908
1	127062
1	127062
1	127062
1	127062
1	127062
1	127062
1	127062
1	127216
1	127216
1	127216
1	127254
1	127254
1	127254
1	127370
1	127370
1	127409
1	127409
1	127409
1	127525
1	127525
1	127525
1	127564
1	127680
1	127680
1	127680
1	127719
1	127719
1	127719
1	127719
1	127875
1	127875
1	127875
1	127875
1	127875
1	127875
1	127914
1	128024
1	128031
1	128031
1	128070
1	128070
1	128070
1	128070
1	128188
1	128188
1	128188
1	128188
1	128188
1	128227
1	128227
1	128227
1	128227
1	128227
1	128345
1	128345
1	128384
1	128384
1	128384
1	128384
1	128541
1	128541
1	128541
1	128699
1	128699
1	128699
1	128699
1	128857
1	128857
1	128857
1	128857
1	128897
1	129016
1	129016
1	129016
1	129016
1	129056
1	129056
1	129056
1	129056
1	129175
1	129175
1	129215
1	129215
1	129215
1	129334
1	129374
1	129374
1	129374
1	129374
1	129374
1	129534
1	129534
1	129534
1	129534
1	129534
1	129534
1	129694
1	129694
1	129694
1	129694
1	129694
1	129734
1	129855
1	129855
1	129895
1	129895
1	130016
1	130016
1	130056
1	130056
1	130056
1	130056
1	130217
1	130217
1	130217
1	130217
1	130217
1	130379
1	130379
1	130379
1	130379
1	130379
1	130379
1	130379
1	130379
1	130542
1	130542
1	130542
1	130582
1	130582
1	130704
1	130704
1	130704
1	130704
1	130704
1	130704
1	130745
1	130745
1	130745
1	130745
1	130868
1	130868
1	130868
1	130908
1	130908
1	130908
1	130908
1	130908
1	130908
1	130908
1	131072
1	131072
1	131072
1	131072
1	131072
1	131072
1	131072
1	131236
1	131236
1	131236
1	131236
1	131401
1	131401
1	131401
1	131401
1	131401
1	131401
1	131401
1	131401
1	131401
1	131442
1	131565
1	131565
1	131565
1	131607
1	131607
1	131607
1	131607
1	131772
1	131772
1	131896
1	131896
1	131896
1	131938
1	131938
1	131938
1	131938
1	131938
1	132104
1	132104
1	132104
1	132104
1	132104
1	132104
1	132104
1	132271
1	132271
1	132271
1	132271
1	132271
1	132271
1	132271
1	132271
1	132271
1	132438
1	132438
1	132438
1	132438
1	132438
1	132438
1	132438
1	132438
1	132480
1	132647
1	132647
1	132773
1	132773
1	132815
1	132815
1	132815
1	132815
1	132941
1	132941
1	132984
1	132984
1	132984
1	132984
1	133153
1	133153
1	133153
1	133153
1	133153
1	133153
1	133153
1	133153
1	133153
1	133322
1	133322
1	133322
1	133364
1	133364
1	133364
1	133492
1	133492
1	133492
1	133492
1	133492
1	133492
1	133492
1	133534
1	133534
1	133534
1	133534
1	133662
1	133662
1	133662
1	133662
1	133704
1	133704
1	133704
1	133704
1	133704
1	133704
1	133875
1	133875
1	133875
1	133875
1	133875
1	133875
1	133875
1	134046
1	134046
1	134046
1	134046
1	134046
1	134046
1	134046
1	134046
1	134046
1	134046
1	134046
1	134218
1	134218
1	134218
1	134218
1	134218
1	134218
1	134261
1	134390
1	134390
1	134390
1	134390
1	134390
1	134390
1	134390
1	134433
1	134433
1	134433
1	134562
1	134562
1	134562
1	134562
1	134605
1	134605
1	134605
1	134605
1	134605
1	134605
1	134605
1	134605
1	134605
1	134735
1	134735
1	134735
1	134735
1	134778
1	134778
1	134778
1	134778
1	134778
1	134778
1	134778
1	134778
1	134952
1	134952
1	134952
1	134952
1	134952
1	134952
1	134952
1	134952
1	134952
1	134952
1	134952
1	135126
1	135126
1	135126
1	135126
1	135169
1	135300
1	135300
1	135300
1	135300
1	135300
1	135300
1	135300
1	135344
1	135344
1	135344
1	135475
1	135519
1	135519
1	135519
1	135519
1	135650
1	135694
1	135694
1	135694
1	135694
1	135694
1	135694
1	135870
1	135870
1	135870
1	135870
1	135870
1	135870
1	135870
1	135870
1	135870
1	136046
1	136046
1	136046
1	136046
1	136046
1	136046
1	136046
1	136046
1	136046
1	136046
1	136046
1	136046
1	136046
1	136090
1	136223
1	136223
1	136223
1	136223
1	136223
1	136223
1	136223
1	136223
1	136223
1	136267
1	136267
1	136400
1	136400
1	136400
1	136445
1	136445
1	136578
1	136578
1	136578
1	136578
1	136578
1	136578
1	136578
1	136578
1	136622
1	136622
1	136622
1	136622
1	136622
1	136622
1	136756
1	136801
1	136801
1	136801
1	136801
1	136801
1	136801
1	136801
1	136801
1	136801
1	136801
1	136801
1	136801
1	136979
1	136979
1	136979
1	137024
1	137102
1	137158
1	137158
1	137158
1	137158
1	137158
1	137158
1	137158
1	137158
1	137203
1	137203
1	137203
1	137203
1	137203
1	137203
1	137338
1	137338
1	137338
1	137338
1	137383
1	137383
1	137383
1	137383
1	137383
1	137383
1	137383
1	137383
1	137383
1	137383
1	137383
1	137383
1	137518
1	137518
1	137518
1	137563
1	137563
1	137563
1	137563
1	137563
1	137563
1	137563
1	137563
1	137744
1	137744
1	137744
1	137744
1	137744
1	137744
1	137744
1	137744
1	137744
1	137925
1	137925
1	137925
1	137925
1	137925
1	137925
1	137925
1	137925
1	137925
1	137925
1	137971
1	137971
1	137971
1	137971
1	138107
1	138107
1	138107
1	138107
1	138107
1	138107
1	138152
1	138152
1	138152
1	138152
1	138152
1	138289
1	138289
1	138289
1	138289
1	138289
1	138289
1	138335
1	138335
1	138335
1	138335
1	138335
1	138335
1	138335
1	138335
1	138335
1	138335
1	138335
1	138335
1	138472
1	138472
1	138472
1	138472
1	138472
1	138472
1	138517
1	138517
1	138517
1	138517
1	138517
1	138655
1	138701
1	138701
1	138701
1	138701
1	138701
1	138701
1	138701
1	138701
1	138701
1	138701
1	138701
1	138701
1	138701
1	138701
1	138884
1	138884
1	138884
1	138884
1	138884
1	138884
1	138884
1	138884
1	138884
1	138930
1	139068
1	139068
1	139068
1	139068
1	139068
1	139115
1	139115
1	139253
1	139253
1	139253
1	139253
1	139299
1	139299
1	139299
1	139299
1	139299
1	139299
1	139299
1	139299
1	139438
1	139438
1	139438
1	139438
1	139485
1	139485
1	139485
1	139485
1	139485
1	139670
1	139670
1	139670
1	139670
1	139670
1	139670
1	139670
1	139670
1	139670
1	139857
1	139857
1	139857
1	139857
1	139857
1	139857
1	139857
1	139857
1	139903
1	140044
1	140044
1	140044
1	140044
1	140044
1	140044
1	140044
1	140090
1	140090
1	140231
1	140231
1	140231
1	140231
1	140278
1	140278
1	140278
1	140278
1	140278
1	140278
1	140419
1	140419
1	140419
1	140466
1	140466
1	140466
1	140466
1	140466
1	140466
1	140466
1	140654
1	140654
1	140654
1	140654
1	140654
1	140654
1	140843
1	140843
1	140843
1	140843
1	140843
1	140843
1	140843
1	140843
1	140843
1	140843
1	140843
1	140843
1	140843
1	140843
1	140843
1	140843
1	141032
1	141032
1	141032
1	141032
1	141032
1	141032
1	141032
1	141032
1	141032
1	141032
1	141032
1	141032
1	141032
1	141032
1	141032
1	141032
1	141080
1	141080
1	141080
1	141222
1	141222
1	141222
1	141222
1	141222
1	141222
1	141270
1	141270
1	141270
1	141270
1	141413
1	141413
1	141413
1	141413
1	141413
1	141461
1	141461
1	141461
1	141461
1	141461
1	141461
1	141604
1	141604
1	141652
1	141652
1	141652
1	141652
1	141652
1	141843
1	141843
1	141843
1	141843
1	141843
1	142035
1	142035
1	142035
1	142035
1	142035
1	142035
1	142035
1	142035
1	142228
1	142228
1	142228
1	142228
1	142228
1	142228
1	142228
1	142228
1	142228
1	142276
1	142276
1	142276
1	142276
1	142276
1	142276
1	142276
1	142276
1	142276
1	142421
1	142421
1	142470
1	142470
1	142470
1	142470
1	142470
1	142470
1	142470
1	142470
1	142470
1	142470
1	142470
1	142470
1	142615
1	142663
1	142663
1	142663
1	142663
1	142663
1	142663
1	142858
1	142858
1	142858
1	142858
1	142858
1	142858
1	142858
1	142858
1	142858
1	142858
1	142858
1	142858
1	142858
1	143053
1	143053
1	143053
1	143053
1	143101
1	143248
1	143248
1	143248
1	143248
1	143248
1	143248
1	143248
1	143248
1	143248
1	143297
1	143297
1	143297
1	143297
1	143444
1	143444
1	143444
1	143444
1	143444
1	143444
1	143444
1	143493
1	143493
1	143493
1	143493
1	143493
1	143493
1	143493
1	143493
1	143493
1	143493
1	143641
1	143690
1	143690
1	143690
1	143690
1	143690
1	143887
1	143887
1	143887
1	143887
1	143887
1	143887
1	143887
1	143887
1	143887
1	143887
1	143887
1	143887
1	144085
1	144085
1	144085
1	144085
1	144085
1	144085
1	144085
1	144085
1	144085
1	144134
1	144134
1	144283
1	144283
1	144283
1	144283
1	144283
1	144283
1	144283
1	144333
1	144333
1	144333
1	144333
1	144482
1	144482
1	144482
1	144482
1	144482
1	144482
1	144531
1	144531
1	144531
1	144531
1	144531
1	144681
1	144681
1	144731
1	144731
1	144731
1	144731
1	144731
1	144731
1	144731
1	144731
1	144731
1	144731
1	144931
1	144931
1	144931
1	144931
1	144931
1	144931
1	144931
1	144931
1	144931
1	144931
1	144931
1	144931
1	144931
1	144931
1	144931
1	144931
1	145132
1	145132
1	145132
1	145132
1	145132
1	145132
1	145132
1	145132
1	145132
1	145182
1	145333
1	145333
1	145333
1	145333
1	145333
1	145333
1	145383
1	145383
1	145383
1	145383
1	145383
1	145383
1	145534
1	145534
1	145534
1	145534
1	145534
1	145585
1	145585
1	145585
1	145585
1	145585
1	145585
1	145737
1	145737
1	145737
1	145737
1	145737
1	145787
1	145787
1	145787
1	145787
1	145787
1	145787
1	145787
1	145787
1	145787
1	145787
1	145940
1	145990
1	145990
1	145990
1	145990
1	145990
1	145990
1	145990
1	145990
1	145990
1	145990
1	145990
1	146194
1	146194
1	146194
1	146194
1	146194
1	146194
1	146194
1	146194
1	146194
1	146194
1	146194
1	146194
1	146194
1	146194
1	146194
1	146194
1	146194
1	146194
1	146194
1	146245
1	146398
1	146398
1	146398
1	146398
1	146398
1	146398
1	146398
1	146398
1	146398
1	146398
1	146398
1	146398
1	146398
1	146398
1	146398
1	146449
1	146449
1	146449
1	146449
1	146449
1	146449
1	146603
1	146603
1	146603
1	146603
1	146603
1	146603
1	146603
1	146654
1	146654
1	146654
1	146654
1	146654
1	146808
1	146808
1	146808
1	146808
1	146808
1	146808
1	146859
1	146859
1	146859
1	146859
1	146859
1	147014
1	147065
1	147065
1	147065
1	147065
1	147065
1	147065
1	147065
1	147065
1	147272
1	147272
1	147272
1	147272
1	147272
1	147272
1	147272
1	147479
1	147479
1	147479
1	147479
1	147479
1	147479
1	147479
1	147479
1	147479
1	147479
1	147479
1	147479
1	147531
1	147531
1	147531
1	147531
1	147531
1	147531
1	147687
1	147687
1	147687
1	147687
1	147687
1	147687
1	147687
1	147687
1	147687
1	147687
1	147687
1	147687
1	147687
1	147739
1	147739
1	147739
1	147739
1	147739
1	147739
1	147739
1	147739
1	147739
1	147739
1	147739
1	147895
1	147895
1	147895
1	147947
1	147947
1	147947
1	147947
1	147947
1	147947
1	147947
1	148104
1	148156
1	148156
1	148156
1	148156
1	148156
1	148156
1	148156
1	148156
1	148156
1	148156
1	148156
1	148156
1	148156
1	148156
1	148156
1	148156
1	148156
1	148156
1	148156
1	148366
1	148366
1	148366
1	148366
1	148366
1	148366
1	148366
1	148366
1	148366
1	148366
1	148366
1	148366
1	148366
1	148366
1	148366
1	148366
1	148366
1	148366
1	148366
1	148576
1	148576
1	148576
1	148576
1	148576
1	148576
1	148576
1	148576
1	148629
1	148629
1	148629
1	148787
1	148787
1	148787
1	148787
1	148787
1	148840
1	148840
1	148840
1	148840
1	148998
1	148998
1	148998
1	148998
1	148998
1	148998
1	148998
1	148998
1	148998
1	149051
1	149051
1	149051
1	149051
1	149051
1	149051
1	149051
1	149210
1	149210
1	149210
1	149210
1	149210
1	149263
1	149263
1	149263
1	149263
1	149263
1	149263
1	149263
1	149263
1	149263
1	149263
1	149263
1	149476
1	149476
1	149476
1	149476
1	149476
1	149476
1	149476
1	149476
1	149690
1	149690
1	149690
1	149690
1	149690
1	149690
1	149690
1	149690
1	149690
1	149690
1	149690
1	149690
1	149690
1	149690
1	149743
1	149743
1	149743
1	149904
1	149904
1	149904
1	149904
1	149904
1	149904
1	149904
1	149904
1	149904
1	149904
1	149904
1	149904
1	149957
1	149957
1	149957
1	149957
1	149957
1	149957
1	150118
1	150118
1	150118
1	150118
1	150172
1	150172
1	150172
1	150172
1	150172
1	150333
1	150333
1	150333
1	150387
1	150387
1	150387
1	150387
1	150387
1	150387
1	150387
1	150387
1	150387
1	150387
1	150549
1	150603
1	150603
1	150603
1	150603
1	150603
1	150603
1	150603
1	150603
1	150603
1	150603
1	150603
1	150603
1	150603
1	150820
1	150820
1	150820
1	150820
1	150820
1	150820
1	150874
1	150874
1	151037
1	151037
1	151037
1	151037
1	151037
1	151037
1	151037
1	151037
1	151037
1	151092
1	151092
1	151092
1	151092
1	151255
1	151255
1	151255
1	151255
1	151255
1	151255
1	151255
1	151255
1	151310
1	151310
1	151310
1	151310
1	151310
1	151310
1	151474
1	151474
1	151528
1	151528
1	151528
1	151528
1	151528
1	151528
1	151748
1	151748
1	151748
1	151748
1	151748
1	151748
1	151748
1	151748
1	151748
1	151748
1	151748
1	151748
1	151748
1	151968
1	151968
1	151968
1	151968
1	151968
1	151968
1	151968
1	151968
1	151968
1	151968
1	151968
1	151968
1	151968
1	152023
1	152023
1	152023
1	152188
1	152188
1	152188
1	152188
1	152188
1	152188
1	152188
1	152188
1	152188
1	152188
1	152188
1	152188
1	152243
1	152243
1	152243
1	152409
1	152409
1	152409
1	152409
1	152409
1	152409
1	152465
1	152465
1	152465
1	152465
1	152465
1	152631
1	152631
1	152631
1	152687
1	152687
1	152687
1	152687
1	152687
1	152687
1	152687
1	152687
1	152687
1	152687
1	152687
1	152687
1	152687
1	152687
1	152687
1	152909
1	152909
1	152909
1	152909
1	152909
1	152909
1	152909
1	152909
1	152909
1	152909
1	152909
1	152909
1	152909
1	152909
1	152909
1	152909
1	153133
1	153133
1	153133
1	153133
1	153133
1	153133
1	153133
1	153133
1	153133
1	153133
1	153189
1	153189
1	153357
1	153357
1	153357
1	153357
1	153357
1	153357
1	153357
1	153357
1	153357
1	153357
1	153357
1	153357
1	153357
1	153357
1	153357
1	153413
1	153413
1	153413
1	153581
1	153581
1	153581
1	153581
1	153581
1	153581
1	153638
1	153638
1	153638
1	153638
1	153638
1	153638
1	153807
1	153807
1	153863
1	153863
1	153863
1	153863
1	153863
1	153863
1	153863
1	153863
1	153863
1	153863
1	153863
1	153863
1	153863
1	154089
1	154089
1	154089
1	154089
1	154089
1	154089
1	154089
1	154089
1	154089
1	154089
1	154089
1	154089
1	154316
1	154316
1	154316
1	154316
1	154316
1	154316
1	154316
1	154316
1	154316
1	154316
1	154316
1	154316
1	154316
1	154316
1	154373
1	154543
1	154543
1	154543
1	154543
1	154543
1	154543
1	154543
1	154543
1	154543
1	154543
1	154543
1	154543
1	154543
1	154543
1	154600
1	154600
1	154600
1	154600
1	154600
1	154771
1	154771
1	154771
1	154771
1	154771
1	154771
1	154828
1	154828
1	155000
1	155000
1	155000
1	155000
1	155000
1	155057
1	155057
1	155057
1	155057
1	155057
1	155057
1	155057
1	155057
1	155057
1	155230
1	155230
1	155230
1	155287
1	155287
1	155287
1	155287
1	155287
1	155287
1	155517
1	155517
1	155517
1	155517
1	155517
1	155517
1	155517
1	155517
1	155517
1	155517
1	155517
1	155517
1	155575
1	155748
1	155748
1	155748
1	155748
1	155748
1	155748
1	155748
1	155748
1	155806
1	155806
1	155806
1	155980
1	155980
1	155980
1	155980
1	155980
1	155980
1	155980
1	155980
1	156038
1	156038
1	156038
1	156038
1	156038
1	156038
1	156038
1	156212
1	156212
1	156212
1	156271
1	156271
1	156271
1	156271
1	156446
1	156446
1	156504
1	156504
1	156504
1	156504
1	156504
1	156504
1	156504
1	156504
1	156738
1	156738
1	156738
1	156738
1	156738
1	156738
1	156738
1	156738
1	156738
1	156738
1	156738
1	156738
1	156972
1	156972
1	156972
1	156972
1	156972
1	156972
1	156972
1	156972
1	156972
1	156972
1	156972
1	157031
1	157031
1	157208
1	157208
1	157208
1	157267
1	157267
1	157267
1	157267
1	157267
1	157267
1	157267
1	157444
1	157444
1	157444
1	157444
1	157444
1	157503
1	157503
1	157503
1	157503
1	157503
1	157503
1	157503
1	157681
1	157740
1	157740
1	157740
1	157740
1	157740
1	157740
1	157740
1	157740
1	157740
1	157740
1	157978
1	157978
1	157978
1	157978
1	157978
1	157978
1	157978
1	158216
1	158216
1	158216
1	158216
1	158216
1	158216
1	158216
1	158216
1	158216
1	158216
1	158276
1	158276
1	158276
1	158455
1	158455
1	158455
1	158455
1	158515
1	158515
1	158515
1	158695
1	158695
1	158695
1	158755
1	158755
1	158755
1	158755
1	158755
1	158755
1	158755
1	158755
1	158935
1	158935
1	158996
1	158996
1	158996
1	158996
1	158996
1	158996
1	158996
1	158996
1	158996
1	159237
1	159237
1	159237
1	159237
1	159237
1	159237
1	159237
1	159237
1	159237
1	159237
1	159237
1	159237
1	159237
1	159237
1	159237
1	159237
1	159237
1	159479
1	159479
1	159479
1	159479
1	159479
1	159479
1	159479
1	159479
1	159540
1	159540
1	159722
1	159722
1	159722
1	159722
1	159722
1	159722
1	159783
1	159783
1	159783
1	159783
1	159783
1	159783
1	159783
1	159966
1	159966
1	159966
1	159966
1	159966
1	159966
1	159966
1	160027
1	160027
1	160027
1	160027
1	160210
1	160271
1	160271
1	160271
1	160271
1	160271
1	160271
1	160271
1	160271
1	160271
1	160455
1	160517
1	160517
1	160517
1	160517
1	160517
1	160517
1	160517
1	160517
1	160517
1	160517
1	160517
1	160517
1	160763
1	160763
1	160763
1	160763
1	160763
1	160763
1	160763
1	160763
1	160763
1	160763
1	160825
1	161010
1	161010
1	161010
1	161010
1	161010
1	161010
1	161072
1	161257
1	161257
1	161257
1	161257
1	161257
1	161257
1	161257
1	161257
1	161257
1	161319
1	161319
1	161319
1	161319
1	161506
1	161506
1	161506
1	161506
1	161568
1	161568
1	161568
1	161568
1	161755
1	161755
1	161817
1	161817
1	161817
1	161817
1	161817
1	161817
1	161817
1	161817
1	161817
1	162067
1	162067
1	162067
1	162067
1	162067
1	162067
1	162067
1	162067
1	162067
1	162067
1	162067
1	162067
1	162318
1	162318
1	162318
1	162318
1	162318
1	162318
1	162318
1	162318
1	162318
1	162381
1	162381
1	162381
1	162381
1	162570
1	162570
1	162570
1	162633
1	162633
1	162633
1	162633
1	162633
1	162822
1	162822
1	162822
1	162886
1	162886
1	162886
1	162886
1	162886
1	163076
1	163139
1	163139
1	163139
1	163139
1	163139
1	163139
1	163139
1	163139
1	163139
1	163139
1	163139
1	163139
1	163139
1	163139
1	163393
1	163393
1	163393
1	163393
1	163393
1	163393
1	163393
1	163393
1	163648
1	163712
1	163712
1	163712
1	163712
1	163712
1	163712
1	163904
1	163904
1	163904
1	163904
1	163904
1	163904
1	163904
1	163968
1	163968
1	163968
1	163968
1	163968
1	163968
1	163968
1	163968
1	163968
1	163968
1	164225
1	164225
1	164225
1	164225
1	164418
1	164483
1	164483
1	164483
1	164483
1	164483
1	164483
1	164483
1	164483
1	164483
1	164483
1	164741
1	164741
1	164741
1	164741
1	164741
1	164741
1	164741
1	164741
1	164741
1	165000
1	165000
1	165000
1	165065
1	165260
1	165260
1	165260
1	165260
1	165260
1	165260
1	165260
1	165260
1	165325
1	165325
1	165521
1	165521
1	165521
1	165586
1	165586
1	165586
1	165586
1	165586
1	165848
1	165848
1	165848
1	165848
1	165848
1	165848
1	165848
1	166111
1	166111
1	166111
1	166111
1	166111
1	166111
1	166111
1	166375
1	166375
1	166375
1	166375
1	166375
1	166375
1	166375
1	166375
1	166441
1	166639
1	166639
1	166639
1	166639
1	166639
1	166639
1	166639
1	166639
1	166639
1	166705
1	166705
1	166705
1	166705
1	166705
1	166705
1	166705
1	166705
1	166904
1	166904
1	166904
1	166971
1	167170
1	167237
1	167237
1	167237
1	167237
1	167237
1	167237
1	167237
1	167504
1	167504
1	167504
1	167504
1	167504
1	167504
1	167504
1	167504
1	167504
1	167504
1	167504
1	167772
1	167772
1	167772
1	167772
1	167772
1	167772
1	167772
1	167772
1	167772
1	167839
1	167839
1	168041
1	168041
1	168041
1	168041
1	168108
1	168108
1	168108
1	168108
1	168108
1	168108
1	168108
1	168311
1	168311
1	168311
1	168378
1	168378
1	168378
1	168378
1	168378
1	168649
1	168649
1	168649
1	168649
1	168649
1	168921
1	168921
1	168921
1	168921
1	168921
1	168921
1	168921
1	169193
1	169193
1	169193
1	169193
1	169193
1	169193
1	169193
1	169193
1	169193
1	169193
1	169193
1	169262
1	169262
1	169467
1	169467
1	169467
1	169467
1	169467
1	169467
1	169467
1	169467
1	169467
1	169467
1	169535
1	169535
1	169535
1	169535
1	169741
1	169741
1	169741
1	169741
1	169810
1	169810
1	170016
1	170085
1	170085
1	170085
1	170085
1	170085
1	170085
1	170085
1	170085
1	170085
1	170085
1	170362
1	170362
1	170362
1	170362
1	170362
1	170639
1	170639
1	170639
1	170639
1	170639
1	170639
1	170639
1	170639
1	170639
1	170698
1	170708
1	170708
1	170708
1	170708
1	170917
1	170917
1	170917
1	170917
1	170917
1	170917
1	170987
1	170987
1	170987
1	170987
1	170987
1	171196
1	171196
1	171196
1	171196
1	171196
1	171266
1	171266
1	171266
1	171266
1	171266
1	171266
1	171266
1	171476
1	171476
1	171476
1	171476
1	171546
1	171546
1	171546
1	171546
1	171546
1	171546
1	171546
1	171546
1	171546
1	171757
1	171827
1	171827
1	171827
1	171827
1	171827
1	172109
1	172109
1	172109
1	172109
1	172109
1	172109
1	172180
1	172392
1	172392
1	172392
1	172392
1	172392
1	172392
1	172392
1	172463
1	172676
1	172676
1	172676
1	172676
1	172676
1	172676
1	172676
1	172676
1	172676
1	172676
1	172676
1	172676
1	172707
1	172747
1	172747
1	172747
1	172747
1	172961
1	172961
1	172961
1	172961
1	172961
1	173032
1	173032
1	173032
1	173032
1	173032
1	173032
1	173032
1	173032
1	173032
1	173247
1	173247
1	173318
1	173318
1	173318
1	173318
1	173318
1	173318
1	173318
1	173318
1	173318
1	173318
1	173318
1	173318
1	173318
1	173318
1	173318
1	173605
1	173605
1	173605
1	173605
1	173893
1	173893
1	173893
1	173893
1	173893
1	173893
1	173893
1	173893
1	173893
1	173893
1	173893
1	173893
1	173893
1	173893
1	173965
1	173965
1	173965
1	173965
1	174182
1	174182
1	174182
1	174182
1	174182
1	174182
1	174254
1	174254
1	174254
1	174472
1	174472
1	174472
1	174544
1	174544
1	174544
1	174544
1	174544
1	174544
1	174544
1	174544
1	174544
1	174544
1	174836
1	174836
1	174836
1	174836
1	174836
1	174836
1	174836
1	174836
1	174836
1	175128
1	175128
1	175128
1	175128
1	175128
1	175128
1	175128
1	175201
1	175420
1	175420
1	175420
1	175420
1	175420
1	175420
1	175420
1	175494
1	175714
1	175714
1	175714
1	175714
1	175714
1	175714
1	175714
1	175788
1	175788
1	175788
1	175788
1	175788
1	175788
1	175788
1	176009
1	176009
1	176083
1	176083
1	176083
1	176083
1	176083
1	176083
1	176305
1	176379
1	176379
1	176379
1	176379
1	176379
1	176379
1	176677
1	176677
1	176677
1	176677
1	176677
1	176677
1	176677
1	176677
1	176795
1	176975
1	176975
1	176975
1	176975
1	176975
1	176975
1	176975
1	176975
1	176975
1	176975
1	177050
1	177050
1	177274
1	177274
1	177274
1	177274
1	177274
1	177274
1	177274
1	177274
1	177349
1	177349
1	177349
1	177349
1	177349
1	177437
1	177574
1	177649
1	177649
1	177951
1	177951
1	177951
1	177951
1	177951
1	177951
1	178253
1	178253
1	178253
1	178253
1	178253
1	178253
1	178253
1	178557
1	178557
1	178557
1	178862
1	178862
1	179167
1	179167
1	179167
1	179167
1	179244
1	179244
1	179474
1	179551
1	179551
1	179551
1	179551
1	179551
1	179551
1	179551
1	179859
1	179859
1	179859
1	179859
1	179859
1	180168
1	180168
1	180168
1	180168
1	180168
1	180245
1	180245
1	180245
1	180478
1	180478
1	180478
1	180478
1	180478
1	180478
1	180478
1	180789
1	180867
1	180867
1	180867
1	181101
1	181179
1	181179
1	181179
1	181493
1	181493
1	181493
1	181493
1	181808
1	181808
1	181808
1	182123
1	182123
1	182123
1	182123
1	182123
1	182203
1	182440
1	182440
1	182440
1	182440
1	182520
1	182758
1	182758
1	182758
1	182838
1	182838
1	182838
1	182838
1	183157
1	183157
1	183157
1	183157
1	183478
1	183478
1	183478
1	183799
1	183799
1	183799
1	183880
1	184122
1	184203
1	184203
1	184446
1	184527
1	184527
1	184527
1	184771
1	184853
1	184853
1	184853
1	184853
1	184853
1	184853
1	184853
1	184853
1	185179
1	185179
1	185179
1	185179
1	185507
1	185589
1	185835
1	185918
1	185918
1	185918
1	186165
1	186165
1	186248
1	186248
1	186248
1	186248
1	186579
1	186579
1	186912
1	186912
1	186912
1	186912
1	187246
1	187246
1	187246
1	187246
1	187246
1	187246
1	187246
1	187329
1	187581
1	187581
1	187665
1	187917
1	188001
1	188339
1	188339
1	188678
1	188678
1	189018
1	189018
1	189018
1	189359
1	189359
1	189445
1	189702
1	190045
1	190132
1	190132
1	190132
1	190477
1	190824
1	190824
1	191172
1	191172
1	191172
1	191172
1	191172
1	191259
1	191259
1	191521
1	191521
1	191521
1	191608
1	191959
1	191959
1	191959
1	191959
1	191959
1	192311
1	192311
1	192664
1	192664
1	193019
1	193019
1	193019
1	193375
1	193732
1	193822
1	193822
1	193822
1	193822
1	194181
1	194181
1	194181
1	194181
1	194541
1	194541
1	194541
1	194541
1	194903
1	194993
1	195356
1	195721
1	195721
1	196087
1	196087
1	196087
1	196087
1	196455
1	196455
1	196455
1	196455
1	196823
1	196823
1	196916
1	197193
1	197193
1	197286
1	197565
1	197658
1	197658
1	197658
1	197658
1	198031
1	198406
1	198406
1	198406
1	198406
1	198406
1	198406
1	198782
1	198782
1	199160
1	199160
1	199160
1	199254
1	199539
1	199539
1	199634
1	199634
1	200014
1	200014
1	200397
1	200780
1	200780
1	200780
1	200877
1	200877
1	201166
1	201166
1	201166
1	201649
1	202038
1	202428
1	202428
1	202428
1	202428
1	202428
1	202428
1	202819
1	202819
1	202819
1	202819
1	202917
1	203212
1	203212
1	203311
1	203311
1	203607
1	203607
1	204102
1	204102
1	204102
1	204500
1	204500
1	204900
1	204900
1	204900
1	204900
1	205402
1	205402
1	205402
1	205704
1	205704
1	205704
1	206108
1	206108
1	206108
1	206210
1	206210
1	206616
1	207024
1	207024
1	207024
1	207024
1	207024
1	207433
1	207536
1	207536
1	207845
1	207845
1	207948
1	207948
1	208257
1	208257
1	208361
1	208361
1	208776
1	209192
1	209192
1	209192
1	209192
1	209297
1	209610
1	209610
1	209715
1	209715
1	210030
1	210135
1	210135
1	210135
1	210452
1	210557
1	210557
1	210557
1	210557
1	211406
1	211406
1	211513
1	211834
1	211834
1	211834
1	211834
1	211941
1	211941
1	212262
1	212262
1	212262
1	212262
1	212370
1	212370
1	212370
1	212370
1	212693
1	212801
1	212801
1	212801
1	212801
1	213234
1	213234
1	213234
1	213668
1	213668
1	213777
1	214104
1	214214
1	214542
1	214652
1	214652
1	214982
1	214982
1	215093
1	215424
1	215424
1	215535
1	215535
1	215535
1	215979
1	216424
1	216424
1	216424
1	216424
1	216424
1	216872
1	216872
1	216872
1	217321
1	217321
1	217434
1	217773
1	217773
1	217886
1	217886
1	217886
1	217886
1	218340
1	218340
1	218340
1	218340
1	218795
1	218795
1	218909
1	219253
1	219253
1	219253
1	219253
1	219367
1	219712
1	219712
1	220289
1	220289
1	221219
1	221219
1	221219
1	221335
1	221686
1	221686
1	221686
1	221803
1	221803
1	221803
1	221803
1	222156
1	222156
1	222156
1	222156
1	222156
1	222628
1	222746
1	222746
1	223220
1	223220
1	224174
1	224174
1	224174
1	224775
1	224775
1	224775
1	225258
1	225258
1	225258
1	225258
1	225258
1	225258
1	225258
1	225258
1	225743
1	225743
1	226230
1	226230
1	226230
1	226230
1	226230
1	226719
1	226719
1	226842
1	227210
1	227210
1	227210
1	227210
1	227210
1	227334
1	227334
1	227334
1	227704
1	227827
1	228324
1	228324
1	228324
1	228324
1	228822
1	228822
1	228947
1	229322
1	229322
1	229322
1	229448
1	229951
1	230330
1	230456
1	230964
1	231474
1	231474
1	231986
1	232629
1	232629
1	232629
1	233017
1	233017
1	233666
1	234188
1	234188
1	234188
1	234188
1	234319
1	234712
1	234712
1	235239
1	235371
1	235371
1	235768
1	235900
1	236966
1	236966
1	236966
1	237503
1	237503
1	237503
1	237638
1	237638
1	238584
1	238584
1	239264
1	239264
1	239264
1	240361
1	241052
1	241052
1	241052
1	241468
1	241607
1	242726
1	243289
1	243855
1	243997
1	246869
1	247452
1	250556
1	250706
1	251910
1	253739
1	255750
1	257004
1	258429
1	261165
1	262472
1	269359
1	270252
1	277035
1	282445
1	282949
1	288599
1	289862
1	290666
1	292490
1	293384
1	294958
1	295790
1	299379
1	303935
1	305040
1	314416
1	318095
1	326659
1	326659
1	333146
1	334474
1	336622
1	350918
1	362202
1	369217
1	378889
1	385797
1	386216
1	412554
1	413232
1	423667
1	473933
1	499917
1	1016801
1	1613194
1	2097152
